Language,,,Hup,,,Dâw,,,Nadeb,,,Yuhup,,,,,,
Language family,,,Nadahup,,,Nadahup,,,Nadahup,,,Nadahup,,,,,,
Person entering data,,,P. Epps,All info from Epps 2008,,AP,,,AP,,,AP,,,,,,
,,,,,,,,,,,,,,,,,,
,,,,,,,,,,,,,,,,,,
Feature,Definition/explanation,,y[es]-n[o]-n/a-no info,source and page nos,comments,y[es]-n[o]-n/a-no info,source and page nos,comments,y[es]-n[o]-n/a-no info,source and page nos,comments,y[es]-n[o]-n/a-no info,source and page nos,comments,,,,
,,,,,,,,,,,,,,,,,,
SEGMENTAL,,,,,,,,,,,,,,,,,,
,,,,,,,,,,,,,,,,,,
pre- or post-nasalization of stops,most likely allophonic,,y,Epps 2008:page?,post-nasalization most salient,no,"S. Martins (2004), p. 16",,no,"V. Martins, 2005, p. 55",,yes,"V. Martins, 2005, p. 79",post-nasalization,,,,
glottalized/ejective consonants,phonemic contrast,,y,,voicing is neutralized,yes,"S. Martins (2004), p. 16","Palatal ejective, glottalized nasals",no,"V. Martins, 2005, p. 55",,yes,"V. Martins, 2005, p. 79",,,,,
palatalized stops,phonemic contrast,,y,,,no,"S. Martins (2004), p. 16",,no,"V. Martins, 2005, p. 55",,no,"V. Martins, 2005, p. 79",,,,,
phonemic vowel length,,,n,,,no,"S. Martins (2004), p. 16",,no,"V. Martins, 2005, p. 55",,no,"V. Martins, 2005, p. 79",,,,,
phonemic glottalization/laryngealization of vowels,,,n,,allophonic laryngealization following glottalized consonants,no,"S. Martins (2004), p. 16",,no,"V. Martins, 2005, p. 55",,no,"V. Martins, 2005, p. 79",,,,,
,,,,,,,,,,,,,,,,,,
SUPERSEGMENTAL ,,,,,,,,,,,,,,,,,,
,,,,,,,,,,,,,,,,,,
contrastive tones (number)        ,,,2,,,yes,"S. Martins (2004), p. 78",,no,"V. Martins, 2005",,yes,"V. Martins, 2005, p. 78",raising and falling,,,,
contrastive stress        ,,,n,,,no,S. Martins (2004),,no (check),"V. Martins, 2005",,no (check),"V. Martins, 2005",,,,,
nasalization property of morpheme or syllable,vs. nasalization as property of segments,,y,,,no info,S. Martins (2004),,no info,"V. Martins, 2005",,no,"V. Martins, 2005",,,,,
nasal spreading across some morpheme boundaries,do some affixes or other morphemes take the nasal/oral properties of the root they attach to?,,y,,,no info,S. Martins (2004),,no info,"V. Martins, 2005",,yes,"Brandao, 1999, p. 333",,,,,
,,,,,,,,,,,,,,,,,,
SYLLABLE STRUCTURE,,,,,,,,,,,,,,,,,,
,,,,,,,,,,,,,,,,,,
complex onsets,(onset consists of more than one consonant phoneme),,n,,"complex segments exist, but no clusters of segments",no,S. Martins (2004),,no,"V. Martins, 2005",,no,"V. Martins, 2005",,,,,
no codas        ,*(C)VC,,n,,codas are preferred,no,S. Martins (2004),,no,"V. Martins, 2005",,no,"V. Martins, 2005",,,,,
glide codas        ,e.g. /y/ or /w/ as coda consonants,,y,,,yes,S. Martins (2004),,yes,"V. Martins, 2005",,yes,"V. Martins, 2005",,,,,
liquid codas        ,e.g. /r/ or /l/ as coda consonants,,n,,no liquid phonemes,yes,S. Martins (2004),,no,"V. Martins, 2005",,no info,"V. Martins, 2005",,,,,
nasal codas        ,(C)VN,,n/a,,nasal segments are allophones of voiced stops,yes,S. Martins (2004),,yes,"Barbosa, 2005, p. 43",,n/a,"V. Martins, 2005",,,,,
voiceless obstruent codas         ,,,y,,,yes,S. Martins (2004),,yes,"V. Martins, 2005",,yes,"V. Martins, 2005",,,,,
voiced obstruent codas        ,,,y,,post-nasalized,yes,S. Martins (2004),,yes,"V. Martins, 2005",,yes,"V. Martins, 2005",,,,,
h coda        ,,,y,,,yes,S. Martins (2004),,no,"V. Martins, 2005",,yes,"V. Martins, 2005",,,,,
glottal stop coda,,,y,,,yes,S. Martins (2004),,yes,"V. Martins, 2005",,yes,"V. Martins, 2005",,,,,
word-final coda required,,,y,,,no,S. Martins (2004),,no info,"V. Martins, 2005",,no,"V. Martins, 2005",,,,,
,,,,,,,,,,,,,,,,,,
PHONOLOGICAL PROCESSES,,,,,,,,,,,,,,,,,,
,,,,,,,,,,,,,,,,,,
systematic consonant epenthesis        ,,,n,,,no info,S. Martins (2004),,no info,"V. Martins, 2005",,no info,"V. Martins, 2005",,,,,
systematic vowel epenthesis        ,,,n,,,no info,S. Martins (2004),,no info,"V. Martins, 2005",,no info,"Brandao, 1999, p. 341",,,,,
vowel harmony ,,,y,,"for certain suffixes only, and within words that are historically bi-morphemic but relexicalized.",yes,S. Martins (2004),,no,"V. Martins, 2005",,yes,"V. Martins, 2005",,,,,
,,,,,,,,,,,,,,,,,,
MORPHOLOGY,,,,,,,,,,,,,,,,,,
,,,,,,,,,,,,,,,,,,
language has suffixes,,,y,,,,,,,,,,,,,,,
language has prefixes,,,y,,,,,,,,,,,,,,,
number of prefixes is roughly equal to or greater than number of suffixes,,,n,,,,,,,,,,,,,,,
,,,,,,,,,,,,,,,,,,
DERIVATIONAL,,,,,,,,,,,,,,,,,,
,,,,,,,,,,,,,,,,,,
verbal derivation exclusively suffixal,derivational morphology on verbs is only suffixal,,n,,,,,,,,,,,,,,,
verbal derivation exclusively prefixal,derivational morphology on verbs is only prefixal,,n,,,,,,,,,,,,,,,
,,,,,,,,,,,,,,,,,,
ENDOCENTRIC,,,,,,,,,,,,,,,,,,
,,,,,,,,,,,,,,,,,,
APPLICATIVES ,,,,,,,,,,,,,,,,,,
applicatives  (number)      ,number of applicatives in the language,,1,,,,,,,,,,,,,,,
benefactive applicative        ,applicative adds a beneficiary object argument to the verb ,,y,,,,,,,,,,,,,,,
malefactive applicative,applicative adds a negatively-affected object argument to the verb; may be same as benefactive applic ,,y,,,,,,,,,,,,,,,
instrumental applicative        ,applicative adds an instrumental object argument to the verb ,,n,,,,,,,,,,,,,,,
goal applicative        ,applicative adds a goal object argument to the verb ,,n,,,,,,,,,,,,,,,
transitivizer affix (adds valency),derives a transitive verb from an intransitive verb,,n,,,,,,,,,,,,,,,
other applicative(s):specify,any other applicatives which are not detailed above,,n,,,,,,,,,,,,,,,
,,,,,,,,,,,,,,,,,,
CAUSATIVES,,,,,,,,,,,,,,,,,,
morphological causatives (number)        ,"for causatives formed via serial/compound verb constructions, see analytical causative (below)",,0,,causatives all involve verb compounding,,,,,,,,,,,,,
causative prefix        ,causative is morphological and is attached before the root of the verb,,n,,,,,,,,,,,,,,,
causative suffix        ,causative is morphological and is attached after the root of the verb,,n,,,,,,,,,,,,,,,
causative circumfix        ,"causative is morphological and is in two parts, one which occurs before the root of the verb and one which occurs after the root of the verb",,n,,,,,,,,,,,,,,,
causative 'make do by proxy' (dedicated),"indicates that the causer does not directly cause the action of the verb to be realized, but does so by inducing someone else to carry out the action, e.g. 'John had the house painted.'",,n,,,,,,,,,,,,,,,
sociative' causative (dedicated),indicates that causer participates in event,,y,,involve compound w/ root 'stand',,,,,,,,,,,,,
,,,,,,,,,,,,,,,,,,
endocentric verbal reversative derivation        ,"Derives a verb which indicates the reversal of the action denoted by the underived verb, e.g. 'zip' and 'un-zip'.",,n,,,,,,,,,,,,,,,
verbal desiderative        ,"indicates that the subject desires to carry out the action denoted by the verb (distinct from verb 'want', but may be grammaticalized from it)",,y,,want' as semi-grammaticalized auxiliary,,,,,,,,,,,,,
,,,,,,,,,,,,,,,,,,
VALENCY DECREASING MORPHOLOGY,,,,,,,,,,,,,,,,,,
morphological passive        ,Passive voice is formed by a morpheme attached to the verb stem; the object of the active voice verb is promoted to subject in the passive voice. ,,y,,,,,,,,,,,,,,,
morphological reflexive (dedicated)        ,verb becomes reflexive through use of reflexive morpheme attached to verb. This morpheme is used only to mean reflexive. ,,y,,,,,,,,,,,,,,,
morphological reciprocal (dedicated)        ,verb becomes reciprocal through use of reciprocal morpheme attached to the verb root. This morpheme is only used to mean reciprocal,,y,,,,,,,,,,,,,,,
reciprocal/reflexive (same morpheme)        ,verb becomes reciprocal or reflexive through use of a morpheme that means either reciprocal or reflexive which attaches to the root of the verb,,y,,very marginal; reflex morpheme can occasionally have a reciprocal interpretation,,,,,,,,,,,,,
Intransitivizer ,derives an intransitive verb from a transitive one,,n,,,,,,,,,,,,,,,
,,,,,,,,,,,,,,,,,,
ALIENABLE AND INALIENABLE,,,,,,,,,,,,,,,,,,
unpossessed derivational affix for inalienable nouns        ,An inalienable noun that is in an unpossessed state must have a derivational affix,,n,,,,,,,,,,,,,,,
possessive suffix with possessed alienable NPs        ,A possessed alienable noun phrase contains a possessive suffix,,y,,,,,,,,,,,,,,,
Default possessive marking on unpossessed inalienable nouns,An inalienable noun carries possessive marking regardless of whether it is possessed or unpossessed,,y,,default 3rd person pronoun (proclitic),,,,,,,,,,,,,
inalienable possession of kin terms,,,y,,,,,,,,,,,,,,,
inalienable possession of body parts (human/animal),,,y,,animal only,,,,,,,,,,,,,
inalienable possession of other nouns (specify),,,y,,"plant parts, parts of a whole, eggs, a few other things",,,,,,,,,,,,,
generic human nouns are obligatorily bound/possessed,"human nouns must co-occur with another noun (e.g. Hup-man, NonIndian-woman, but *man)",,y,,typically occur with default 3rd person PN,,,,,,,,,,,,,
,,,,,,,,,,,,,,,,,,
COMPOUNDING AND SERIALIZATION,,,,,,,,,,,,,,,,,,
productive NN compounding        ,Noun compounds created from two noun phrases are common and systematically produced,,y,,,,,,,,,,,,,,,
productive VV serialization (without compounding),verb roots can be combined in a single predicate without markers of subordination (distinct from subordinating construction) or distinct inflection,,n,,,,,,,,,,,,,,,
productive VV compounding,serial verb constructions involve chaining of roots together in one morphophonological word,,y,,,,,,,,,,,,,,,
,,,,,,,,,,,,,,,,,,
NOUN INCORPORATION,,,,,,,,,,,,,,,,,,
noun incorporation into verbs        ,verb contains nominal segment,,y,,not really productive,,,,,,,,,,,,,
noun incorporation into adjectives      ,adjective contains nominal segment,,n,,,,,,,,,,,,,,,
pre-root noun incorporation        ,nominal segment of adjective or verb occurs before the root adjective or verb,,y,,,,,,,,,,,,,,,
post-root noun incorporation        ,nominal segment of adjective or verb occurs after the root adjective or verb,,n,,,,,,,,,,,,,,,
incorporated element is possessed N/body part,nominal segment of adjective or verb can only be a possessed noun or a body part,,y,,except in reciprocal constructions,,,,,,,,,,,,,
incorporation in intransitives        ,intransitive verb roots can combine with a nominal segment,,n,,,,,,,,,,,,,,,
incorporation of adverbs,verbs can contain adverbial segments,,n,,,,,,,,,,,,,,,
incorporation of adpositions on verbs,verbs can contain adpositions,,n,,,,,,,,,,,,,,,
,,,,,,,,,,,,,,,,,,
EXOCENTRIC,,,,,,,,,,,,,,,,,,
,,,,,,,,,,,,,,,,,,
NOMINALIZATION,,,,,,,,,,,,,,,,,,
single general deverbal nominalizer        ,There exists in the language only one morpheme that derives a noun from a verb,,n,,,,,,,,,,,,,,,
agentive/subject nominalizer        ,A morpheme which derives an agent or subject from a verb,,y,,"classifier, depends on verb and classifier used",,,,,,,,,,,,,
instrumental nominalizer        ,A morpheme which derives an instrument from a verb,,y,,"classifier, depends on verb and classifier used",,,,,,,,,,,,,
event nominalizer        ,A morpheme which derives an event from a verb,,y,,,,,,,,,,,,,,,
patientive/object nominalizer,A morpheme which derives a patient or object from a verb,,n,,,,,,,,,,,,,,,
locative nominalizer,A morpheme which derives a location from a verb,,n,,,,,,,,,,,,,,,
other nominalizers (specify),Any other nominalizers which are not detailed above,,n,,,,,,,,,,,,,,,
,,,,,,,,,,,,,,,,,,
VERBALIZATION,,,,,,,,,,,,,,,,,,
deadjectival verbalizer,A morpheme which derives a verb from an adjective,,n,,"no specific morpheme, but TAM inflection may be added to root",,,,,,,,,,,,,
denominal verbalizer,A morpheme which derives a verb from a noun,,n,,"no specific morpheme, but TAM inflection may be added to root",,,,,,,,,,,,,
,,,,,,,,,,,,,,,,,,
ADJECTIVALIZATION,,,,,,,,,,,,,,,,,,
"denominal adjectival derivation, neutral         ","A morpheme which derives an adjective from a noun. The result is neutral (not privative, not attributive) ",,n,,,,,,,,,,,,,,,
privative denominal adjectival derivation        ,"A morpheme which derives an adjective from a noun. The result is an adjective which means that the noun which it modifies lacks the original noun, e.g. English 'fear' and 'fearless'",,n,,,,,,,,,,,,,,,
attributive denominal adjectival derivation        ,"A morpheme which derives an adjective from a noun. The result is an adjective which means that the noun which it modifies has the original noun, e.g. English 'fear' and 'fearful'",,n,,,,,,,,,,,,,,,
,,,,,,,,,,,,,,,,,,
,,,,,,,,,,,,,,,,,,
INFLECTIONAL,,,,,,,,,,,,,,,,,,
,,,,,,,,,,,,,,,,,,
VERBAL,,,,,,,,,,,,,,,,,,
verbal inflection exclusively suffixal,inflectional morphology on verbs only occurs as suffixes,,y,,,,,,,,,,,,,,,
verbal inflection exclusively prefixal,inflectional morphology on verbs only occurs as prefixes,,n,,,,,,,,,,,,,,,
,,,,,,,,,,,,,,,,,,
TENSE/ASPECT/MOOD (TAM),,,,,,,,,,,,,,,,,,
tense marking on verbs        ,tense marking on verbs exists,,y,,,,,,,,,,,,,,,
tense obligatory       ,,,y,,future only,,,,,,,,,,,,,
dedicated future or non-past marker(s),,,y,,,,,,,,,,,,,,,
dedicated past marker(s),,,n,,,,,,,,,,,,,,,
recent/distant past distinction,,,y,,realized in optional tense-related contrast particles,,,,,,,,,,,,,
other tense values (specify),,,n,,,,,,,,,,,,,,,
reality status marking on verbs        ,dedicated morpheme(s) for realis/irrealis 'actualized/unactualized events',,n,,,,,,,,,,,,,,,
reality status obligatory        ,obligatory on verb,,n/a,,,,,,,,,,,,,,,
aspect marking on verbs        ,temporal flow' ex: perfective vs imperfective ,,y,,,,,,,,,,,,,,,
aspect marking obligatory        ,aspect obligatory on verbs,,n,,"not easy to answer, since default 'no-aspect' declarative suffix is the only aspect-less alternative",,,,,,,,,,,,,
verbal frustrative        ,modal expressing frustration,,y,,,,,,,,,,,,,,,
verbal habitual        ,modal expressing habituality,,y,,,,,,,,,,,,,,,
verbal imminent/inchoative marker,modal expressing iminent/future impending events,,y,,,,,,,,,,,,,,,
verbal hypothetical marker,modal expressing hypothesis,,y,,not strictly verbal,,,,,,,,,,,,,
Marking of expected/unexpected action or result,inflectional marking of expected/unexpected,,n,,,,,,,,,,,,,,,
Marking of habilitative (capacity to do something),inflectional marking of capacity to do something,,n,,,,,,,,,,,,,,,
,,,,,,,,,,,,,,,,,,
affect markers (in notes mark whether positive or negative),mark emotion/affect inflectionally,,n,,,,,,,,,,,,,,,
social interaction markers (in notes indicate type of interaction),"inflectional marker to indicate activity done in cooperation, independently, etc.",,y,,"act in cooperation', also independently?",,,,,,,,,,,,,
,,,,,,,,,,,,,,,,,,
DIRECTIONAL,,,,,,,,,,,,,,,,,,
verbal ablative directional        ,marker expressing motion away from something ,,n,,,,,,,,,,,,,,,
verbal adlative direction        ,marker expressing motion towards something ,,n,,,,,,,,,,,,,,,
verbal regressive or returnative directional        ,,,y,,go do V and return',,,,,,,,,,,,,
,,,,,,,,,,,,,,,,,,
PLURACTIONALITY,,,,,,,,,,,,,,,,,,
verbal iterative,marks repetition,,y,,,,,,,,,,,,,,,
verbal distributive        ,"Indicates that the action of the predicate is realized in multiple places, multiple times or both",,y,,,,,,,,,,,,,,,
,,,,,,,,,,,,,,,,,,
EVIDENTIAL,,,,,,,,,,,,,,,,,,
number of marked evidential distinctions,,,4,,,,,,,,,,,,,,,
grammaticalized reportive        ,"indicates speaker is not responsible for veracicty of statement, merely reporting; 'allegedly'",,y,,,,,,,,,,,,,,,
grammaticalized quotative        ,indicate presence of adjacent representation of repeated discourse,,n,,,,,,,,,,,,,,,
grammaticalized nonvisual,"indicates information has been sensed firsthand but not visually (usually heard; also smelled, tasted, felt)",,y,,,,,,,,,,,,,,,
grammaticalized inferential        ,indicates information has been inferred,,y,,2 different forms,,,,,,,,,,,,,
grammaticalized visual        ,indicates information has been witnessed visually- indicate only if an overt marker,,n,,unmarked category,,,,,,,,,,,,,
other (specify in notes),,,n,,,,,,,,,,,,,,,
,,,,,,,,,,,,,,,,,,
MODAL,,,,,,,,,,,,,,,,,,
dedicated imperative morpheme or verb form        ,single morpheme used to signal imperative (command) mood,,y,,,,,,,,,,,,,,,
dedicated prohibitive morpheme        ,single morpheme used to signal prohibitive mood (negative command; 'don't do something'),,n,,but does require a distinct neg imp construction type,,,,,,,,,,,,,
polite imperative morpheme        ,distinct morpheme for polite imperative constructions (specify if it has other functions in the language),,n,,but polite imperatives often involve applicative and/or perfective aspect markers,,,,,,,,,,,,,
hortative morpheme        ,as opposed to imperative; the person in control of desired state of affairs is not the adressee; ex: 'Let's sing' / 'Let him sing',,y,,different for 1pl and 3rd person,,,,,,,,,,,,,
apprehensive construction,single morpheme or verb form to mean '(be careful lest) X happens',,y,,,,,,,,,,,,,,,
,,,,,,,,,,,,,,,,,,
VERBAL CROSS REFERENCE MARKER (VCRM),,,,,,,,,,,,,,,,,,
language has VCRMs,verb agrees (via person marking affixes) with core arguments,,n,,,,,,,,,,,,,,,
3rd person VCRMs code for gender        ,distinct 3rd person VCRMS for different genders,,n/a,,,,,,,,,,,,,,,
number marked separately from VCRMs for some persons        ,number not encoded in VCRM but seperate sometimes,,n/a,,,,,,,,,,,,,,,
1st person plural inclusive/exclusive distinction (VCRM)        ,we inclusive- us and you is distinct form we exclusive- us and not you,,n/a,,,,,,,,,,,,,,,
3rd person zero marking subject (VCRM)           ,"expected 3rd subject VCRM morph, but not surface realized",,n/a,,,,,,,,,,,,,,,
3rd person zero marking object (VCRM)          ,"expected 3rd object VCRM morph, but not surface realized",,n/a,,,,,,,,,,,,,,,
2nd person plural (VCRM)           ,distinct VCRM for 'you guys',,n/a,,,,,,,,,,,,,,,
3rd person plural (VCRM)           ,distinct VCRM for 'them',,n/a,,,,,,,,,,,,,,,
subject VCRMs only        ,no object VRCMs,,n/a,,,,,,,,,,,,,,,
subject and object VCRMs        ,both subject VCRMs and object VCRMs exist,,n/a,,,,,,,,,,,,,,,
"VCRM alignment (e.g. nom-acc, split erg, etc.)",VCRMs align as in case marking?,,n/a,,,,,,,,,,,,,,,
Possessive markers same as VCRM subject markers,same morphemes used for possessive markers as for VCRMs,,n/a,,,,,,,,,,,,,,,
,,,,,,,,,,,,,,,,,,
PRONOUNS,,,,,,,,,,,,,,,,,,
Free pronouns show same paradigmatic structure as VCRMs,if VCRMs exist,,n/a,,,,,,,,,,,,,,,
Free pronouns include VCRM ,,,n/a,,,,,,,,,,,,,,,
Free pronouns formed by VCRM + common element,,,n/a,,,,,,,,,,,,,,,
Plural free pronouns formed by singular free pronoun + PL,,,n,,,,,,,,,,,,,,,
third person pronouns used as proximate demonstratives ,,,n,,,,,,,,,,,,,,,
third person pronouns used as definite articles w/ nouns,,,n,,,,,,,,,,,,,,,
same pronoun form for subject and object ,"I.e. same except for case marker; no suppletive forms (if only some suppletion, indicate which forms)",,y,,,,,,,,,,,,,,,
reflexive pronouns (exist)        ,"e.g. English 'himself', Spanish 'se'; distinct form(s) from basic (non-reflexive) PNs; distinct from reflexive verbal affix ",,n,,,,,,,,,,,,,,,
,,,,,,,,,,,,,,,,,,
NOMINAL,,,,,,,,,,,,,,,,,,
obligatory marking of gender on animates ,"masc, fem, neuter",,n,,optionally specified for humans,,,,,,,,,,,,,
classification by gender for inanimates,,,n,,,,,,,,,,,,,,,
other noun classes (number),"animate/inanimate, human/non-human",,0,,,,,,,,,,,,,,,
Classifiers (approx number),,,y,,approx 10; marginally grammaticalized,,,,,,,,,,,,,
language has 'repeater' classifiers,"if no appropriate classifier exists, noun itself (or some variant) can occur in classifier slot",,y,,,,,,,,,,,,,,,
distinct numeral classifiers         ,special classifier forms that occur only with numerals,,n,,,,,,,,,,,,,,,
classifiers may appear with numerals        ,but are NOT a distinct set of numeral classifiers,,y,,,,,,,,,,,,,,,
classifiers used as derivational suffixes to derive nouns,e.g. 'dig-SHAFT' 'digging stick',,y,,,,,,,,,,,,,,,
classifiers used on demonstratives,,,y,,,,,,,,,,,,,,,
classifiers used on postpositions/prepositions,,,n,,,,,,,,,,,,,,,
classification by shape/function for inanimates,,,y,,,,,,,,,,,,,,,
classification by shape for animates ,,,n,,,,,,,,,,,,,,,
other general bases for classification,"besides gender, animacy, shape, function (indicate briefly in notes)",,n,,,,,,,,,,,,,,,
,,,,,,,,,,,,,,,,,,
case marking of core grammatical relations on core referential NPs        ,,,y,,,,,,,,,,,,,,,
case marking of core GRs on core pronouns,"subjects, objects, beneficiaries/recipients",,y,,,,,,,,,,,,,,,
case marking of GRs on oblique referential NPs,,,y,,,,,,,,,,,,,,,
case marking of GRs on oblique pronouns, ,,y,,,,,,,,,,,,,,,
,,,,,,,,,,,,,,,,,,
number of distinct oblique case markers,,,1,,"locative, instrumental, comitative, adlative, ablative functions",,,,,,,,,,,,,
instrumental+comitative case,,,y,,,,,,,,,,,,,,,
dedicated instrumental case,,,n,,,,,,,,,,,,,,,
dedicated comitative (associative) case,,,y,,,,,,,,,,,,,,,
locative case,,,y,,,,,,,,,,,,,,,
adlative (allative) case,movement toward,,y,,,,,,,,,,,,,,,
ablative case,movement away,,y,,,,,,,,,,,,,,,
vocative case,special case form for calling/addressing someone,,n,,but vocative kin term forms exist,,,,,,,,,,,,,
genitive case,"possessive case marker on noun (affix on noun and part of a case paradigm, whereas other possessive morphemes may be free-standing)",,n,,,,,,,,,,,,,,,
other cases (specify),,,n,,,,,,,,,,,,,,,
,,,,,,,,,,,,,,,,,,
nominal diminutive         ,small size; can also indicate affect,,y,,,,,,,,,,,,,,,
nominal augmentative        ,large size; can also indicate affect,,n,,form derived from 'big' is exclusively affectual,,,,,,,,,,,,,
nominal generic plural affix        ,,,y,,,,,,,,,,,,,,,
nominal number marking dependent on animacy (e.g. pronoun/human/animal vs. inanimate),,,y,,animates/pronouns/demonstratives only,,,,,,,,,,,,,
nominal associative/collective plural affix        ,"e.g. 'John and his associates', 'John and them'",,y,,,,,,,,,,,,,,,
nominal human plural (dedicated)       ,,,n,,,,,,,,,,,,,,,
nominal dual,grammatical form on noun indicating two (specifically),,n,,,,,,,,,,,,,,,
nominal paucal        ,indicating a few ,,n,,,,,,,,,,,,,,,
nominal tense and/or aspect       ,,,y,,"verbal perfective, inchoative markers used with nouns",,,,,,,,,,,,,
,,,,,,,,,,,,,,,,,,
DEMONSTRATIVES,,,,,,,,,,,,,,,,,,
plural/singular marking on demonstratives,,,y,,,,,,,,,,,,,,,
animate/inanimate marking on demonstratives        ,,,y,,for plural forms only,,,,,,,,,,,,,
human/non-human marking on demonstrative        ,,,n,,,,,,,,,,,,,,,
masculine/feminine marking on demonstratives        ,,,n,,masc/fem classifiers may be used with adult humans,,,,,,,,,,,,,
two term demonstrative system,,,n,,,,,,,,,,,,,,,
three term demonstrative system,,,n,,,,,,,,,,,,,,,
four or more term demonstrative system (specify number of distinct terms [roots]),,,y,,4 - paradigm includes 'other',,,,,,,,,,,,,
,,,,,,,,,,,,,,,,,,
NUMERALS,,,,,,,,,,,,,,,,,,
animate/inanimate marking on numerals        ,,,n,,,,,,,,,,,,,,,
human/non-human marking on numerals        ,morphological marking on numeral terms themselves ,,n,,,,,,,,,,,,,,,
masculine/feminine marking on numerals        ,,,n,,masc/fem classifiers may be used with adult humans,,,,,,,,,,,,,
,,,,,,,,,,,,,,,,,,
REDUPLICATION,,,,,,,,,,,,,,,,,,
productive reduplication        ,,,y,,verbs only; nouns unproductive,,,,,,,,,,,,,
reduplicative template: describe,,,repeated CV[C] of first syllable prefixed to root,,,,,,,,,,,,,,,
,,,,,,,,,,,,,,,,,,
SYNTAX,,,,,,,,,,,,,,,,,,
,,,,,,,,,,,,,,,,,,
PHRASAL,,,,,,,,,,,,,,,,,,
,,,,,,,,,,,,,,,,,,
ADPOSITIONS        ,,,,,,,,,,,,,,,,,,
no adpositions        ,neither prepositions nor postpostions exist in language,,n,,,,,,,,,,,,,,,
prepositions (exist)        ,,,n,,only example is apparently at Port loan ,,,,,,,,,,,,,
postpositions (exist)        ,,,y,,,,,,,,,,,,,,,
1 adposition        ,exactly one adposition exists ,,n,,,,,,,,,,,,,,,
>1 adposition  (number) ,more than one adposition exists,,y,,approx 20,,,,,,,,,,,,,
adpositions take VCRMs        ,VCRMs can attach affixally to adpositions,,n,,,,,,,,,,,,,,,
adpositions take free pronouns        ,free pronouns attach or appear near adpositions,,y,,indicate position relative to pronominal referent; e.g. 'inside him',,,,,,,,,,,,,
,,,,,,,,,,,,,,,,,,
ADJECTIVES,,,,,,,,,,,,,,,,,,
Underived adjectives exist,as opposed to 'derived' which have counterparts in other word classes,,y,,,,,,,,,,,,,,,
approximate number of underived adjectives if <50,,,20,,,,,,,,,,,,,,,
Underived adjectives >50,,,n,,,,,,,,,,,,,,,
prenominal adjective        ,adjective precedes the noun,,n,,,,,,,,,,,,,,,
postnominal adjective        ,adjective follows the noun,,y,,,,,,,,,,,,,,,
prenominal quantifier        ,quantifier precedes the noun,,n,,,,,,,,,,,,,,,
postnominal quantifier,quantifier follows the noun,,y,,,,,,,,,,,,,,,
adjectives agree in gender with head noun,,,n,,,,,,,,,,,,,,,
adjectives agree in animacy with head noun,,,n,,,,,,,,,,,,,,,
adjectives agree in number with head noun,,,n,,,,,,,,,,,,,,,
,,,,,,,,,,,,,,,,,,
POSSESSIVE PHRASES,,,,,,,,,,,,,,,,,,
possessor possessum (free possessor)        ,Possessive phrase composed of a free possessor and its possessum has possessor first (e.g. John's book),,y,,,,,,,,,,,,,,,
possessum possessor (free possessor)        ,Possessive phrase composed of a free possessor and its possessum has possessum first (e.g. 'book of John'),,n,,,,,,,,,,,,,,,
free pronoun noun possessive construct possible,Possessive phrase can be composed of a free pronoun and its possessum,,y,,,,,,,,,,,,,,,
Cross-reference marker required in possessive constructions (even with referential NP possessor),e.g. 'the boy his-dog',,n,,,,,,,,,,,,,,,
Cross-reference marker prohibited in possessive constructions with referential NP possessor,,,n/a,,,,,,,,,,,,,,,
possessive postposition employed in some constructions        ,"Possessive phrase can be created using a postposition, e.g. Spanish 'casa de mi abuela'",,n,,,,,,,,,,,,,,,
,,,,,,,,,,,,,,,,,,
CLAUSAL,,,,,,,,,,,,,,,,,,
,,,,,,,,,,,,,,,,,,
"basic constituent order (SVO,SOV, not definable, etc.)",Identify basic word order of transitive declarative sentences,,SOV,,,,,,,,,,,,,,,
"referential NP alignment (nom-acc, erg-abs, etc.)        ",,,nom-acc,,,,,,,,,,,,,,,
free NP oblique GR marking        ,"If a free NP is an oblique, its grammatical relation is obligatorily marked",,y,,,,,,,,,,,,,,,
more than 1 referential NP per clause possible        ,It is possible to have more than one referential noun phrase in a transitive sentence,,y,,,,,,,,,,,,,,,
,,,,,,,,,,,,,,,,,,
NEGATION,,,,,,,,,,,,,,,,,,
analytical negation (for clauses)       ,Negation is created syntactically and is not affixed to the verb,,n,,,,,,,,,,,,,,,
"morphological clausal negation, prefixal        ",Negation is created by attaching a negative morpheme before the root of the verb,,n,,,,,,,,,,,,,,,
"morphological clausal negation, suffixal        ",Negation is created by attaching a negative morpheme after the root of the verb,,y,,,,,,,,,,,,,,,
form of negation depends on clausal inflection (e.g. realis vs. irrealis),"Clausal inflection such as irrealis versus realis affects the form of negation, e.g. morphological or analytical ",,n,,,,,,,,,,,,,,,
distinct negative form for 'NP does not exist',,,y,,,,,,,,,,,,,,,
distinct negative expression 'I don't know',lexical/phrasal form distinct from 'I know + NEG' ,,y,,,,,,,,,,,,,,,
,,,,,,,,,,,,,,,,,,
AUXILIARY VERBS,,,,,,,,,,,,,,,,,,
auxiliary verb(s) (exist)        ,There exist in the language verbs that accompany main verbs of clauses and take grammatical marking not expressed by main verbs.,,y,,these appear as compounded roots,,,,,,,,,,,,,
1 auxiliary verb,,,n,,,,,,,,,,,,,,,
>1 auxiliary verb (specify approx number),,,20,,,,,,,,,,,,,,,
,,,,,,,,,,,,,,,,,,
PREDICATE NOMINALS,,,,,,,,,,,,,,,,,,
predicate nominals require copula        ,predicates that are nouns require the copula to be grammatical,,n,,,,,,,,,,,,,,,
no copula for predicate nominals        ,predicates that are nouns do not require the copula,,n,,,,,,,,,,,,,,,
optional copula for predicate nominals        ,"predicates that are nouns may have the copula in some instances (e.g. depending on TAM marking, etc.)",,y,,when special TAM marking is present ,,,,,,,,,,,,,
,,,,,,,,,,,,,,,,,,
PREDICATE ADJECTIVES,,,,,,,,,,,,,,,,,,
predicate adjectives require copula        ,,,n,,,,,,,,,,,,,,,
no copula for predicate adjectives        ,,,n,,,,,,,,,,,,,,,
optional copula for predicate adjectives        ,,,y,,when special TAM marking is present ,,,,,,,,,,,,,
,,,,,,,,,,,,,,,,,,
INTERROGATIVE CONSTRUCTIONS,,,,,,,,,,,,,,,,,,
interrogative words and indefinite pronouns identical        ,,,y,,,,,,,,,,,,,,,
interrogative words and indefinite pronouns related        ,,,n,,,,,,,,,,,,,,,
interrogative marker in polar (yes/no) questions        ,,,y,,subset only,,,,,,,,,,,,,
inversion of subject and verb occurs in polar questions,,,y,,,,,,,,,,,,,,,
inversion of subject and verb occurs in content (question-word) questions,,,n,,,,,,,,,,,,,,,
,,,,,,,,,,,,,,,,,,
ANALYTICAL VALENCY ALTERING CONSTRUCTIONS,,,,,,,,,,,,,,,,,,
analytical passive (exists),include passive formed via verb compounding/serialization,,n,,,,,,,,,,,,,,,
analytical passive construction permits oblique reintroduction of original subject,,,n/a,,,,,,,,,,,,,,,
analytical causative (exists),include causative formed via verb compounding/serialization,,y,,different compounded roots indicate different types of causation,,,,,,,,,,,,,
,,,,,,,,,,,,,,,,,,
CLAUSE LINKING STRUCTURES,,,,,,,,,,,,,,,,,,
,,,,,,,,,,,,,,,,,,
RELATIVE CLAUSES,,,,,,,,,,,,,,,,,,
prenominal relative clauses        ,RC precedes noun that it modifies,,y,,,,,,,,,,,,,,,
postnominal relative clauses        ,RC follows noun that it modifies,,n,,,,,,,,,,,,,,,
clausal nominalization (internal head)        ,e.g. 'the dog cat chased-NMZR got away' ('the cat that the dog chased got away'),,n,,,,,,,,,,,,,,,
headless relative clauses exist,compare Eng 'the one that fell' (but in Eng 'one' could be considered a head),,y,,,,,,,,,,,,,,,
headless relative clauses are the dominant or only form of RC,I.e. RCs that form a constituent with a head noun (in a single noun phrase) are rare or nonexistent; some descriptions may refer to adjoined or correlative clauses. ,,n,,,,,,,,,,,,,,,
relative clause may occur with a noun classifier/class marker ,it may be unclear whether the classifier is the nominal head of the construction or is an agreement marker on the RC,,y,,,,,,,,,,,,,,,
relativizer is a verbal affix,,,y,,,,,,,,,,,,,,,
morphological relativizer is homophonous with nominalizer,,,n,,,,,,,,,,,,,,,
morphological relativizer is homophonous with topic marker (nominal arguments),,,y,,,,,,,,,,,,,,,
relative pronouns (exist),e.g. Eng 'the boy who ate the apple',,n,,,,,,,,,,,,,,,
relative pronouns same as interrogative pronouns,,,n/a,,,,,,,,,,,,,,,
Relativizer/relative pronoun encodes grammatical relation of the head with respect to the verb of the relative clause,,,n/a,,,,,,,,,,,,,,,
,,,n,,,,,,,,,,,,,,,
OTHER,,,,,,,,,,,,,,,,,,
Indirect speech complements allowed,"e.g. Eng 'he said that he was going' (vs. 'he said, ""I'm going""')",,n,,,,,,,,,,,,,,,
dedicated switch reference markers (exist),special markers to indicate same vs. different subject when two clauses are combined,,n,,,,,,,,,,,,,,,
,,,,,,,,,,,,,,,,,,
,,,,,,,,,,,,,,,,,,
REFERENCES,,,,,,,,,,,,,,,,,,
,List references used for each language,,,,,,,,,,,,,,,,,
Hup,,,,,,,,,,,,,,,,,,
"Epps, Patience. 2008. A Grammar of Hup. Berlin: Mouton de Gruyter.",,,,,,,,,,,,,,,,,,
,,,,,,,,,,,,,,,,,,
,,,,,,,,,,,,,,,,,,
Language 2:,,,,,,,,,,,,,,,,,,
Reference a,,,,,,,,,,,,,,,,,,
Reference b…,,,,,,,,,,,,,,,,,,