,,"English","basin","basket, disposable","basket, large 3 sided","basket, small covered","bead","bed","bench, seat","bowl","broom","canoe","clothes","fence, palisade","firewood","Curupira (spirit)","evil spirit, ghost","shaman","healer","deity, culture figure","drum (small)","drum (large signal)","flute","panpipe","Hallucinogen; Banisteriopsis caapi [from a bark; chewed or drunk]; Anadenanthera [from the seed of a tree; usually snuffed]","coca powder","hollow log for beer-making","hammock","house","ritual song cycle (kapiwaya)","ritual","knife","machete","paddle, oar","plate","pot","rattle","resin","axe/stone axe","stone for lighting fires","string (for hammocks)","tatoo","thatch","yurupari, jurupari (or any flutes forbidden to women)","fetish, charm","feather headdress","body paint","hallucinogenic substance (other than caapi)",,,,,,,,,,,,,,,,,,,,,,,,,,,,,,,,,,,,,,,,,,,,,,,,,,,,,,
,,"Portuguese","bacia","cesto descartável","cesto grande, 3 lados","cesto pequeno, tampado","miçanga","cama","banco","tijela","vassoura","canoa","roupa","cerca","lenha","Curupira","espirito","xaman, pajé, feiticeiro","benzador, curandeiro, kumu (Tukano)","divinidade, figura mítica","tambor","tambor","flauta","caniço, flauta de pã","caapi [Banisteriopsis], jagube; parica [snuff]","pó de coca, epadú","cocho","rede","casa","kapiwaya","ritual","faca","facão","remo","prato","panela, vasilha","marico, chocalho","resina","machado (de pedra)","pedra para acender fogo","fio de que se faz rede","tatuagem","palha, caraná","yurupari","feitiço, puçanga","enfeite de penas","pintura corporal",,,,,,,,,,,,,,,,,,,,,,,,,,,,,,,,,,,,,,,,,,,,,,,,,,,,,,,
,,"Spanish","palangana","canasta, canasto, cesta","canasta, canasto, cesta","canasta, canasto, cesta","puca","cama","banco, silla","tazón, plato hondo","escoba","canoa","ropa","cerca","leña","Curupira","espíritu malo, espíritu maligno, fantasma, demonio","chamán, brujo","curandero","dios(es), deidad","tambor","tambor, manguaré (Colombia)","flauta, quena (Peru)","zampoñas, flautas de pan, rondadora","ayahuasca, yage, caapi [Banisteriopsis], yopo, yopa, curupa (Peru) [Anadenanthera]","polvo de coca?","batán","hamaca, chinchorro","casa","kapiwaya","ritual","cuchillo","machete","remo","plato","olla","matraca, maraca","resina","hacha (de piedra)","piedra para hacer fuego","hilo","tatuaje, tatu","crisneja","yurupari","fetiche, encanto","plumaje, tocado de plumas?","pintura corporal",,,,,,,,,,,,,,,,,,,,,,,,,,,,,,,,,,,,,,,,,,,,,,,,,,,,,,,
,,"Comments",,,"esp. for carrying plant foods",,,,,,,,,"may be related to defense/warfare?",,"malignant forest spirit, covered with long hair, feet turned backward; widespread in region",,"In RN region, there is typically one person per village (if that) who is a full-fledged 'shaman'. He is very much a specialist and has considerable power to cure, as well as power to curse. He is respected and feared. Shamans are thought to turn themselves into jaguars.","Refers to a lower-level healer; in RN region, most older men in a village have this capacity, and command a repertoire of healing spells. Power is primarily for good, whereas the true shaman is capable of malignant acts as well.","In RN region, frequently translates as 'Bone-Son', 'One on the bone', etc. ",,"Used to be used by Tukanoan peoples (and others?), sound carried for long distances","multiple types? japurutu, deer-bone, etc.",,"caapi",,,,,,"where possible, include names for different ritual types; e.g. initiation, dabacuri",,,,,,,,"especially for clearing fields",,,,,"a ritual complex in various parts of Amazonia involving sacred flutes/trumpets, forbidden to women.",,,,"snuff, drink, etc. May include anadenanthera sp., virola, or others",,,,,,,,,,,,,,,,,,,,,,,,,,,,,,,,,,,,,,,,,,,,,,,,,,,,,,
"Language family","Language","Source and person entering data",,,,,,,,,,,,,,,,,,,,,,,,,,,,,,,,,,,,,,,,,,,,,,,,,,,,,,,,,,,,,,,,,,,,,,,,,,,,,,,,,,,,,,,,,,,,,,,,,,,,
"Bora-Witoto","Bora (T98) (orthography)",,,,"úverújtsi",,,,,,,,"wájyamu",,,,,,,,"cúúmuba (MC: signal drum + classifier -ba used for large cylindrical items and musical instruments like the drum)","cuúmu (Note: T98 lists several names of signals)",,,,,,,"jaá ",,,"nɨɨtsúwáwu (MC: machete + suffix)","nɨɨtsúwa (MC: razor + -wa suffix)",,,,,,,,,,,,,"ahvówa",,,,,,,,,,,,,,,,,,,,,,,,,,,,,,,,,,,,,,,,,,,,,,,,,,,,,,,,
"Bora-Witoto","Bora boa (orthographic) (asch)","Aschmann, R. P. 1993.  Proto Witotoan, SIL and University of Texas at Arlington Publications in Linguistics, 114. Dallas: SIL and University of Texas at Arlington.  (entered by Leslie Smith)",,,,,,"kʰïkwá-íʔkhyï {sleep-platform}, kʰḯkʷa-ɨ́ɨ́xɨ́ {sleep-barbacoa}","íxʸa-kʷa, akʰḯḯβe-(kʷa)",,,"mɨɨ́ne",,,"kʰoʔ-pa, kʰoó-kwa, kʰó-kʷaxkʰa, kʰó-βïḯrï",,,,"čḯḯβáápeé",,"kʰḯḯmïpa {size not indicated}","kʰḯḯmïpa {size not indicated}",,,,"íípií",,"kwaá-pya, kʷaá-pa","xaá, iʔ-xʸa {his-house}, pááe-xa {communal without floor}, kʰáámée-xa {with floor}",,,"nɨɨtsʰḯkwa-(kwï) {machete-(small)}",,"poʔtó-kwa, poʔtó-xɨ",,"číyi-ʔčo","čʰeʔkʰéï ",,"ḯkwaá-xɨ",,,,,,,,,,,,,,,,,,,,,,,,,,,,,,,,,,,,,,,,,,,,,,,,,,,,,,,,,,,,,,,
"Bora-Witoto","Bora boa (phonemic) (asch)","Aschmann, R. P. 1993.  Proto Witotoan, SIL and University of Texas at Arlington Publications in Linguistics, 114. Dallas: SIL and University of Texas at Arlington.  (entered by Leslie Smith)",,,,,,"kʰɯkwá-íʔkhjɯ {sleep-platform}, kʰɯ́kʷa-ɨ́ɨ́xɨ́ {sleep-barbacoa}","íxʲa-kʷa, akʰɯ́ɯ́βe-(kʷa)",,,"mɨɨ́ne",,,"kʰoʔ-pa, kʰoó-kwa, kʰó-kʷaxkʰa, kʰó-βɯɯ́rɯ",,,,"tʃɯ́ɯ́βáápeé",,"kʰɯ́ɯ́mɯpa {size not indicated}","kʰɯ́ɯ́mɯpa {size not indicated}",,,,"íípií",,"kwaá-pja, kʷaá-pa","xaá, iʔ-xʲa {his-house}, pááe-xa {communal without floor}, kʰáámée-xa {with floor}",,,"nɨɨtsʰɯ́kwa-(kwɯ) {machete-(small)}",,"poʔtó-kwa, poʔtó-xɨ",,"tʃíji-ʔtʃo","tʃeʔkʰéɯ",,"ɯ́kwaá-xɨ",,,,,,,,,,,,,,,,,,,,,,,,,,,,,,,,,,,,,,,,,,,,,,,,,,,,,,,,,,,,,,,
"Bora-Witoto","Muinane bmr (orthographic) (asch)","Aschmann, R. P. 1993.  Proto Witotoan, SIL and University of Texas at Arlington Publications in Linguistics, 114. Dallas: SIL and University of Texas at Arlington.  (entered by Leslie Smith)",,,,,,"kɨ́ga-íixe, kɨ́ga-taxe","íkka-ga",,,"mééne-ga {canoe-long}",,,"kúúxo-ʔo {firewood-wood}",,,,"táábúmɨnaaɸi",,"kɨ́ɨ́mɨ-ba {size not indicated}","kɨ́ɨ́mɨ-ba {size not indicated}",,,,"xíí-(ʔo)",,"gááí-ba","íí-xa, káamooxa {with floor}",,,"mééyuʔu, níísúga {machete; vowels wrong; late borrowing from Bora?}",,"búʔúdú-ga",,"gírí-ʔiǰu","xáá-ku, gáadai",,"xɨ́gáá-xe {axe-flat}",,,,,,,,,,,,,,,,,,,,,,,,,,,,,,,,,,,,,,,,,,,,,,,,,,,,,,,,,,,,,,,
"Bora-Witoto","Muinane bmr (phonemic) (asch)","Aschmann, R. P. 1993.  Proto Witotoan, SIL and University of Texas at Arlington Publications in Linguistics, 114. Dallas: SIL and University of Texas at Arlington.  (entered by Leslie Smith)",,,,,,"kɨ́ga-íixe, kɨ́ga-taxe","íkka-ga",,,"mééne-ga {canoe-long}",,,"kúúxo-ʔo {firewood-wood}",,,,"táábúmɨnaaɸi",,"kɨ́ɨ́mɨ-ba {size not indicated}","kɨ́ɨ́mɨ-ba {size not indicated}",,,,"xíí-(ʔo)",,"gááí-ba","íí-xa, káamooxa {with floor}",,,"mééjuʔu, níísúga {machete; vowels wrong; late borrowing from Bora?}",,"búʔúdú-ga",,"gírí-ʔidʒu","xáá-ku, gáadai",,"xɨ́gáá-xe {axe-flat}",,,,,,,,,,,,,,,,,,,,,,,,,,,,,,,,,,,,,,,,,,,,,,,,,,,,,,,,,,,,,,,
"Bora-Witoto","Ocaina oca (orthographic) (asch)","Aschmann, R. P. 1993.  Proto Witotoan, SIL and University of Texas at Arlington Publications in Linguistics, 114. Dallas: SIL and University of Texas at Arlington.  (entered by Leslie Smith)",,,,,,"ïnõʔxatsííβo, ɸohóóyo","biiñi-ráá-βoho, biiñi-ráá-ko",,,"hõɸã́ã́ʔï",,,"dʸam̵õõ(hï̃)",,,,"hïʔxaɸoráám̵a",,,,,,,,,"xonaahĩ","ɸoo(ho), -xo",,,"mïrááboya",,"mõʔsodʸááβoho",,"ñoxootʸo {depends on material}","tõõʔɸï",,"ɸïïxo",,,,,,,,,,,,,,,,,,,,,,,,,,,,,,,,,,,,,,,,,,,,,,,,,,,,,,,,,,,,,,,
"Bora-Witoto","Ocaina oca (phonemic) (asch)","Aschmann, R. P. 1993.  Proto Witotoan, SIL and University of Texas at Arlington Publications in Linguistics, 114. Dallas: SIL and University of Texas at Arlington.  (entered by Leslie Smith)",,,,,,"ɯnõʔxatsííβo, ɸohóóyo","biiñi-ráá-βoho, biiñi-ráá-ko",,,"hõɸã́ã́ʔɯ",,,"dʲam̵õõ(hɯ̃)",,,,"hɯʔxaɸoráám̵a",,,,,,,,,"xonaahĩ","ɸoo(ho), -xo",,,"mɯrááboja",,"mõʔsodʲááβoho",,"ñoxootʲo {depends on material}","tõõʔɸɯ",,"ɸɯɯxo",,,,,,,,,,,,,,,,,,,,,,,,,,,,,,,,,,,,,,,,,,,,,,,,,,,,,,,,,,,,,,,
"Bora-Witoto","Ocaina (oca) orthographic (Leach)","Leach, Ilo M. 1969. Vocabulario ocaina. ILV-SLP 4. http://www.sil.org/americas/peru/html/pubs/show_work.asp?id=559 (entered by Leslie Smith)",,"generic: ñaaro, josóóvura","generic: ñaaro, josóóvura","generic: ñaaro, josóóvura",,,,,"dyahonhxorátudsa, dyahonhxorátyofo, janhtidsan̈útyofo",,"an̈áánca {underwear?}","áán̈urah",,,"foonhun, fonhúúnm̈a, núúrama","taruuma",,"bucoome, jonhtúúgoma, xámon",,"arón","pochiiña, oruubi",,,,"toonravójo, vucaráávojo",,,,,,"muráábojo",,"ñoxóóvojo",,,"ajiin",,"gotúúhxo {generic stone}","fíaan",,,,,,,,,,,,,,,,,,,,,,,,,,,,,,,,,,,,,,,,,,,,,,,,,,,,,,,,,,,,,
"Bora-Witoto","Ocaina (oca) phonemic (Leach)","Leach, Ilo M. 1969. Vocabulario ocaina. ILV-SLP 4. http://www.sil.org/americas/peru/html/pubs/show_work.asp?id=559 (entered by Leslie Smith)",,"generic: ɲaaro, hosóóvura","generic: ɲaaro, hosóóvura","generic: ɲaaro, hosóóvura",,,,,"dʲahonhxorátudsa, dʲahonhxorátʲofo, hanhtidsan̈útʲofo",,"an̵áánka {underwear?}","áán̵urah",,,"foonhun, fonhúúnm̵a, núúrama","taruuma",,"bukoome, honhtúúgoma, xámon",,"arón","potʃiiɲa, oruubi",,,,,,,,,,,,,,,,,,,,,,,,,,,,,,,,,,,,,,,,,,,,,,,,,,,,,,,,,,,,,,,,,,,,,,,,,,,,,,,
"Bora-Witoto","Nɨpode Huitoto hux (orthographic) (asch)","Aschmann, R. P. 1993.  Proto Witotoan, SIL and University of Texas at Arlington Publications in Linguistics, 114. Dallas: SIL and University of Texas at Arlington.  (entered by Leslie Smith)",,,,,,"bḯ.i-ra-ǰu","rá.ï.i-ra-bï-kï",,,"nókae",,,"ré.ï-ïe",,,,"manó-ri-raïma",,"hú.aï-ɗïru {size not indicated}",,,,,,,"kḯnai","hópo",,,"čoβéɗïrï",,"hḯ.aï-be",,"nógo, kadéru {Spanish}","kaβáǰe, hó.ohi",,"čo-βéma",,,,,,,,,,,,,,,,,,,,,,,,,,,,,,,,,,,,,,,,,,,,,,,,,,,,,,,,,,,,,,,
"Bora-Witoto","Nɨpode Huitoto hux (phonemic) (asch)","Aschmann, R. P. 1993.  Proto Witotoan, SIL and University of Texas at Arlington Publications in Linguistics, 114. Dallas: SIL and University of Texas at Arlington.  (entered by Leslie Smith)",,,,,,"bɯ́.i-ra-dʒu","rá.ɯ.i-ra-bɯ-kɯ",,,"nókae",,,"réɯ-ɯe",,,,"manó-ri-raɯma",,"hú.aɯ-ɗɯru {size not indicated}",,,,,,,"kɯ́nai","hópo",,,"tʃoβéɗɯrɯ",,"hɯ́.aɯ-be",,"nógo, kadéru {Spanish}","kaβádʒe, hó.ohi",,"tʃo-βéma",,,,,,,,,,,,,,,,,,,,,,,,,,,,,,,,,,,,,,,,,,,,,,,,,,,,,,,,,,,,,,,
"Bora-Witoto","Mɨnɨca Huitoto hto (orthographic) (asch)","Aschmann, R. P. 1993.  Proto Witotoan, SIL and University of Texas at Arlington Publications in Linguistics, 114. Dallas: SIL and University of Texas at Arlington.  (entered by Leslie Smith)",,,,,,"bḯ.i-ra-ǰu","rá.ï.i-ra-bï-kï",,,"nokáe",,,"ré.ï.e, ré.ï-ïe",,,,"áima, hḯ.ïdo-raïma",,"hú.aï {size not indicated}",,,,,,,"kḯnai","hóɸo",,,"ǰo.étïrï",,"hḯ.aï-be",,"nógo","ɸiríθai",,"háta",,,,,,,,,,,,,,,,,,,,,,,,,,,,,,,,,,,,,,,,,,,,,,,,,,,,,,,,,,,,,,,
"Bora-Witoto","Mɨnɨca Huitoto hto (phonemic) (asch)","Aschmann, R. P. 1993.  Proto Witotoan, SIL and University of Texas at Arlington Publications in Linguistics, 114. Dallas: SIL and University of Texas at Arlington.  (entered by Leslie Smith)",,,,,,"bɯ́.i-ra-dʒu","rá.ɯ.i-ra-bɯ-kɯ",,,"nokáe",,,"ré.ɯ.e, ré.ɯ-ɯe",,,,"áima, hɯ́.ɯdo-raɯma",,"hú.aɯ {size not indicated}",,,,,,,"kɯ́nai","hóɸo",,,"dʒo.étɯrɯ",,"hɯ́.aɯ-be",,"nógo","ɸiríθai",,"háta",,,,,,,,,,,,,,,,,,,,,,,,,,,,,,,,,,,,,,,,,,,,,,,,,,,,,,,,,,,,,,,
"Bora-Witoto","Murui Huitoto huu (orthographic) (asch)","Aschmann, R. P. 1993.  Proto Witotoan, SIL and University of Texas at Arlington Publications in Linguistics, 114. Dallas: SIL and University of Texas at Arlington.  (entered by Leslie Smith)",,,,,,"ïnï-ra, bï-ira","raï-ra-ko",,,"noka.e",,,"re.ï-ai",,,,"aima",,"hu.aï {size not indicated}",,,,,,,"kïnai","hoɸo, ɸo {at home}",,,"ǰo.etïraï",,"haïra-be",,"nogo","ɸiriθai",,"hata",,,,,,,,,,,,,,,,,,,,,,,,,,,,,,,,,,,,,,,,,,,,,,,,,,,,,,,,,,,,,,,
"Bora-Witoto","Murui Huitoto huu (phonemic) (asch)","Aschmann, R. P. 1993.  Proto Witotoan, SIL and University of Texas at Arlington Publications in Linguistics, 114. Dallas: SIL and University of Texas at Arlington.  (entered by Leslie Smith)",,,,,,"ɯnɯ-ra, bɯ-ira","raɯ-ra-ko",,,"noka.e",,,"re.ɯ-ai",,,,"aima",,"hu.aɯ {size not indicated}",,,,,,,"kɯnai","hoɸo, ɸo {at home}",,,"dʒo.etɯraɯ",,"haɯra-be",,"nogo","ɸiriθai",,"hata",,,,,,,,,,,,,,,,,,,,,,,,,,,,,,,,,,,,,,,,,,,,,,,,,,,,,,,,,,,,,,,
"Unclassified","Puinave (orthographic)","Mario Girón Higuita. 2008. Una gramática del wã⁄nsöjöt (Puinave).LOT, Utrecht.",,,,,,,,,,"haʔ",,,"du",,,,,,,,,,,,,"kãn","mõʔ",,,"wiyo (Spanish loan?)",,,,"wãm",,,"hƜʔ",,,,,,,,"""
",,,,,,,,,,,,,,,,,,,,,,,,,,,,,,,,,,,,,,,,,,,,,,,,,,,,,,,
"Unclassified","Puinave (phonemic)","Daniel",,,,,,,,,,"ha:ʔ",,,"ntu",,,,,,,,,,,,,"kãn","mõ:ʔ",,,"uiio",,,,"uãm",,,"hƜʔ",,,,,,,,"""
",,,,,,,,,,,,,,,,,,,,,,,,,,,,,,,,,,,,,,,,,,,,,,,,,,,,,,,
"Unclassified","Puinave pui (orthographic) (IDS)",,"
","generic basket: kam","generic basket: kam","generic basket: kam","yĩk-ot","haa mo-ou; hepe",,"tasa, suwai","kɨ-yu-ot","ha-pidik","yui-ot","wai","du",,"mo-wei-hin","physician: -hei-kon-o; -wɨn-ɨ",,"dio",,,,,,,,,"mõ; -'ot",,,"wiu-yu-tɨi",,"hãwãt",,"wãm",,,"hɨ",,,,,,,,,,,,,,,,,,,,,,,,,,,,,,,,,,,,,,,,,,,,,,,,,,,,,,,,,,,,,,,
"Unclassified","Puinave pui (phonemic) (IDS)",,,"generic basket: kam","generic basket: kam","generic basket: kam","yĩk-ot","haa mo-ou; hepe",,"tasa, suwai","kɨ-yu-ot","ha-pidik","yui-ot","wai","du",,"mo-wei-hin","physician: -hei-kon-o; -wɨn-ɨ",,"dio",,,,,,,,,"mõ; -ʔot",,,"wiu-yu-tɨi",,"hãwãt",,"wãm",,,"hɨ",,,,,,,,,,,,,,,,,,,,,,,,,,,,,,,,,,,,,,,,,,,,,,,,,,,,,,,,,,,,,,,
"Tucanoan","Cubeo (cub) (NM) orthographic",,,,"cámapʉe, yaipʉe","pʉe",,"paraino",,,"oeibojʉ","ejecuicũ, jiaðocũ","cuitótecaje","biaido",,,,"yavi","jʉoipõecʉ","jʉ̃menijicʉ","tẽmuribʉ",,"japuiñʉ (generic term), cũmatʉcarʉ, cʉ̃raiñʉ, jʉaiñʉ, ñamacuaðo, ñamajipobʉ, peduyo, tarãiyo","peduba",,,,"pãucʉ","cʉ̃rami, cójijiñami, ʉraðãmi",,,"tãujive, tãuve","carove, tãuve.","jiaðove","jororʉ","cõaiñʉ","jãjabʉ",,"joecʉ, joetʉrʉva, abujujoedʉ (stone)",,"cuitóteme",,,,,,,"
",,,,,,,,,,,,,,,,,,,,,,,,,,,,,,,,,,,,,,,,,,,,,,,,,,,,,,
"Tucanoan","Cubeo (cub) (NM) phonemic",,,,"kámapʉɛ, jaipʉɛ","pʉɛ",,"palainɔ",,,"ɔɛibɔɣʉ","ɛɣɛkuikũ, ɣiaðɔkũ","kuitɔ́tɛkaɣɛ","biaidɔ",,,,"javi","ɣʉɔipɔ̃ɛkʉ","ɣʉ̃mɛniɣikʉ","tɛ̃mulibʉ",,"ɣapuiɲʉ (generic term), kũmatʉkalʉ, kʉ̃laiɲʉ, ɣʉaiɲʉ, ɲamakuaðɔ, ɲamaɣipɔbʉ, pɛdujɔ, talãijɔ","pɛduba",,,,"pãukʉ","kʉ̃lami, kɔ́ɣiɣiɲami, ʉlaðãmi",,,"tãuɣivɛ, tãuvɛ","kalɔvɛ, tãuvɛ","ɣiaðɔvɛ","ɣɔlɔlʉ","kɔ̃aiɲʉ","ɣãɣabʉ",,"joecʉ, joetʉrʉva, abujujoedʉ (stone)",,"kuitɔ́tɛmɛ",,,,,,,"
",,,,,,,,,,,,,,,,,,,,,,,,,,,,,,,,,,,,,,,,,,,,,,,,,,,,,,
"Tucanoan","Carapana (ortho)","Metzger, Ronald G., compiler. 2000. Marĩ yaye mena Carapana, yaia yaye mena Español macãrĩcã tuti = Carapana-Español, diccionario de 1000 palabras. Bogotá: Editorial Alberta Lleras Camargo. v, 157 p.","yeruʉ","bupua","wẽrĩcã beto, yeru beto","eteje",,,,"wẽnirõ","wai werique (fishing rod)","wai puarique",,"waibʉcʉ (edible animal)","naorõ, naurõ (tortoa de mandioca)","waaro","jõcõrõrĩ",,"ataro","poca",,,"besuʉ","weta","oco baarique",,"ñama",,"jʉgarica (deep), jʉgoa (shallow)",,,"casaa",,,,,,,,,,,,,,,,,,,,,,,,,,,,,,,,,,,,,,,,,,,,,,,,,,,,,,,,,,,,,,,,,,,,,,
"Tucanoan","Carapana (phono)","Amanda Novak","jɛɾuʉ","bupua","wẽrĩkã betɔ, jɛɾu bɛtɔ","ɛtɛjɛ",,,,"wɛ̃niɾɔ̃","wai wɛrikɛ","wai puaɾikɛ",,"waibɨkɨ ","nãoɾɔ̃, nãuɾɔ̃ ","waaɾɔ","xɔ̃k̃ɔɾ̃ɔɾĩ",,"ataɾɔ","pɔka",,,"bɛsuɨ","wɛta","ɔkɔ baarikɛ",,"ɲãmã",,"xɨgaɾika, xɨgɔa",,,"kasaa",,,,,,,,,,,,,,,,,,,,,,,,,,,,,,,,,,,,,,,,,,,,,,,,,,,,,,,,,,,,,,,,,,,,,,
"Tucanoan","Guanano gvc (stenz revised) (orthographic)",,,"generic: phʉ'ʉ","generic: phʉ'ʉ ","generic: phʉ'ʉ",,,,,,"bʉso",,,,,"~wati","yai",,,,,"~da'bo, karisu",,"~wi'o",,,,"wʉ'ʉ ",,,"sίórί pʰί (stenz)",,"p. 71-vb?",,,,,"~khoba",,,,,,,,"pakʉ",,,,,,,,,,,,,,,,,,,,,,,,,,,,,,,,,,,,,,,,,,,,,,,,,,,,,,,
"Tucanoan","Guanano gvc (stenz revised) (phonemic)",,,"generic: pʰʉʔʉ","generic: pʰʉʔʉ ","generic: pʰʉʔʉ",,,,,,"bʉso",,,,,"~wati","jai",,,,,"~daʔbo, karisu",,"~wiʔo",,,,"wʉʔ `ʉ (stenz)",,,"sίórί pʰί (stenz)",,"p. 71-vb?",,,,,"~kʰoba",,,,,,,,"pakʉ",,,,,,,,,,,,,,,,,,,,,,,,,,,,,,,,,,,,,,,,,,,,,,,,,,,,,,,
"Tucanoan","Macuna (ortho)","Smothermon, Jeffrey R. and Josephine H. Smothermon, compilers. 1993. Masa ye, gawa ye rãca ãmara tuti (Macuna - español diccionario de 850 palabras). Bogotá: Editorial Alberto Lleras Camargo. 206 p.",,"jibʉ (thin knit), mini jibʉ (for bird cage)","naju jati (for guarding flat bread)","jicobʉ, jicuga (smal and knit compactly by women) sʉoga (for carrying fish)",,,"cũmurõ",,,"cũma","yutabaju, yutabuju",,"jea",,,"cũmu",,,,,,,,,,"jũgʉ̃","wi",,,"wajara jãi","yoara jãi, yoarijĩ",,,"sotʉ",,,"cocõmea (cõmea - ax)",,"yuta",,,"tʉ̃tʉ (agamí trompeta)",,,"gʉ̃nañi, gʉ̃nañe, we (black)",,,,,,,,,,,,,,,,,,,,,,,,,,,,,,,,,,,,,,,,,,,,,,,,,,,,,,,
"Tucanoan","Macuna (phono)","Amanda Novak"," ","xibɨ (thin knit), mini xibɨ (for bird cage)","naxu xati (for guarding flat bread)","xikobɨ, xikuga (smal and knit kompaktly by women) sɨoga (for karrying fish)",,,"kũmuɾõ",,,"kũma","yutabaxu, yutabuxu",,"xɛa",,,"kũmu",,,,,,,,,,"xũgɨ̃","wi",,,"waxaɾa xãi","yoaɾa xãi, yoalixĩ",,,"sotɨ",,,"kokõmɛa (kõmɛa - ax)",,"yuta",,,"tɨ̃tɨ (agamí trompeta)",,,"gɨ̃naɲi, gɨ̃naɲɛ, wɛ (black)",,,,,,,,,,,,,,,,,,,,,,,,,,,,,,,,,,,,,,,,,,,,,,,,,,,,,,,
"Tucanoan","Piratapuyo (phono)","Huber, R.; Reed, R. 1992. Comparative vocaulary: selected words in indigenous languages of Colombia. Instituto Linguistico de Verano.",,,,,,"kũ'jã-dõ","du'hi-rí saʔ'rĩdõ",,,"ju'kɨsa",,,"pe'ka",,,"jairo, kũ'bũdõ",,,"to'ʔati",,,,,,,,"pɨ̃'dõ","wɨ'ɨ",,,"diʔ'ipʰĩgã",,"we'he-ro",,"su'tu","jã'sã",,,,,,,,,,,,,,,,,,,,,,,,,,,,,,,,,,,,,,,,,,,,,,,,,,,,,,,,,,,,,,,,
"Tucanoan ","Siriano (phono)","Brandrup, Beverly Ann 1980. Fonología del siriano. En: Vocabulario siriano-español. Lomalinda: ILV/MG.",,,,,,"ojáɾó","seepẽ́ɾo","soɾópá",,"kũmá",,,"peá",,,,,,"tooatóɾé",,"bohóɾu, tõɾõdiɾú",,,,,,"pṹgɨ","wií",,,"wiiɾimágĩgã","wiiɾimáhĩ","wehábu",,"kõmésoɾo, kĩ́pũsoɾo (de barro)",,,,,,,,,,,,,,,,,,,,,,,,,,,,,,,,,,,,,,,,,,,,,,,,,,,,,,,,,,,,,,,,,
"Tucanoan ","Siriano (ortho)","AP",,,,,,"oyáró","seepẽ́ro","sorópá",,"cũmá",,,"peá",,,,,,"tooatóré",,"bojóru, tõrõdirú",,,,,,"pṹgʉ","wií",,,"wiirimágĩgã","wiirimájĩ","wejábu",,"cõmésoro, quĩ́pũsoro (de barro)",,,,,,,,,,,,,,,,,,,,,,,,,,,,,,,,,,,,,,,,,,,,,,,,,,,,,,,,,,,,,,,,,
"Tucanoan ","Tanimuca tnc (phono)","Gaviria, Sofia Victoria – Luis José Azcárate 1979. Fonología y lexicología de la lengua tanimuka. Bogotá: Universidad de los Andes, Facultad de Artes y Ciencias, Departamento de Antropología",,,,,,,,,,,,,"pe'ka",,,,,,,,,,,,,,"pã'ũã",,,,,"saa'ra (it is a possible loan from Arawak)","wẽʔ'rũ pã'ĩã","se 'roa","ho'toa",,,,,,,,,,,,,,,,,,,,,,,,,,,,,,,,,,,,,,,,,,,,,,,,,,,,,,,,,,,,,,,,,
"Tucanoan ","Tanimuca tnc (ortho)","AP",,,,,,,,,,,,,"pe'ka",,,,,,,,,,,,,,"pã'ũã ",,,,,"saa'ra (it is a possible loan from Arawak)","wẽʔ'rũ pã'ĩã","se 'roa","ho'toa",,,,,,,,,,,,,,,,,,,,,,,,,,,,,,,,,,,,,,,,,,,,,,,,,,,,,,,,,,,,,,,,,
"Tucanoan","Tucano hr97 (phono)",,"siíõ'a",,"baá",,"jãkê","kãri-pesáro","kumu-",,"o'arí boka","jukɨ̂sɨ","su'tí","sã'rîro","pekâ","boraró",,"jáí",,"õ'akɨ̃hɨ",,,"buuaeɨˊ, mawáku, jamâ-dɨpoa","wẽôpa'a, wãrí pa'ma, karísu","kapí",,,"peêru jukɨ̂sɨ, peêruwɨ","pu~ûgɨ","wi'í",,,"di'pĩhí",,,"bapá, paa","kiipútɨ, kometɨˊ","kitió, jãsã́ (h&r)","diî",,,,,,,"bu'sâ",,,,,,,,,,,,,,,,,,,,,,,,,,,,,,,,,,,,,,,,,,,,,,,,,,,,,,,,"
"
"Tucanoan","Tucano (ortho)",,"siíõ'a",,"baá",,"yãkê","kãri-pesáro","kumu-",,"o'arí boka","yukɨ̂sɨ","su'tí","sã'rîro","pekâ","boraró",,,,"õ'akɨ̃hɨ",,,"buuaeɨˊ, mawáku, yamâ-dɨpoa","wẽôpa'a, wãrí pa'ma, karísu","kapí",,,"peêru yukɨ̂sɨ, peêruwɨ","pu~ûgɨ","wi'í",,,"di'pĩhí",,,"bapá, paa","kiipútɨ, kometɨˊ","kitió","diî",,,,,,,"bu'sâ",,,,,,,,,,,,,,,,,,,,,,,,,,,,,,,,,,,,,,,,,,,,,,,,,,,,,,,,"
"
"Tucanoan ","Tuyuka tue IDS orthographic",,,"generic basket: pi'i","generic basket: pi'i","generic basket: pi'i","yã'kẽ","kõã-'rõ",,"ba'pa","hoa-'ri-boka","yuku'soro","su'ti","sã'dĩ-rõ","pe'ka",,"wã'tĩ","physician: ɨ'ko-ti-gɨ",,"kõ'ãbãkɨ̃","generic drum: yu'kɨ-tuti","generic drum: yu'kɨ-tuti","tõõ-rõ-ri-wɨ",,,,,,"wi'i",,,"wide-'ri-pĩ",,"waa-'ri-pĩ",,"dii-'rɨ","yã'sã-gã",,"kõ'bẽã",,,,,,,,,,,,,,,,,,,,,,,,,,,,,,,,,,,,,,,,,,,,,,,,,,,,,,,,,,,,,,,
"Tucanoan","Tuyuka tue IDS phonemic",,,"generic basket: piʔi","generic basket: piʔi","generic basket: piʔi","jãʔkẽ","kõã-ʔrõ",,"baʔpa","hoa-ʔri-boka","jukuʔsoro","suʔti","sãʔdĩ-rõ","peʔka",,"wãʔtĩ","physician: ɨʔko-ti-gɨ",,"kõʔãbãkɨ̃","generic drum: juʔkɨ-tuti","generic drum: juʔkɨ-tuti","tõõ-rõ-ri-wɨ",,,,,,"wiʔi",,,"wide-ʔri-pĩ",,"waa-ʔri-pĩ",,"dii-ʔrɨ","jãʔsã-gã",,"kõʔbẽã",,,,,,,,,,,,,,,,,,,,,,,,,,,,,,,,,,,,,,,,,,,,,,,,,,,,,,,,,,,,,,,
"Tucanoan","Tuyuka","Tamayo L., César 1988. Mi primer diccionario: español-tuyuca, tuyuca-español (primera edición), ed. por J. Barnes. Bogotá: ILV.",,,,,,,"kõãró","dui-'ró","bapa",,"jukusóro","suti",,"peka",,,"base-'gɨ́",,,"ju'kɨ́-tuti",,,,,,,,"pũũ-'gɨ̃́",,,,"dii-'pĩ́-gã","diipĩ́",,,"so'tɨ́",,,,,,,,,,,,,,,,,,,,,,,,,,,,,,,,,,,,,,,,,,,,,,,,,,,,,,,,,,,,,,,,
"Tucanoan","Tuyuka","AP",,,,,,,"cõãró","dui-'ró","bapa",,"yucusóro","suti",,"peca",,,"base-'gɨ́",,,"ju'kɨ́-tuti",,,,,,,,"pũũ-'gɨ̃́",,,,"dii-'pĩ́-gã","diipĩ́",,,"so'tɨ́",,,,,,,,,,,,,,,,,,,,,,,,,,,,,,,,,,,,,,,,,,,,,,,,,,,,,,,,,,,,,,,,
"Tucanoan","Yuruti (phono)","Huber, R.; Reed, R. 1992. Comparative vocaulary: selected words in indigenous languages of Colombia. Instituto Linguistico de Verano.",,,,,,"kõ'ã́rõ","du'í-ri-pĩ-rõ",,,"kũũbũ-ã",,,"pe'ká",,,"kũũbũ",,,"júkɨtoti",,,,,,,,"pṹgɨ̃","wíi",,,"wi-'dé-ria-pĩ-gã",,"wá-ria-pĩ",,"sótɨ","jã́sã-ga",,,,,,,,,,,,,,,,,,,,,,,,,,,,,,,,,,,,,,,,,,,,,,,,,,,,,,,,,,,,,,,,
"Tucanoan","Orejon (orthographic)","""Velie, Daniel and Velie Virginia. (2008) (second edition). Vocabulario orejon. Serie Lingüística Peruana No. 16. Yarinacocha, ILV.
",,"dodu ja",,,,"bɨonanu ja","ñui pede ja","jɨisotete ja, toto deo ja (metal bowl), (toto=porcupine; deo=fine)","sayibɨ ja","you ja","to ja","ayigo ja","jeca ja",,"aico ago (demon)","dabɨ aguɨ","dabɨ tɨnoquɨ aguɨ (dabɨ=healer; tɨnoquɨ=to cure by touching)",,"tɨcatada ja",,"juibɨ ja",,"mɨto ja",,"tou ja","jaɨdɨ ja","ue ja",,,"quiudɨ ja (Spanish loan?)","quiudɨ ja","comedɨ ja","toto deo ja","cuacodo ja, quiudo ja (metal pot)",,"bayidi ja","dɨo ago",,"deca ja","toteyi (to tatoo)","edi ñi ja","""
",,,,,,,,,,,,,,,,,,,,,,,,,,,,,,,,,,,,,,,,,,,,,,,,,,,,,,,,,,
"Tucanoan","Orejon (phonemic)","Daniel",,"dodu xã",,,,"bɨonanu xã","ɲui pere xã","xɨsotete xã, toto deo xã","sajibi xã","jou xã","to xã","ajigo xã","xeka xã",,"aiko ago","dabɨ agɨ","dabɨ tɨnokɨ agɨ",,"tɨkatada xã",,"xuibɨ xã",,"mɨto xã",,"tou xã","xãı̃dɨ xã","ue xã",,,"kiudɨ xã","kiudɨ xã","komedɨ xã","toto deo xã","kuakodo xã, kiudo xã",,"bajidi xã","dɨo ago",,"dekã xã","toteyi","edi ɲi xã","""
",,,,,,,,,,,,,,,,,,,,,,,,,,,,,,,,,,,,,,,,,,,,,,,,,,,,,,,,,,
"Tucanoan","Koreguaje (orthographic)","""Cook, Dorothy and Gralow, Frances. 2001. Diccionario bilingüe: Koreguaje - Español, Español - Koreguaje. Bogotá: Editorial Alberto Lleras Camargo. 
",,"jʉ'e",,,,"kãisaivʉ","ñu'iko'a",,"jʉ'osachapʉ","choovʉ","kãña",,"jẽka",,"vati","chai","chai (malign healer)",,"vativʉ",,"phĩcovʉ",,,"jipiepo",,"jãurʉ","vʉ'e",,,"va'ti","va'ti","choova'ti","totore'ava","cʉnaro","ka'sapuã",,"su'upo",,"chʉi",,,,,"tuhivʉ","""
",,,,,,,,,,,,,,,,,,,,,,,,,,,,,,,,,,,,,,,,,,,,,,,,,,,,,,,
"Tucanoan","Koreguaje (phonemic)","Daniel",,"jƱʔe",,,,"khãisaibƱ","ɲuʔikhoʔa",,"xƱʔosadʒapƱ","dʒoobƱ","khãɲa",,"xẽkha",,"bati","dʒai","dʒai",,"batibƱ",,"phĩkobƱ",,,"xipiepo",,"xãurƱ","bƱʔe",,,"baʔti","baʔti","dʒoobaʔti","totoreʔaba","kƱnaro","kaʔsapuã",,"suʔupo",,"dʒƱi",,,,,"tuhibƱ","""
",,,,,,,,,,,,,,,,,,,,,,,,,,,,,,,,,,,,,,,,,,,,,,,,,,,,,,,
"Tucanoan","Siona (ortographic)","Huber, Randall and Reed, Robert. 1992. Vocabulario comparativo. Palabras selectas de lenguas de Colombia. ILV, Santafé de Bogotá.
","
",,,,,,,,,,,,,,,,,,,,,,,,,,,,,,,,,,,,,,,,,,,,,,,,,,,,,,,,,,,,,,,,,,,,,,,,,,,,,,,,,,,,,,,,,,,,,,,,,,,
"Tucanoan","Siona (phonemic)","Daniel
",,,,,,,"jũʔĩ-´sai-wɨ",,,"´jo-gu",,,"ẽ´ka",,,,"ɨ´ko ´jai",,"wa´ti-gu",,,,,,,"´hãõ-dɨ","wɨʔ´e",,,"ku´tʃijo (Spanish loan)",,"´jo waʔ´ti",,"so´to-do",,,"zu´ʔu-bo",,,,,,,,"""
",,,,,,,,,,,,,,,,,,,,,,,,,,,,,,,,,,,,,,,,,,,,,,,,,,,,,,,
"Tucanoan","Desano (Orthographic)","Addison M",,"wʉjʉcoro","wʉjʉcoro","wʉjʉcoro",,,"sehro",,,"gasiru","suhri","pohro","pea",,,"cũmu",,,,,"tẽrẽdiru",,,,,"pʉgʉ̃","wihi",,,"wíririmiji","matamijĩ","wejabu",,"comesoro","ñasa",,"cõme",,"yura","pãmu",,,,,"cõrã",,,,,,,,,,,,,,,,,,,,,,,,,,,,,,,,,,,,,,,,,,,,,,,,,,,,,,,
"Tucanoan","Desano (Phonemic)","Addison M",,"wɯhɯcoro","wɯhɯcoro","wɯhɯcoro",,,"sehro",,,"gasiru","suhri","pohro","pea",,,"cũmu",,,,,"tẽrẽdiru",,,,,"pɯgɯ̃","wihi",,,"wíririmihi","matamihĩ","wehabu",,"comesoro","ñasa",,"cõme",,"jura","pãmu",,,,,"cõrã",,,,,,,,,,,,,,,,,,,,,,,,,,,,,,,,,,,,,,,,,,,,,,,,,,,,,,,
"Tucanoan","Barasano","Addison M",,,,,,,,,,"kūbu","sudi",,,,,,,,,,"tõro","wewo",,,,"hũʉgʉ","wii",,,,,,,,,,,,,,,,,,,,,,,,,,,,,,,,,,,,,,,,,,,,,,,,,,,,,,,,,,,,,,,,,,,,,,,,,
"Isolate","Cofan (orthographic)","Borman, M. B. (comp). 1976. Vocabulario Cofan: Cofán - Castellano, Castellano -Cofán. Serie de Vocabularios Indígenas Mariano Silva y Aceves. No. 19.ILV, Quito.
",,"saparo","otata´cco","poti",,"anajenlcho","mesa (Spanish loan)","tasa (Spanish loan)","fundui´si","shago",,"na´inchoe, pporotsse","si´tsi",,"cocoya",,"coraga (Quechua loan from kuraka=chief)",,"ccosha","ccosha","dendo´cco",,"ccumba",,,"anae´ma","etti, antteye",,,"chhichhi´cco","machiti (Spanish loan)","chhochhori´ndi",,"api",,,"ovacco´cho",,"iro (Spanish loan)",,,,"settaen´cho","otiffacu","""cáraña
",,,,,,,,,,,,,,,,,,,,,,,,,,,,,,,,,,,,,,,,,,,,,,,,,,,,,,,
"Isolate","Cofan (phonemic)","Daniel
",,,"
",,,,,,,,,,,,,,,,,,,,,,,,,,,,,,,,,,,,,,,,,,,,,,,,,,,,,,,,,,,,,,,,,,,,,,,,,,,,,,,,,,,,,,,,,,,,,,,,,
"Isolate","Candoshi (orthograpchic)","Tuggy, John. 2008. Vocabulario candoshi de Loreto (2da. Ed). Serie Lingüística Peruana no. 2. ILV, Lima.",,,,"ptaka",,"maashi",,,"tochĩnagaashi","kánó","kamaazi","vátsiriíta","sorama",,"kaniizi","vĩshinó",,"apaarich (derived from father?)",,,"tiroochzi","sirĩgonási",,,,"xomanzi","pagoosi",,,"kuchiro (Spanish loan)","mchita (Spanish loan)","pitzi",,"shtáshĩ",,"vaashi","mchoki",,,,,,,"tzĩgarich","parĩgorá (not specified as used for the body)","""
",,,,,,,,,,,,,,,,,,,,,,,,,,,,,,,,,,,,,,,,,,,,,,,,,,,,,,
"Isolate","Candoshi (phonemic)","Daniel",,,,"ptaka",,"maaʃi",,,"totʃĩnankaaʃi","kánó","kamaaʂi","wátsiɾiita","soɾama",,"kaniiʂi","bĩʃinó",,"apaaɾitʃ",,,"tiɾootʃʂi","siɾĩnkonási",,,,"tʂomanʂi","pankoosi",,,"kutʃiɾo","mtʃita","pitʂi",,"ʃtáʃĩ",,"waaʃi","mtʃoki",,,,,,,"tʂĩnkaɾiʃ","paɾĩnkoɾá ","""
",,,,,,,,,,,,,,,,,,,,,,,,,,,,,,,,,,,,,,,,,,,,,,,,,,,,,,
"Isolate","Taushiro (orthograohic)","Alicea Ortiz, Neftalí. 1975. Vocabulario taushiro. Datos etnolinguisticos no. 22. ILV, Lima.",,,,"chae´hu´",,,"ava´ta","tachon (Spanish loan)",,"tenente","a´nova",,"honto´",,"yei´tus","yachova ",,,"ava´-nu´va-´ti´-nu´vu i´chi (lit. the piece of leather which is on the stick)",,,,,,,"u´ne","añi",,,"jo´jua´ca","ho´hua","vei va´ha","cu´tahane","vaya (Spanish loan?)",,"ava´a","a´je",,,,,,,,,"""
",,,,,,,,,,,,,,,,,,,,,,,,,,,,,,,,,,,,,,,,,,,,,,,,,,,,,,
"Isolate","Taushiro (phonemic)","Daniel","
",,,"ʃaɨʔhuʔ",,,"awaʔta","taʃon",,"tɨnɨntɨ","aʔnowa",,"hontoʔ",,"jɨiʔtus","jaʃowa",,,"awaʔ-nuʔwa-ʔti-nuʔwu iʔʃi",,,,,,,"uʔnɨ","añi",,,"xoʔxuaʔka","hoʔhua","wɨi waʔha","kuʔtahanɨ","waja",,"awaʔa","aʔxɨ",,,,,,,,,"""
",,,,,,,,,,,,,,,,,,,,,,,,,,,,,,,,,,,,,,,,,,,,,,,,,,,,,,
"Yanomam","Ninam shb (gom) (orthographic)","IDS; Gómez, Gale Goodwin 1990. The Shiriana dialect of Yanam (Northern Brazil). Ph.D. diss., Columbia University; entered by Megan Gibler",,"thalosi",,"
","šĩtha- (ids)","kama",,,"hašia wei (ids)","kanawe","kamiša-k (ids)","šokia wei (ids)","thalukuk",,"hikalapək (ids)",,,"teus ","tambor",,"thõlema",,,,,,"yãno",,,"thomu-na",,"kanakoli","plato","hapoka",,,,,,,"yaa-hena-k ids)",,,"ãhuk; šĩoik; yõik (ids)","pili yai",,,,,,,,,,,,,,,,,,,,,,,,,,,,,,,,,,,,,,,,,,,,,,,,,,,,,,,
"Yanomam","Ninam shb (gom) (phonemic)","IDS; Gómez, Gale Goodwin 1990. The Shiriana dialect of Yanam (Northern Brazil). Ph.D. diss., Columbia University; entered by Megan Gibler",,"tʰalosi",,,"ʃ̌ĩtha- (ids)","kama",,,"haʃ̌ia wei (ids)","kanawe","kamiʃ̌a-k (ids)","ʃ̌okia wei (ids)","tʰalukuk",,"hikalapək (ids)",,,"teus ","tambor",,"tʰõlema",,,,,,"yãno",,,"tʰomu-na",,"kanakoli","plato","hapoka",,,,,,,"yaa-hena-k ids)",,,"ãhuk; ʃ̌ĩoik; yõik (ids)","pili yai",,,,,,,,,,,,,,,,,,,,,,,,,,,,,,,,,,,,,,,,,,,,,,,,,,,,,,,
"Yanomam","Ninam (shb) (gom) (orthographic)","IDS; Gómez, Gale Goodwin 1990. The Shiriana dialect of Yanam (Northern Brazil). Ph.D. diss., Columbia University; Migliazza, Ernest C. 1972. Yanomama grammar and intelligibility; entered by Kelsey Neely",,"thalosi",,"tarosi (EM72) (most common basket)","šĩtha- (ids)","kama",,,"hašia wei (ids)","kanawe","kamiša-k (ids)","šokia wei (ids)","thalukuk",,"hikalapək (ids)","šapori (EM72)",,"teus ","tambor",,"thõlema",,,,,"nakamthok (EM72)","yãno",,,"thomu-na, thõmɨna (EM72)",,"kanakoli","plato","hapoka",,,,,,,"yaa-hena-k (ids)",,,"ãhuk; šĩoik; yõik (ids)","pili yai",,,,,,,,,,,,,,,,,,,,,,,,,,,,,,,,,,,,,,,,,,,,,,,,,,,,,,,
"Yanomam","Ninam (shb) (gom) (phonemic)","IDS; Gómez, Gale Goodwin 1990. The Shiriana dialect of Yanam (Northern Brazil). Ph.D. diss., Columbia University; Migliazza, Ernest C. 1972. Yanomama grammar and intelligibility; entered by Kelsey Neely",,"tʰalosi",,"taɾosi","ʃ̌ĩtha- (ids)","kama",,,"haʃ̌ia wei (ids)","kanawe","kamiʃ̌a-k (ids)","ʃ̌okia wei (ids)","tʰalukuk",,"hikalapək (ids)","ʃapoɾi",,"teus ","tambor",,"tʰõlema",,,,,"nakamtʰok","jãno",,,"tʰomu-na, tʰõmɨna","tʰõmɨna","kanakoli","plato","hapoka",,,,,,,"yaa-hena-k (ids)",,,"ãhuk; ʃ̌ĩoik; yõik (ids)","pili yai",,,,,,,,,,,,,,,,,,,,,,,,,,,,,,,,,,,,,,,,,,,,,,,,,,,,,,,
"Yanomam","Yanomam(guu) (EM72) (orthographic)","Migliazza, Ernest C. 1972. Yanomama grammar and intelligibility; Milliken, William, and Bruce Albert. 1999. Yanomami A Forest People. Royal Botanic Gardens, Kew.; entered by Kelsey Neely",,,"wɨɨ (WM99, large carrying basket)","wɨɨ (most common); xotehe (WM99, for food storage)",,,,,,,,,,,"xapiri (generic spirit WM99)","šapori (EM72)",,"omama (WM99 - progenitor figure)",,,,,"horoma (WM99)",,,"rakamthok (EM72)","yãno (EM72)",,," thõmɨna (EM72)",,,,,,,"poo (palm wood); haowatima (steel fragment set in stick) (both WM99)",,,,,,,,,,,,,,,,,,,,,,,,,,,,,,,,,,,,,,,,,,,,,,,,,,,,,,,,,,,,,,,
"Yanomam","Yanomam (guu)(EM72) (phonemic)","Migliazza, Ernest C. 1972. Yanomama grammar and intelligibility; Milliken, William, and Bruce Albert. 1999. Yanomami A Forest People. Royal Botanic Gardens, Kew.; entered by Kelsey Neely",,,"wɨ:","wɨ: , ʃotehe",,,,,,,,,,,"ʃapiɾi","ʃapoɾi",,"omama",,,,,"hoɾoma",,,"ɾakamtʰok","jãno",,,"tʰõmɨna",,,,,,,"poo; haowatima (both WM99)",,,,,,,,,,,,,,,,,,,,,,,,,,,,,,,,,,,,,,,,,,,,,,,,,,,,,,,,,,,,,,,
"Yanomam","Yanomami (wca) (MM07) (orthographic)","Mattéi-Müller, Marie-Claude 2007a. Lengua y cultura Yanomamï. Diccionario ilustrado Yanomamï-Español, Español-Yanomamï. Caracas: Epsilon Libros.; Migliazza, Ernest C. 1972. Yanomama grammar and intelligibility; Ramirez, Henri. 1994. Le Parler Yanomamɨ des Xamatauteri. publisher unknown.; entered by Kelsey Neely","toutou, parankana","wɨɨ, yorehi","pako (for transportation)","mora, wɨɨ (EM72)","topë",,"roomamotima (neol. : ro-aɨ = ""to sit"")",,"shikishiki, hõamotima","kanawa","iro sikɨ","arana","kõã ãsho",,"yai","shapori, hekura","haro- (""to heal"" HR94), owëh- (""to heal""HR94)",,,,"horamamotima",,"mokohiro (tube for inhaling snuff)",,,"yɨɨ këkɨ, mrakamathoto (EM72)","shapono, yahi (EM72)","amoa (HR94, ""song"" not necessarily ritual)","paushimou (of the dead), yɨpɨmou (first menstruation), unokaimou (purification)","sipara si, akuri,  thõmɨna (EM72)","sipara","yakoremamotima, kanareto","iyamamotima","hapoka",,"husuhusu (particularly the Caucho tree)","poo, poo porepɨ",,,,,,"hërɨ̃ (HR94)","sikɨ","paushi (also denotes other types of body adornment",,,,,,,,,,,,,,,,,,,,,,,,,,,,,,,,,,,,,,,,,,,,,,,,,,,,,,,
"yanomam","Yanomami (wca) (MM07) (phonemic)","Mattéi-Müller, Marie-Claude 2007a. Lengua y cultura Yanomamï. Diccionario ilustrado Yanomamï-Español, Español-Yanomamï. Caracas: Epsilon Libros.; Migliazza, Ernest C. 1972. Yanomama grammar and intelligibility; Ramirez, Henri. 1994. Le Parler Yanomamɨ des Xamatauteri. publisher unknown.; entered by Kelsey Neely","toutou, paɾankana (borrowed from Spanish)","wɨ:, joɾehi","pako (for transportation)","moɾa, wɨ:","topə",,"ɾo:mamotima",,"ʃikiʃiki, hõamotima","kanawa","iɾo sikɨ (sikɨ = moldy, to mold; iɾo is similar to iɾa = jaguar)","aɾana","kõã ãʃo",,"jai","ʃapoɾi, hekuɾa","haɾo-, oʋəh-",,,,"hoɾamamotima",,"mokohiɾo",,,"jɨ: kəkɨ, mɾakamatʰoto","ʃapono (collective), jahi","amoa (HR94, ""song"" not necessarily ritual)","pauʃimou, jɨpɨmou, unokaimou","sipaɾa si, akuɾi (shamanic), tʰõmɨna","sipaɾa","jakoɾemamotima, kanaɾeto","ijamamotima","hapoka",,"husuhusu (particularly the Caucho tree)","po:, po: poɾepɨ (made of stone)",,,,,,"həɾɨ̃","sikɨ","pauʃi",,,,,,,,,,,,,,,,,,,,,,,,,,,,,,,,,,,,,,,,,,,,,,,,,,,,,,,
"Yanomam","Sanuma (xsu) (orthographic)","Taylor, Kenneth I. 1972. Sanuma (Yanoama) food prohibitions: the multiple classification of society and fauna. Ph.D. diss. Madison: University of Wisconsin.; Migliazza, Ernest C. 1972. Yanomama grammar and intelligibility; entered by Kelsey Neely ",,,,"wɨ (EM72)",,,,,,,,,,,"sai dɨbɨ","sapuli",,,,,,,"sagona sai (from tree of Myristicacae family)",,,"makamothotho (EM72)","tsai (EM72)",,,"boa (large cutting tool, esp. for meat),  thomɨnakɨ(EM72)","boasai (Brazilian machete)",,,,,,"boa hẽdu (hatchet)",,,,,,,,,,,,,,,,,,,,,,,,,,,,,,,,,,,,,,,,,,,,,,,,,,,,,,,,,,,,,,,
"Yanomam","Sanuma (xsu) (phonemic)","Taylor, Kenneth I. 1972. Sanuma (Yanoama) food prohibitions: the multiple classification of society and fauna. Ph.D. diss. Madison: University of Wisconsin.; Migliazza, Ernest C. 1972. Yanomama grammar and intelligibility; entered by Kelsey Neely ",,,,"wɨ",,,,,,,,,,,"sai dɨbɨ","sapuli",,,,,,,"sagona sai",,,"makamotʰotʰo","tsai (EM72)",,,"boa, tʰomɨnakɨ","boasai (Brazilian machete)",,,,,,"boa hẽdu (hatchet)",,,,,,,,,,,,,,,,,,,,,,,,,,,,,,,,,,,,,,,,,,,,,,,,,,,,,,,,,,,,,,,
"Carib","Akawaio ake Orthographic","Edwards 1980 MAR",,"waigarapö (generic basket)","wariicha (for carrying produce)","waigarapö (generic basket)","kazuuruu",,"abonok","kamok","padazekkadok","kanau","pong",,"abok kemee","yakkuuarɨ (spirit)","kuuikta","piiyaichang (witch doctor) (E1977)",,"paba","saambuura",,,,,,,"akkuuak","öudö",,"zeebiikoomang (E1977)","mariiba",,"nairö","parabii","öinö",,,"wakka",,"eewa (string)",,,,"muurang (herbal), kuumii (used by kanaima)",,"aguuknodok (paint) (E1977)",,,,,,,,,,,,,,,,,,,,,,,,,,,,,,,,,,,,,,,,,,,,,,,,,,,,,,,
"Carib","Akawaio ake Phonemic","Edwards 1980 MAR",,"waɪgarapö","waritʃa","waɪgarapö","kazuru",,"abɔnɔk","kamɔk","padazɛʔkadɔk","kanaʊ","pɔŋ",,"abɔk kɛme","yaʔkuarɨ","kuɪʔta","piyaɪtʃaŋ (E1977)",,"paba","sambura",,,,,,,"aʔkuak","öʊdö",,"zebikomaŋ (E1977)","mariba",,"naɪrö","parabi","öɪnö",,,"waʔka",,"ewa",,,,"muraŋ, kumi ",,"aguʔnɔdɔk (E1977)",,,,,,,,,,,,,,,,,,,,,,,,,,,,,,,,,,,,,,,,,,,,,,,,,,,,,,,
"Carib","Carijona cbd Orthographic","Durbin and Seijas, 1973, MAR",,,,,,,,,,"kanawaya","juruji (cloth)",,,,,,,,,,,,,,,"etate",,,,"iwasa, chano (small knife)","iguasa' (big machete),  u munguri' (small machete)",,,"erina",,,"wiwi (generic ax)",,,,,,,,,,,,,,,,,,,,,,,,,,,,,,,,,,,,,,,,,,,,,,,,,,,,,,,,,,,,,,,
"Carib","pbh Eñepa
 IDS orthographic","Mattei-Muller 1994, MAR","tïnayatoʔ, (de plastico) ijepukun (MM)","mananke (en general); wapa (plana, circular) ; ëwei', Var. ëwai', awei' (honda, de tejido semi-abierto) (MM)","mananke (en general); wapa (plana, circular) ; ëwei', Var. ëwai', awei' (honda, de tejido semi-abierto) (MM)","mananke (en general); wapa (plana, circular) ; ëwei', Var. ëwai', awei' (honda, de tejido semi-abierto) (MM)","əʔnan","tatə; ičik; kaama (MM)","-apoo, apooto (MM)","maraʔ; maraʔ-kin","y-eimeih-tyo; patayeemejto' (MM)","iyekasa', kanawa, kanowa (MM)","po; [kamiča]; poto, -po, Var. -ipo, kamicha (MM)","y-ankahtə-toʔ; tyankan, -ankajtë- (MM)","wahto",,"mahtikiri; tukuəik","i'yan, piyan (MM)","i'yan, piyan (MM)","marʸewaka; ariyo', Var. riyo' (MM)",,,"aramataimə; ariʔrik;(nasal) makooya, Var. majkaya, (para inhalar) majkowaya, (traversa) are're (MM)","are're (MM)",,,,"tatë (MM)","perʸaka; -yɨwɨk; pereka, Var. pareka (MM)","ware (cancion) (MM)",,"parae","ejpaara, (pez?) ejpaara kai'në (MM)"," -yɨkɨ; Var. yïkït, yïkïï (MM)","pɨčaara","maraʔ; eñë, Var. iñë, mara', amchiri, yinkin (MM)","maraka","puku (MM)","čihtyə (generic ax)","eñë,tye'tye' (piedras del fogón)  (MM)","tokëtë (MM)",,"wana'ipun, echipun, Var. I'chipun (MM)",,,,"anoëtyo, su'kinkanëto (corporeal); -marae, maraetyo (solo para la cara) (MM)",,,,,,,,,,,,,,,,,,,,,,,,,,,,,,,,,,,,,,,,,,,,,,,,,,,,,,,
"Carib","pbh Eñepa IDS phonemic","Mattei-Muller 1994, MAR","tïnayato', (de plastico) iyepukun (MM)","mananke (en general); wapa (plana, circular); ëweiʔ, Var. ëwaiʔ, aweiʔ (honda, de tejido semi-abierto) (MM)","mananke (en general); wapa (plana, circular); ëweiʔ, Var. ëwaiʔ, aweiʔ (honda, de tejido semi-abierto) (MM)","mananke (en general); wapa (plana, circular); ëweiʔ, Var. ëwaiʔ, aweiʔ (honda, de tejido semi-abierto) (MM)","əʔnan","tatə; itʃik; kaama (MM)","-apoo, apooto (MM)","maraʔ; maraʔ-kin","j-eimeih-tjo; patajeemehtoʔ (MM)","iyekasa', kanawa, kanowa (MM)","po; [kamitʃa]; po, Var. -ipo, kamitʃa (MM)","j-ankahtə-toʔ; tjankan, -ankahtë- (MM)","wahto",,"mahtikiri; tukuəik","iʔjan, pijan (MM)","iʔjan, pijan (MM)","marjewaka; arijoʔ, Var. rijoʔ (MM)",,,"aramataimə; ariʔrik;(nasal) makooja, Var. mahkaja, (para inhalar) mahkowaja, (traversa) areʔre (MM)","are're (MM)",,,,"tatë (MM)","perjaka; -jɨwɨk; pereka, Var. pareka (MM)","ware (cancion) (MM)",,"parae","ehpaara, (pez?) ehpaara kaiʔnë (MM)"," -jɨkɨ; Var. jïkït, jïkïï (MM)","pɨtʃaara","maraʔ; eɲë, Var. iɲë, maraʔ, amtʃiri, jinkin (MM)","maraka","puku (MM)","tʃihtyə (generic ax)","eɲë,tyeʔtyeʔ (piedras del fogón) (MM)","tokëtë (MM)",,"wanaʔipun, echipun, Var. iʔchipun (MM)",,,,"anoëtjo, suʔkinkanëto (corporeal); -marae, maraetjo (solo para la cara) (MM)",,,,,,,,,,,,,,,,,,,,,,,,,,,,,,,,,,,,,,,,,,,,,,,,,,,,,,,
"Carib","Makiritari (MCH) Orthography",,,"wɨ̄wa (IDS); wü:wa (KH)","wɨ̄wa (IDS); wü:wa (KH)","wɨ̄wa (IDS); wü:wa (KH)","mayūdu (IDS): mayu:du (KH)",,"āʔtəy (IDS) (Means 'chair' and 'bench'; also mūde); a:'töi (KH)",,," [kanowa] (IDS) (From 'canoa' (canoe). Also kudiyāda)","womɨ (IDS); womü (KH) (also means 'dress, garments')",,"-keme-dɨ (IDS)",,"kahūšawa (IDS)","hü'wai, kade:hu (KH), aichu:di eda:mo (KH) (means 'healing specialist (of blowing))",,"wanādi (IDS) (Means ""God"")",,,"hīču (IDS); hi:chu (KH)",,,,,"öwa'tö, ö:'wa'tö (KH)","mmā (IDS); ümmai (KH) (means 'my house')","ai'chüdi (KH) (means 'song', 'chant'), wayha:ma (KH) (song for the innauguration of a house)",,"kɨmɨʔkə (IDS); kümü'kö (KH)","kümü (KH)","hēna (IDS); he:na (KH)","hada:hi (KH)","ədinɲə (IDS) (Also hadankāna, 'pot, jar'); ödi:nñö (KH) (means 'pot' and 'jar'), höhö (KH) (means 'pot, jar')",,,"wɨ̄wɨ (IDS) (means 'axe')","təʔhu (IDS) (means 'stone' or 'rock'); tö'hu (KH) (means 'rock')
","hakūdimɨʔtɨ (IDS) (means 'thread'); haku:dimü'tü (KH) (means 'thread'), a:'to (KH) (means 'twine'); dato:tü (KH) (means 'cord, string')",,,,,"iʔhōʔtɨ (IDS)","wānai (IDS)",,,,,,,,,,,,,,,,,,,,,,,,,,,,,,,,,,,,,,,,,,,,,,,,,,,,,,,
"Carib","Makiritari (MCH) IPA",,,"wɨ:wa","wɨ:wa","wɨ:wa","maju:du",,"a:ʔtəj (IDS); a:ʔtəi (KH)",,," kanowa","womɨ",,"-keme-dɨ",,"kahu:ʃawa","hɨʔwai, kade:hu (KH), aitʃu:di eda:mo (KH)",,"wana:di",,,"hi:tʃu",,,,,"əwaʔtə, ə:ʔwaʔtə (KH)","mma: (IDS); ɨmmai (KH)","aiʔtʃɨdi (KH), wajha:ma (KH)",,"kɨmɨʔkə","kɨmɨ","he:na","hada:hi","ədinɲə (IDS); ədi:nɲə (KH), həhə (KH)",,,"wɨ:wɨ","təʔhu","haku:dimɨʔtɨ (KH), a:ʔto (KH); dato:tɨ (KH)",,,,,"iʔho:ʔtɨ","wa:nai",,,,,,,,,,,,,,,,,,,,,,,,,,,,,,,,,,,,,,,,,,,,,,,,,,,,,,,
"Carib","Makushi (mbc) orthographic","Carson, Neusa 1979. Key 1997. Melody A Ross",,"wopá (generic basket)",,"sumpá",,,"aponó",,,"kanáwa",,,"apoʔ-keme (SIL)",,,"píásaŋ",,,,,,,,,,"áttá",,,,"tawará","kusupará",,,"ɨiní",,,"waaká",,,,,,,,,,,,,,,,,,,,,,,,,,,,,,,,,,,,,,,,,,,,,,,,,,,,,,,,,,,,,,,
"Carib","Makushi (mbc) phonemic","Carson, Neusa 1979. Key 1997. Melody A Ross",,"wopá (generic basket)",,"sumpá",,,"aponó",,,"kanáwa",,,"apoʔ-keme (SIL)",,,"píásaŋ",,,,,,,,,,"áttá",,,,"tawará","kusupará",,,"ɨiní",,,"waaká",,,,,,,,,,,,,,,,,,,,,,,,,,,,,,,,,,,,,,,,,,,,,,,,,,,,,,,,,,,,,,,
"Carib","Pemon (AOC) Orthography (All entries from CA1981)","Armellada, Cesáreo 1981. Karina Baeza; Edwards 1980. Melody A Ross. Edwards 1977. Melody A Ross",,"charampue (cesto grande y de tejido ralo), wankotopue (especie de cesto grande); waikarapö (E1980)","charampue (cesto grande y de tejido ralo), wankotopue (especie de cesto grande); for carrying produce: akaik (E1980)","charampue (cesto grande y de tejido ralo), wankotopue (especie de cesto grande)","kasuuruu (E1980)",,"aponok","kamok (E1980)","padasekkadok (E1980)","kanau (E1980)","pon; pontoo (E1980)",,"apok, keme, werke","spirit: yaukkuarɨ (E1980)","orodan; kookoi (E1980)","piasan; piiayasang (E1977)",,"kate, potorito (means our father, god); katɨ (E1980)","sambura; sampuura (E1980)",,"wosekpue (flauta hecha de tibia de animal, preferentement de venado), kaikra (nombre de la caña que se usa para hacer flautas y bodoqueras. La misma flauta)",,,,,"kaimi, karimi","tapui, yewik, (both mean house), aute (eute) (means 'casa' but also a type of wasp), waipa (casa de base circular y techo cónico, la más típica de estos indígenas, llamada también tukuchipan)",,"eepapöknö, eeseepiikkoomang (E1977)","tavara, maria (means small knife, pocket knife); maraiia, tawara (E1980)","kasupara","naire ","praturu; parapii (E1980)","eine (olla de barro); ainö (E1980)",,,"wakka (E1980)",,"katin, winimu; eewa (string) (E1980)",,,,"muurang (herbal), kuumii (used by kanaima) (E1980)",,"akuuknatok (paint) (E1977)",,,,,,,,,,,,,,,,,,,,,,,,,,,,,,,,,,,,,,,,,,,,,,,,,,,,,,,
"Carib","Pemon (AOC) IPA (All entries from CA1981)","Armellada, Cesáreo 1981. Karina Baeza; Edwards 1980. Melody A Ross. Edwards 1977. Melody A Ross",,"tʃaɾampue, wankotopue; waɪkarapö (E1980)","tʃaɾampue, wankotopue; akaɪk (E1980)","tʃaɾampue, wankotopue","kasuru (E1980)",,"aponok","kamɔk (E1980)","padasɛʔkadɔk (E1980)","kanaʊ (E1980)","pon; pɔnto (E1980)",,"apok, keme, weɾke","ʎaʊʔkʊarɨ (E1980)","oroda; kokɔɪ (E1980)","pɪasan; piaʎasaŋ (E1977)",,"kate, potorito; katɨ (E1980)","sambura; sampura (E1980)",,"wosekpue, kaikɾa",,,,,"kaimi, kaɾimi","tapui, dʒewik, aute (eute), waipa",,"epapöʔnö, esepiʔkomaŋ (E1977)","tavaɾa, maɾia; ma'ria, 'tawara (E1980)","kasupaɾa","naiɾe ","praturu; parapi (E1980)","eine; aɪnö (E1980)",,,"waʔka (E1980)",,"katin, winimu; ewa (E1980)",,,,"muraŋ, kumi) (E1980)",,"akuʔnatɔk (E1977)",,,,,,,,,,,,,,,,,,,,,,,,,,,,,,,,,,,,,,,,,,,,,,,,,,,,,,,
"Carib","Waimiri Atroari (orthographic)","Bruno, 2004. Melody A Ross",,"matyty (kind of basket)","txidji (type of basket)",,,,,"paxa",,"kanuwa",,,"wiwe",,,,,"makonaiama (god)",,,"xinja",,,,,"samka","mydy","maryba (song/festivity)",,"maja",,"epikiri",,,,,"wury",,,,,,,"beri",,,,,,,,,,,,,,,,,,,,,,,,,,,,,,,,,,,,,,,,,,,,,,,,,,,,,,,,
"Carib","Waimiri Atroari (phonemic)","Bruno, 2004. Melody A Ross",,"matɨtɨ (kind of basket)","tʃidʒi (type of basket)",,,,,"paʃa",,"kanuwa",,,"wiwi",,,,,"makonaiama (god)",,,"ʃiɲa",,,,,"samka","mɨdɨ","marɨba (song/festivity)",,"maja",,"epikiri",,,,,"wurɨ",,,,,,,"beri",,,,,,,,,,,,,,,,,,,,,,,,,,,,,,,,,,,,,,,,,,,,,,,,,,,,,,,,
"Cariban","Yabarana (phonemic)","Méndez Arocha, A. 1959. Un vocabulario yabarana con apuntes fonémicos. Antropológica 7: 63-84. AP",,,"ma'piri",,,,,,,"ku'jara",,,"wah'to",,"nopehera","amore",,,,,,,,,,,"e'hawate","əhtə",,,"ma'ria","supara",,,,"maraka",,,,,,,,,,,,,,,,,,,,,,,,,,,,,,,,,,,,,,,,,,,,,,,,,,,,,,,,,,,,,,,,
"Cariban","Yukpa (orthographic)","Vegamian, Félix María de 1978. Diccionario ilustrado yupa-español, español-yupa, con onomástica y apuntaciones gramaticales. Guarenas/Caracas: Formateca. AP",,"meyuase",,,,"nesko",,,,"kanova",,,"ueta",,,,,"Máipor",,,"timi",,,,,,"nöjpo","anuene, ichpo",,,"panako","masete",,,"páschik",,,,,,,,,,,,,,,,,,,,,,,,,,,,,,,,,,,,,,,,,,,,,,,,,,,,,,,,,,,,,,,,,
"Cariban","Yukpa (phonemic)","Robayo, 2000 in González de Pérez, M. S. and M. L. Rodríguez de Montes (eds.). 2000. Lenguas indígenas de Colombia: una visión descriptiva. M. S. Bogotá: Instituto Caro y Cuervo. AP",,,,,,,,,,,,,,,,,,,,,,,,,,,,,,,,,,,,,,,,,,,,,,,,,,,,,,,,,,,,,,,,,,,,,,,,,,,,,,,,,,,,,,,,,,,,,,,,,,,,
"Arawak","Achagua (mm98) Phono","Meléndez Lozano, Miguel Ángel. 1998a. La lengua achagua, estudio gramatical. Lenguas Aborígenes de Colombia, Descripciones, 11. Santafé de Bogotá: CCELA, UNIANDES. AP",,,,,,,"já:ʒubaiʃi (h&r)",,," í:da,  -húnaa (h&r)",,,,,,,,,,,,,,,," á:maca","kúita",,,"wisúwiʃi",," té:na",,"karáhi",,,,,,,,,,,,,,,,,,,,,,,,,,,,,,,,,,,,,,,,,,,,,,,,,,,,,,,,,,,,,,,,"
",,
"Arawak","Achagua (mm98) Ortho","Person entering data: AP",,,,,,"cáama (w&l)","jáaʒubaiʃi (h&r)",,," í:da,  -húnaa (h&r)",,,,,,,,,,,,,,,," á:maca","kúita",,,"wisúwiʃi",," té:na",,"karáhi",,,,,,,,,,,,,,,,,,,,,,,,,,,,,,,,,,,,,,,,,,,,,,,,,,,,,,,,,,,,,,,,"
",,
"Arawak","Piapoco (dk95) Phono","Klumpp, Deloris Pharris de. 1995. Vocabulario piapoco-español. Bogotá: ILV.",,"dàmuku","walàja 'canasta típica'",,,"jàalubáisi waimé:ɾi í:nata (banco+?+sobre)","jàalubáisi",,,"ída","bàlesi",,"kitʃái, *ka[tʃi] (dp91), àiku mí:sí:ɾi",,,,,"kuwáisàiɾi",,,"íwa",,,,,"amàka","kapìi",,,"wisùanási",,"téna","quiɾápieli","mapuwá: 'olla de baɾɾo', iwàsape",,,,"sá:wáli",,,,,,,,,,,,,,,,,,,,,,,,,,,,,,,,,,,,,,,,,,,,,,,,,,,,,,,,,,,,"
",,
"Arawak","Piapoco (dk95) Ortho","Person entering data: AP",,"dàmucu","walàya 'canasta típica'",,,"yàalubáisi waiméeri íinata","yàalubáisi",,,"ída","bàlesi",,"kitʃái, *ka[tʃi] (dp91), àicu míisíiri (àicu 'wood', míisíiri 'ripe, dry?')",,,,,"Cuwáisàiri",,,"íwa",,,,,"amàca","capìi",,,"wisùanási",,"téna","kirápieli","mapuwáa 'olla de barro', iwàsape",,,,"sáawáli",,,,,,,,,,,,,,,,,,,,,,,,,,,,,,,,,,,,,,,,,,,,,,,,,,,,,,,,,,,,"
",,
"Arawak","Yucuna (sy05) Phono","Schauer, Junia, compiler, and others. 2005. Meke kemakánaka puráka7aloji: wapura7akó chu, eyá karíwana chu (Diccionario bilingüe: Yukuna - Español; Español - Yukuna). 1st ed. Bogotá: Editorial Fundación para el Desarollo de los Pueblos Marginados. 328 p",,"juʔuɾí","kuwáʔala (grande para cargar yuca)",,,,"ɲákaʔahoɾi",,,"hita","aʔaɾumakahi",,"siija (dp91), jijá","kuwaɲá","hiɲá petʃu","maɾiʔitʃú",,"Tupana","kumu",,"kewiɾí",,,"ipatú (cultivada), kawajá kakú (silvestre)",,"hamaká","ɲakaɾehi",,,"iɾahú","hahalu","weʔetʃí","iʔitʃí patá (de arcilla), paɾatú","iʔitʃí","laʔaɾí","mapa","hipa hiɲekaná 'para prender fuego'","inimú",,,"wakaʔapeɾi 'flauta Yuɾupaɾí'",,"pútenahi","lana",,,,,,,,,,,,,,,,,,,,,,,,,,,,,,,,,,,,,,,,,,,,,,,,,,,,,,"
",,
"Arawak","Yucuna (sy05) Ortho","Person entering data: AP",,"yu'urí","kuwá'ala",,,,"ñáka'ajori",,,"jita","a'arumakaji",,"jiyá","kuwañá","jiñá pechu","mari'ichú",,"Tupana","kumu",,"kewirí",,,"ipatú (cultivada), kawayá kakú (silvestre) (kawayá 'tripod', kakú '?')",,"jamaká","ñakareji",,,"irajú","jajalu","we'echí","i'ichí patá (de arcilla), paratú","i'ichí","la'arí","mapa","jipa jiñekaná (jipa 'stone', jiñekaná '?')","inimú",,,"waka'aperi",,"pútenaji","lana",,,,,,,,,,,,,,,,,,,,,,,,,,,,,,,,,,,,,,,,,,,,,,,,,,,,,,"
",,
"Arawak","Tariana (aa01) Phono","Aikhenvald, Alexandra Y. 2001. Dicionário Tariana-Português e Português-Tariana. Boletim do MPEG 17/1. Belém.","maɾawí kaɾápi",,"káme 'cesta', mukutú 'cesta p/ transportar frutos'","kusíɾu-maka 'pequeno balaio'",,"pa-swá-ɾi","éːdi, édi",,"pa-píu-naki","íta, itá-whya","jaɾu-maká-si","wisíwai; na-itaníwi; jaɾukanáwi","tsié[e]","ɲámu, ɲáki, kapitʃiɾi wápi, mapakáwaɾi","ɲámu 'espírito, curupira'",,,,"jawína",,"talíwa",,,"hipatú","pajaɾúna","amakú","panisí",,,"malijé","wánaɾi","hekutá, hiwaɾú-ita, unisitá","kaɾápi","paːɾu-ní-da","kusiɾúda, kúsiɾu",,,,,"jépu, pune-pína","píɾi 'flauta de Yurupari'",,"duɾupʰéma",,,,,,,,,,,,,,,,,,,,,,,,,,,,,,,,,,,,,,,,,,,,,,,,,,,,,,,"
",,
"Arawak","Tariana (aa01) Ortho","Person entering data: AP","maɾawí kaɾápi",,"káme 'cesta', mukutú 'cesta p/ transportar frutos'","kusíɾu-maka 'pequeno balaio'",,"pa-swá-ɾi","éːdi, édi",,"pa-píu-naki","íta, itá-whya","yaɾu-maká-si","wisíwai; na-itaníwi; yaɾukanáwi","tsié[e]","ɲámu, ɲáki, kapičiɾi wápi, mapakáwaɾi","ɲámu 'espírito, curupira'",,,,"yawína",,"talíwa",,,"hipatú","payaɾúna","amakú","panisí",,,"maliyé","wánaɾi","hekutá, hiwaɾú-ita, unisitá","kaɾápi","paːɾu-ní-da","kusiɾúda, kúsiɾu",,,,,"yépu, pune-pína","píɾi 'flauta de Yurupari'",,"duɾuphéma",,,,,,,,,,,,,,,,,,,,,,,,,,,,,,,,,,,,,,,,,,,,,,,,,,,,,,,"
",,
"Arawak","Baniwa (hr01a) Phono","Ramirez, Henri. 2001a. Dicionário Baniwa-Português. Manaus: Editora da Universidade do Amazonas.","básia (ɺoan from Portuguese)","dzawithída (there are others)","kaáme","poɻot̪ána","maɺójo",,"báako, éedai",,"pitshiopát̪i","íita"," -náani","koɻáaɻa","t̪idzéena","awakaɻóna, bíiɲoɺi","íɲaimi","maɺíiɻi",,,"tamoɻína",,"japoɺóto, koɺiɻína (there are others)","pheeɺóma","káapi",,,"piéta","pánt̪i, -pana",," -aapaánaa","maɺíje",,"t̪iíwe","paɻáto (ɺoan from Portuguese)","tsipaɺáapi, páiɺa, aakhéepa (de barro)",," -kai",,,,"t̪íiɲa",,,,,,,,,,,,,,,,,,,,,,,,,,,,,,,,,,,,,,,,,,,,,,,,,,,,,,,,,,"
",,
"Arawak","Baniwa (hr01a) Ortho","Person entering data: AP","básia","dzawithída (there are others)","kaáme","porottána","malóyo",,"báako, éedai",,"pitshiopátti","íita"," -náani","koráara","ttidzéena","awakaróna, bíiñoli","íñaimi","malíiri",,,"tamorína",,"yapolóto, kolirína (there are others)","pheelóma","káapi",,,"piéta","pántti, -pana",," -aapaánaa","malíye",,"ttiíwe","paráto","tsipaláapi, páila, aakhéepa (de barro)",," -kai",,,,"ttíiña",,,,,,,,,,,,,,,,,,,,,,,,,,,,,,,,,,,,,,,,,,,,,,,,,,,,,,,,,,"
",,
"Arawak","Resígaɾo (ta79) Phono","Allin, Trevor R .1979. Vocabulario resígaro.  Documento de Trabajo, 16.",,,,,,,"iʔtsoótsʰigú",,"botoʔ-kʰoótsí-kooʔú ","hiítú","vedéemú",,"itsítsó",,"iʒo","kanívakáagí","naikogígí","vakédʒoʔtʰoónagí","koómobú","koómó","fídodó",,,,,"hamáakú, heté?","paniítsí",,,,,"boeʔkʰóotsí","boʔotáhí","akakáʔ, itáʔ (olla de baɾɾo)","čhéʔkeʔó, čhéʔkeú",,,,,,,,,,,,,,,,,,,,,,,,,,,,,,,,,,,,,,,,,,,,,,,,,,,,,,,,,,,,,,,"
",,
"Arawak","Resígaro  (ta79) Ortho","Person entering data: AP",,,,,,,"i?tsoótshigú",,"boto?khoótsíkooz?ú (sweep+?)","hiítú","vedéemú",,"itsítsó",,"ižo","kanívakáagí","naikogígí","vakéǰo?thoónagí (kéǰo?tú 'create')","koómobú","koómó","fídodó",,,,,"hamáakú, heté?","paniítsí",,,,,"boe?khóotsí","bo?otáhí","akaká?, itá? (olla de barro)","čhé?ke?ó, čhé?keú",,,,,,,,,,,,,,,,,,,,,,,,,,,,,,,,,,,,,,,,,,,,,,,,,,,,,,,,,,,,,,,"
",,
"Arawak","Kabiyari (hr01) Phono","Ramirez, Henri. 2001. Línguas Arawak da Amazônia setentrional: comparação e descrição. Manaus: Editora da Universidade",,,,,,,"nápe",,,"híita",,,,,,"máɾitʃú",,,,,,,,,,"héeta","paná",,,,,,,,,,,,,,,,,,,,,,,,,,,,,,,,,,,,,,,,,,,,,,,,,,,,,,,,,,,,,,,,,,,,,,,"
",,
"Arawak","Kabiyari (hr01) Ortho","Person entering data: AP",,,,,,,"nápe",,,"híita",,,,,,"máritʃú",,,,,,,,,,"héeta","paná",,,,,,,,,,,,,,,,,,,,,,,,,,,,,,,,,,,,,,,,,,,,,,,,,,,,,,,,,,,,,,,,,,,,,,,"
",,
"Arawak","Warekena (aa98) Phono","Aikhenvald, Alexandra 1998. Warekena. En: Desmond Derbishire & Geoffrey Pullum (eds.), Handbook of Amazonian Languages, vol. 4: 225-439. Berlín: Mouton de Gruyter.",,"kanatu ' basket' ",,,,,,,,"muɺupewe","tsaia",,"aʃitʃi",,"bijuli, kuɺupira","maɺieɺi",,"Diutsu",,,,,,,,"bitsa","pani",,,"matseta, kutʃiju",,,,,,,,"dumeʃe 'tucum'",,,,,,,,,,,,,,,,,,,,,,,,,,,,,,,,,,,,,,,,,,,,,,,,,,,,,,,,,,,,"
",,
"Arawak","Warekena (aa98) Ortho","Person entering data: AP",,"kanatu ' basket' ",,,,,,,,"muɺupewe","tsaia",,"aʃitʃi",,"biyuli, kuɺupira","maɺieɺi",,"Diutsu",,,,,,,,"bitsa","pani",,,"matseta, kutʃiyu",,,,,,,,"dumeʃe 'tucum'",,,,,,,,,,,,,,,,,,,,,,,,,,,,,,,,,,,,,,,,,,,,,,,,,,,,,,,,,,,,"
",,
"Arawak","Yavitero (jm87) Phono","Mosonyi, Jorge Carlos, 1987 El idioma Yavitero, Caracas, Venezuela, 241 pages. ",,,"ka'ha-miaľ̥i",,,"kama (Spanish loan)","bánku (loan)",,"ka'ha-miaľ̥i","ku'aľ̥a","nawa","ku'rara ~ ku'ľaľa","ka(ɬi) (dp91), kaľ̥i",,"a'meľ̥ami 'soul, espirit', ka'tsimehe",,"hináhatali","Napiruľi",,"tam'buru (Spanish loan)","ja'huľuľu",,,,,"amáiha","hana; huwi",,,"ku'tsiju (Spanish loan)",,"néhu","ha'ľatu (Spanish loan)","aniuľ̥i",,,,,,,,,,,,,,,,,,,,,,,,,,,,,,,,,,,,,,,,,,,,,,,,,,,,,,,,,,,,,,,,"
",,
"Arawak","Yavitero (jm87) Ortho","Person entering data: AP",,,"ka'ha-miaľ̥i",,,"kama (Spanish loan)","bánku (loan)",,"ka'ha-miaľ̥i","ku'aľ̥a","nawa","ku'rara ~ ku'ľaľa","ka(ɬi) (dp91), kaľ̥i",,"a'meľ̥ami 'soul, espirit', ka'c̷imehe",,"jinájatali","Napiruľi",,"tam'buru (Spanish loan)","ya'huľuľu",,,,,"amáija","hana; huwi",,,"ku'c̷iyu (Spanish loan)",,"néju","ha'ľatu","aniuľ̥i",,,,,,,,,,,,,,,,,,,,,,,,,,,,,,,,,,,,,,,,,,,,,,,,,,,,,,,,,,,,,,,,"
",,
"Arawak","Bare (aa95) Phono","Aikhenvald, Alexandra. 1995a. Baré. Munich: LINCOM Europa.",,,,,,,,,,"isa",,,,"jamadu","mawaɻi",,,,,,"bíja",,,,,"hmi","pʰáni",,,"titéhe",,,,,,,,,,,,,,,,,,,,,,,,,,,,,,,,,,,,,,,,,,,,,,,,,,,,,,,,,,,,,,,,,,,,"
",,
"Arawak","Bare (aa95) Ortho","Person entering data: AP",,,,,,,,,,"isa",,,,"yamadu","mawaɻi",,,,,,"bíya",,,,,"hmi","pháni",,,"titéhe",,,,,,,,,,,,,,,,,,,,,,,,,,,,,,,,,,,,,,,,,,,,,,,,,,,,,,,,,,,,,,,,,,,,"
",,
"Arawak","Paresi (ab08) Phono","Brandao, Ana Paula",," ˈkõho",,,"halijuluti","tsehokotjwakalati (tsehokotjwa 'deitam')","okahakalati",,"hitsakalati",,"imiti",,"mujtsati","toˈlo-a","kajaˈla nitseˈkure","wajdjaˈtjare","wajdjaˈtjare","ˈenore",,,"jamaˈka 'flauta secreta'","ðero",,," ˈkotjo","maˈka","hati",,"hitsehaliti","ˈketsɛ"," ˈketsɛ kalohore",,"balatwahẽ","tinihaˈliti","kuˈtʃali","atjaðaˈta","idjikatihĩ","uˈlawa 'tucum', kunuhi 'fio de algodão'","huteti","hati nijali",,"ihuðare",,"halaharitjwati, ðonaharetjwati (Rio Verde)",,,,,,,,,,,,,,,,,,,,,,,,,,,,,,,,,,,,,,,,,,,,,,,,,,,,,,"
",,
"Arawak","Paresi (ab08) Ortho","Person entering data: AP",," ˈkõho",,,"haliyoloti","tsehokotywakalati (tsehokotywa 'deitam')","okahakalati",,"hitsakalati",,"imiti",,"moitsati","toˈlo-a","kayaˈla nitseˈkore","wairaˈtyare","wayraˈtyare","ˈenore",,,"yamaˈka 'flaota secreta'","zero",,," ˈkotyo","maˈka","hati",,"hitsehaliti","ˈketse"," ˈketse kalohore",,"balatwahẽ","tinihaˈliti","koˈtxali","atyazaˈta","irikatihĩ","oˈlawa 'tocom', konohi 'fio de algodão'","hoteti","hati niyali",,"ihozare",,"halaharitywati, zonaharetywati (Rio Verde)",,,,,,,,,,,,,,,,,,,,,,,,,,,,,,,,,,,,,,,,,,,,,,,,,,,,,,"
",,
"Arawak","Wapishana (ms95) Phono","Santos, Manuel Gomes dos . 2006. Uma gramática do Wapixana (Aruak): aspectos da fonologia, da morfologia e da sintaxe. Tese de doutorado. Campinas, SP: UNICAMP",,"ɖaʐuwan",,,,,"tabai",,,"kanaw",,,,,,,,"tuʃau (Tuxaua)",,,,,,,,"ʐamaka","kabaɨn",,,,,"puɽu",,,,,,,,"anabaj",,,,,,,,,,,,,,,,,,,,,,,,,,,,,,,,,,,,,,,,,,,,,,,,,,,,,,,,,,"
",,
"Arawak","Wapishana (ms95) Ortho ","Person entering data: AP",,,,,,,,,,,,,,,,,,,,,,,,,,,,,,,,,,,,,,,,,,,,,,,,,,,,,,,,,,,,,,,,,,,,,,,,,,,,,,,,,,,,,,,,,,,,,,,,,,"
",,
"Arawak","Wapishana wap IDS orthographic ",,,"generic basket: daẓuwan","generic basket: daẓuwan","generic basket: daẓuwan","kʰašuru",,,"ˀbuun","pʰaraɨ-riˀbai","kʰanawa","kʰamičʰa-n","kʰurara","ẓuwaakʰarɨ",,"uia-ʔu durunai",,,"tʰumĩĩkʰarɨ",,,"kʰuwɨda",,,,,,"kʰaˀbaɨnɨ",,,"marii",,"pʰuura",,"kʰaʔɨẓa-kʰin","šikʰi-šikʰi",,"ˀbaru",,,,,,,,,,,,,,,,,,,,,,,,,,,,,,,,,,,,,,,,,,,,,,,,,,,,,,,,,,,,,"
",,
"Arawak ","Wapishana wap IDS phonemic",,,"generic basket: daẓuwan","generic basket: daẓuwan","generic basket: daẓuwan","kʰaʃuru",,,"ˀbuun","pʰaraɨ-riˀbai","kʰanawa","kʰamitʃʰa-n","kʰurara","ẓuwaakʰarɨ",,"uia-ʔu durunai",,,"tʰumĩĩkʰarɨ",,,"kʰuwɨda",,,,,,"kʰaˀbaɨnɨ",,,"marii",,"pʰuura",,"kʰaʔɨẓa-kʰin","ʃikʰi-ʃikʰi",,"ˀbaru",,,,,,,,,,,,,,,,,,,,,,,,,,,,,,,,,,,,,,,,,,,,,,,,,,,,,,,,,,,,,"
",,
"Arawak","Mandawaka (hr01) Phono","Ramirez, Henri. 2001. Línguas Arawak da Amazônia setentrional: comparação e descrição. Manaus: Editora da Universidade",,,,,,,,,,"í:ta",,,,,,"máliɾi",,,,,,,,,,,"haní:ʒi",,,,,,,,,,,,,,,,,,,,,,,,,,,,,,,,,,,,,,,,,,,,,,,,,,,,,,,,,,,,,,,,,,,,,,,"
",,
"Arawak","Mandawaka (hr01) Ortho","Person entering data: AP",,,,,,,,,,"í:ta",,,,,,"máliri",,,,,,,,,,,"haní:ʒi",,,,,,,,,,,,,,,,,,,,,,,,,,,,,,,,,,,,,,,,,,,,,,,,,,,,,,,,,,,,,,,,,,,,,,,"
",,
"Arawak","Proto-Arawak",,,,,,,,,,,,,,"dikah[tsi]",,,,,,,,,,,,,,,,,,,,,,,,,,,,,,,,,,,,,,,,,,,,,,,,,,,,,,,,,,,,,,,,,,,,,,,,,,,,,,,,,,,,,"
",,
"Arawak","Proto-Japurá-Colombia",,,,,,,,,,,,,,,,,,,,,,,,,,,,,,,,,,,,,,,,,,,,,,,,,,,,,,,,,,,,,,,,,,,,,,,,,,,,,,,,,,,,,,,,,,,,,,,,,,,"
",,
"Záparo","Iquito (ildp06); orthography",,,"taniíca (capillejo, un tipo de canasta, típicamente hecha de hoja de ungurahui, que se fabrica en la chacra o en el monte para un solo uso; si uno hace y usa un capillejo, se evita la necesidad de llevar una canasta o bolsa al monte, y por eso el capillejo es muy usado por cazadores)","táasa (tipo de canasta o panero grande, con boca grande y abierta; es usado principalmente para cargar productos de la chacra, especialmente yuca, a la casa); sírucu niriyúusi (churu siqui, tipo de panero, o canasta grande, que se distingue por tejer de un tamishi principal que empieza en la forma de un pequeño círculo en su base, y que va espiralando en circulos más grandes para hacer los costados de la canasta. MC: compound, Lit: 'ano de choro'); sucuariija táasa (shirui cara, tipo de canasta grande, /táasa/, distinguida por su estilo de tejer, /sucuariija áacu/. MC: compound, Lit: 'panero de shirui')","muyuúri (tipo de canasta, tejida de los huesos de chambira, redonda y abierta, en la forma de una bandeja con huecos muy grandes; se la cuelga arriba de la candela para conservar carne, pescado, o yuca cocinada)","taraásiija (mullo, cuenta, or abalario de vidrio; collar hecho de mullos de vidrio)","maqu'+naaja (from maqu++ni - sleep); maqu'+cujina (from maqu++ni - sleep); in'++si (this is the word for hammock, the traditional Iquito bed)","ajír+na (verb ajir++ni means to sit); páticu (tipo de banca, asiento plano y bajo hecho sin clavar de una sola pedazo de madera, que tiene patas cortas)","purícu (envase hecho de la hoja de bijao; usado por los antiguos iquitos como un envase cotidiano para comida, bebida, y la preparación de plantas medicinales; también era usado durante la época de caucho para recolectar resina)","nanúusi (same word is used for the plant used to create brooms)","iímina","sinaáqu+",,"járaqui (general term); ahuásuucu (leña bien seca y vieja de palo pasmado, o sea, de un palo que ya está por podrir)",,"nahu+yíni (alma o espiritu de alguién que se ha muerto o que está por morir); sihuaára (diablo, fiera, demonio de la selva); s+'+caja (yashingo, shapingo, chullachaqui, demonio del monte que toma la forma de un pariente y engaña a la gente para irse al monte, donde se pierden para siempre); tipácu (tipo de demonio de la selva que tenía la forma de una persona, pero con dientes y garras muy grandes; antiguamente comía la gente si andaba sola en el monte durante el día); juríini (demonio de animal, un demonio con la forma y el sonido de un animal; se dice que cada especie de animal tiene un demonio de este típo); marísana (tipo de demonio que parece a un niño recién nacido, lo cual atrae a una persona caminando sola en el monte por llorar como un recién nacido; cuando la persona lo encuentra y lo coge en sus brazos para llevarlo a su casa, el demonio empieza chupar el pecho de la persona hasta que saca toda la sangre, dejando la persona muerta); mújinaap+ (yacuruna, un demonio del agua que tiene la forma de una persona chiquito); muyújuni (un tipo de demonio de la selva que tenía la forma de una persona, pero que cazaba a persona con su lanza, luego ahumandolos para comerselos)","siimána (ability to cure and kill)","paanáana (healer; unlike siimána, doesn't cause harm)","cumáani (also the term for father's brother); p'+-caquíja (lit. our (incl.) father, probably a calque from Spanish, refers to God)",,,"puráaja","n++tiíri",,,"ájana; quimáqu+ (tipo de cosho, envase grande cuadrado hecho de la corteza de tahuarí, usado antiguamente para hacer masato)","in'++si ","iíta; iyiquíira (more general for anywhere that one lives); m+yíti (rustic hut set up for long hunting trips, Sp. tambo) ",,"acumíyaaca (fiesta de matrimonio, reunión de reconocimiento. En la cultura tradicional del pueblo iquito, cuando una pareja quiso ser reconocido como pareja por las demás familias, prepararon masato e invitaron a todos a esta reunión. También el masato tomado en esta reunión toma ese nombre); cajíini (fiesta tradicional de la primera menstruación en que se curaba a la mujer con aji en la boca en en los ojos para que sea fuerte, tenga larga vida, y no malogra la dentadura; una parte de la fiesta fue que cada participante pintaba una raya en el cuerpo de la mujer, hasta que su cuerpo quedo cubierto con pintura.)","paniíhu+ (general term); tutúuja (tipo de cuchillo usado antiguamente entre los iquitos; actualmente no se sabe de qué forma era)","sáhuiri (MC: From Spanish sable)","aritáhu+","man'+ti (flat earthenware pan made from clay); paráatu (MC: from Spanish plato); tam'+riija (made from clay)","cúsi",,"riyacáca (resina de palo, sea en forma líquida o endurada); aáca (same as water, used for resins that are watery); páyuuca (la resina del azucar huayo, que formas bolas duras de resina brillante y transparente en el tronco)","caáji (head of axe only), cajiíja (with handle)","jinítaasi (piedra negra que chispea cuando se lo choca a ras, que antiguamente servía para prender fuegos); ituhuanajáati (piedra que produce chispas, MC: ituuni - to burn sthg); iinámi sahuíja (piedra de candela, un tipo de piedra negra y dura que da chispas; antes fue utilizado para incender la candela, por las chispas en algo muy seco como la champa seca del ungurahui. MC: compound, Lit: 'candela piedra')","canuú (chambira fiber); in'++qui (soga de la hamaca, lo que se usa para amarrar la hamaca a sus soportes, es hecho de muchas fibras de chambira, para que salga gruesa para poder soportar la hamaca)",,"itaári",,,"paráana (feather headress that used to be worn by the chief); simiícu (adorno de cabeza; tipo de adorno o corona con que los hombres iquitos se vistieron antiguamente; era hecho de la corteza de tahuarí, /sacúuna/, cortada en una banda que se puse alrededor de la cabeza; se dejaba colgar una parte larga en la espalda que se cortaba a lo largo en varias partes, con el efecto de hacer una cola de fibras; también se pintaba la banda en la parte que cubría la frente, usando achiote en un patrón de cocos)","najútaja (paint or tint, also used for pencil)",,,,,,,,,,,,,,,,,,,,,,,,,,,,,,,,,,,,,,,,,,,,,,,,,,,,,,,
"Unclassified","Warao (phono)",,"John Blaha (Romero-Figeroa)","uhu",,,,"uba -noko (uba=sleep, noko=place of)",,,,"wahibaka",,,,,,"wisiɾatu (shaman)ibihi -ɾotu (ibihi=venom, ɾotu=owneɾ of, listed as shaman)",,,,,"esemoi",,,,,"ha","hanoko",,,,"buaɾe","hahe",,,,"maɾaka",,,,,,,,,,,,,,,,,,,,,,,,,,,,,,,,,,,,,,,,,,,,,,,,,,,,,,,,,,,,,,,,
"Unclassified","Warao (ortho)",,,"uhu",,,,"uba -noko (uba=sleep, noko=place of)",,,,"wahibaka",,,,,,"wisiratu (shaman)ibihi -rotu (ibihi=venom, rotu=owner of, listed as shaman) ",,,,,"esemoi",,,,,"ha","hanoko",,,,"buare","hahe",,,,"maraka",,,,,,,,,,,,,,,,,,,,,,,,,,,,,,,,,,,,,,,,,,,,,,,,,,,,,,,,,,,,,,,,
"Jivaro","Ashuar (orthographic)","Fast, Gerhard; Warkentin de Fast, Ruby and Fast, Daniel. 1996. Diccionario Shiwiar-Ashuar-Castellano. Serie Lingüística Peruana No. 36. Yarinacocha, ILV. ",,"súku, changkín, churúsek",,"piták",,"tepámu, tepéti, peák (wooden made)","kéematai","tasúng","japímuk","kánu","tárach","wenúrmau, wenúti","chúpum, chápum",,"yaing, iyáing","uwishín, iwishín","tsuwákratin, iwishín","yus","tampúr, ","túntui","japawea, peém, nángku",,"kasák",,"púmput","támpu","jea",,,"kuchí","sáapi, kuniá, wáarta, wáarat","kawín","puwát, purát","áuti, chínak",,"pue, puwáje","jákam",,"jíyu","épesh jáktin","núka najántramu",,"pusáng","tawásam
",,,,,,,,,,,,,,,,,,,,,,,,,,,,,,,,,,,,,,,,,,,,,,,,,,,,,,,,
"Jivaro","Ashuar (phonemic)","Daniel",,"suku, ʧaŋkin, ʧurusɯk ",,"pitak",,"tɯpamu, tɯpɯti, pɯak ","kɯ:matai","tasuŋ","xapimuk","kanu","taraʧ","wɯnurmau, wɯnuti","ʧupum, ʧapum",,"jaiŋ, iyaiŋ","uwiʃin, iwiʃin","tsuwakratin, iwiʃin","jus","tampur","tuntui","xapawɯã, pɯ:m, naŋku",,"kasak",,"pumput","tampu","xɯã",,,"kuʧi","sa:pi, kunia, wa:rta, wa:rat","kawin","puwat, purat","auti, ʧinak",,"pũɯ, pũwaxɯ","xakam",,"xiju","ɯpɯʃ xaktin","nuka najantra mu",,"pusaŋ","tawasam
",,,,,,,,,,,,,,,,,,,,,,,,,,,,,,,,,,,,,,,,,,,,,,,,,,,,,,,,
"Jivaro","Huambisa (orthographic)","Jakway, Martha (recop.). 1987 (2nd.ed.). Vocabulario huambisa.Serie Lingüística peruana no. 24 Lima, ILV.",,"chagkin",,,,"peak","kutag","pinig","japimuk","kanu (loan?)","jaanch",,"chigkim",,"pasuk","iwishin","iwishin","yuus (Spanish loan)","tampur (Spanish loan)",,"pigkui",,"tsaag",,"pumput","tampu","jea",,,"kuchii (Spanish loan)","machit (Spanish loan)","anuntai","paratu (Spanish loan)","wagka",,"shiripik","jaacha (Spanish loan)",,"karit","shiripik",,,,"tawas
",,,,,,,,,,,,,,,,,,,,,,,,,,,,,,,,,,,,,,,,,,,,,,,,,,,,,,,,
"Jivaro","Huambisa (phonemic)","Daniel",,"tʃaŋgkin",,,,"pɨak","kutaŋg","piniŋg","xapimuk","kanu","xa:ntʃ",,"tʃiŋgkim",,"pasuk","iwiʃin","iwiʃin","ju:s","tampur ",,"piŋgkui",,"tsa:ŋg",,"pumput","tampu","xɨa",,,"kutʃi:","matʃit","anuntai","paratu","waŋgka",,"ʃiripink","xa:ntʃa",,"karit","ʃiripik",,,,"tawas
",,,,,,,,,,,,,,,,,,,,,,,,,,,,,,,,,,,,,,,,,,,,,,,,,,,,,,,,
"Jivaro","Aguaruna (orthographic)","Wipio, Gerardo (recop.). (1996). Diccionario aguaruna-castellano, castellano-aguaruna.ILV, Lima.",,"chagkín",,"tukúpi, piták",,"pegák","ekeémtai",,"japímuk","kánu","jáanch","taníish, péeg","chígkim","íwanch(i)",,"pámuk","iwishín, tsuwájatin",,"tampúg (Spanish loan?)",,"pigkúi",,,,,"amák (Spanish loan)","jéga",,,"cuchí (Spanish loan)","máchit (Spanish loan)","kadaít","parátu (Spanish loan)","ichínak",,"púwag, pégkae","kanám(pa)",,"níji, kumái",,,,,"atséjutai","jámpu
",,,,,,,,,,,,,,,,,,,,,,,,,,,,,,,,,,,,,,,,,,,,,,,,,,,,,,,
"Jivaro","Aguaruna (phonemic)","Daniel",,"tʃangkín",,"tukúpi, piták",,"pɨgák","ɨkɨ:mtai",,"xapímuk","kánu","xá:ntʃ","taní:ʃ, pɨ:g","tʃíngkim","íwantʃi",,"pámuk","iwiʃín, tsuwáxatin ",,"tampúng",,"pingkúi",,,,,"amák","xɨga",,,"kutʃí","mátʃit","kadaít","parátu",,,"púwang,pɨngkaɨ","kanám(pa)",,"níxi, kumái",,,,,"atsɨxutai","xámpu
",,,,,,,,,,,,,,,,,,,,,,,,,,,,,,,,,,,,,,,,,,,,,,,,,,,,,,,
"Quechua","Quechua del Pastaza (Orthographic)","Landerman, Peter. (2008, 2nd. ed.). Vocabulario Quechua del Pastaza. ILV, Yarinacocha.",,"tasa",,,,"tultu","parindilla","mucawa","pichana","canwa (Spanish loan?)","camisa (Spanish loan)","caylla, cuchu","yanda",,"udiyu","supay, yachac","ambi siqui (ambi=poison; siqui=buttocks)",,"caja (Spanish loan)",,"lawta (Spanish loan), pingullu",,,,,"amanga (Spanish loan)","wasi",,,"cuchillu (Spanish loan)","sabli (Spanish loan from ""sable""=sword)","rimu (Spanish loan)","callana","manga",,"viqui","acha (Spanish loan)
",,,,,,,,,,,,,,,,,,,,,,,,,,,,,,,,,,,,,,,,,,,,,,,,,,,,,,,,,,,,,,,
"Quechua","Quechua del Pastaza (Phonemic)","Daniel",,"tasa",,,,"tultu","paɾindiʎa","mukawa","pitʃana","kanwa","kamisa","kajʎa, tʃutʃu","janda",,"udiju","supa, jatʃak","ambi siki",,"kaxa",,"lawta",,,,,"amanga",,,,"kutʃiʎu","sabli","ɾimu","kaʎana","manga",,"biki","atʃa
",,,,,,,,,,,,,,,,,,,,,,,,,,,,,,,,,,,,,,,,,,,,,,,,,,,,,,,,,,,,,,,
"Quechua","Inga (orthographic)","Tandioy, Domingo, Stephen Levinsohn and Alonso Maffla (comp). 1997. Diccionario Inga-Español.",,"saparu",,"puti",,"kawitu, puñudiru","banku (Spanish loan)","batia (Spanish loan?)",,"bungu (for making maize beer)","churaridiru","kincha","iamta",,"kuku","millaipa iacha (millai-=to feel sick; iacha=someone who cures) , samai pagta (samai=to cure; pagta=full) , sinchi","iacha",,"pum pum pum (onomatopey)",,,,,,,,"wasi",,,"kuchillu (Spanish loan)","kuchillu (Spanish loan)",,"kallana","manga",,"karaña",,,,,,,,"llaugtu, walka
",,,,,,,,,,,,,,,,,,,,,,,,,,,,,,,,,,,,,,,,,,,,,,,,,,,,,,,,
"Quechua","Inga (phonemic)","Daniel",,,,,,,,,,,,,,,,,,,,,,,,,,,,,,,,,,,,,,,,,,,,,,,,,,,,,,,,,,,,,,,,,,,,,,,,,,,,,,,,,,,,,,,,,,,,,,,,,,,,
"Quechua","Napo Lowland Quichua (orthographic)","Orr, Carolyn and Betsy Wrisley (comp.). 1981. Vocabulario quichua del oriente. ILV, Quito.",,,,"ashanga","huallca","puñuna",,"mucahua","pichana","canua (loan?)","churana","mayan","yanda",,"supai","yachaj",,,"caja",,"pingullu",,,,,"aparina","huasi",,,,"sauli (Spanish loan)","cahuina","callana","manga",,"huiqui",,,"pushca
",,,,,,,,,,,,,,,,,,,,,,,,,,,,,,,,,,,,,,,,,,,,,,,,,,,,,,,,,,,,,
"Quechua","Napo Lowland Quichua (phonemic)","Daniel",,,,,"waʎka","puɲuna",,"mukawa","pitʃana","kanua","tʃuɾana","majan","janda",,"supai","jatʃax",,,"kaxa",,"pinguʎu",,,,,"apaɾina","wasi",,,,"sauli","kawina","kaʎana","manga",,"wiki",,,"puʃka
",,,,,,,,,,,,,,,,,,,,,,,,,,,,,,,,,,,,,,,,,,,,,,,,,,,,,,,,,,,,,
"Isolate","Páez (orthographic) ",,,,,"cash",,"deeni ","pangu",,"scuba (Spanih loan)",,,"upj","e´cy",,"ech","dyijy, mestlu, tjẽj","yu´tsesa, pilwe´sh",,"cwẽeta",,"cuvy",,,,,"wej","yat",,,"cchill (Spanish loan)","cchill wala (cchill=knive; wala=intensifier)",,"bich","mityj","snacja, sñuñu",,"am",,"ilu (Spanish loan)","
",,,,,,,,,,,,,,,,,,,,,,,,,,,,,,,,,,,,,,,,,,,,,,,,,,,,,,,,,,,,
"Isolate","Páez (phonetic)","Daniel",,,,,,,,,,,,,,,,,,,,,,,,,,,,,,,,,,,,,,,,,,,,,,,,,,,,,,,,,,,,,,,,,,,,,,,,,,,,,,,,,,,,,,,,,,,,,,,,,,,,
"Peba-Yaguan","Yagua (orthohraphic)","Powlison, Paul (recop.). (1995). Diccionario yagua-castellano. Serie Lingüística Peruana no. 35. ILV, Lima.",,,,"jityu",,"maya","masajo","pato (Spanish loan?)","nintya","caritye","sujay","puryesiy","jipu",,,"rimyura","rimyura","judenu","richinu","jamu richinu ","dudu","dudumuta (dudu=flute; muta=a set of musical tubes)",,,"tununu","juniy","roriy",,,"casetuñu","camyutu, jmuta","satya","sidye","carosi","susatu","jaricha","jase","jinchidiy","nrabiju","mocandaju (facial tatoo)","saru",,"jimutu","nuvi","""muchanta
",,,,,,,,,,,,,,,,,,,,,,,,,,,,,,,,,,,,,,,,,,,,,,,,,,,,,,,
"Peba-Yaguan","Yagua (phonemic)","Daniel",,,,"xı̃tju",,"maja","mãsaxo","patõ","nintjã","karitje","suxaj","purjesij","xipu",,,"rimjura","rimjura","xũndenu","ritʃı̃nu","xãmu ritʃı̃nu","ndundu","ndundumuta",,,"tunũnu","xũnij","rorij",,,"kãsetuñu","kamjutu, xmuta","satja","sidje","karõsi","susãtu","xaritʃa","xase","xintʃidij","nrabixũ","mõkandaxu","sarũ",,"ximutũ","nuwi","""mutʃantã
",,,,,,,,,,,,,,,,,,,,,,,,,,,,,,,,,,,,,,,,,,,,,,,,,,,,,,,
"Peba-yagua","Yagua (orthographic) YAD IDS",,,"generic basket: hĩtyu; hntyu","generic basket: hĩtyu; hntyu","generic basket: hĩtyu; hntyu","mučarãnũ; mučarãnũsi","mãya",,"patõ","nintyã; nuntyã",,"suhay","puryesara","hipu; hiwũ",,"bayantu",,,"wũhẽ; [risu]","generic drum: ričĩnu","generic drum: ričĩnu","dudu; rudidyu",,,,,,"rori; wiča-ho",,,"kiči",,,"pay; sidye","kettle: himõ","susãtu",,"hase, (for battle)hũmũy",,,"mõkadahu",,,,,"-bi; wũ",,,,,,,,,,,,,,,,,,,,,,,,,,,,,,,,,,,,,,,,,,,,,,,,,,,,,,,
"Peba-yagua","Yagua (phonemic) YAD IDS",,,"generic basket: hĩtju; hntju","generic basket: hĩtju; hntju","generic basket: hĩtju; hntju","mutʃarãnũ; mutʃarãnũsi","mãja",,"patõ","nintjã; nuntjã",,"suhaj","purjesara","hipu; hiwũ",,"bajantu",,,"wũhẽ; [risu]","generic drum: ritʃĩnu","generic drum: ritʃĩnu","dudu; rudidju",,,,,,"rori; witʃa-ho",,,"kitʃi",,,"paj; sidje","kettle: himõ","susãtu",,"hase, (for battle)hũmũj",,,"mõkadahu",,,,,"-bi; wũ",,,,,,,,,,,,,,,,,,,,,,,,,,,,,,,,,,,,,,,,,,,,,,,,,,,,,,,
"Pano","Matses (orthographic)","""Fleck, David. (2003). A grammar of matses. PhD Dissertation, Rice University.
",,"tsitsan",,,,,,,"bescate","cano",,,,,"madu","dachiacanquid",,,,,,,,,,,,,,,"chështe (Spanish loan?)","uncate
",,,,,,,,,,,,,,,,,,,,,,,,,,,,,,,,,,,,,,,,,,,,,,,,,,,,,,,,,,,,,,,,,,,,
"Pano","Matses (phonemic)","Daniel",,"tsitsan",,"tʂoɾó","kasɨɾɯ",,,,"beskate","kanó (loan?)",,,,,"maɾú","datʃiakankid",,,,,,,,,,"di","ʂubu",,,,"tʃɨʃte","unkate",,"matsú, tʃokóʂ",,,"mokó
",,,,,,,,,,,,,,,,,,,,,,,,,,,,,,,,,,,,,,,,,,,,,,,,,,,,,,,,,,,,,,,
"Isolate","Ticuna (orthographic)","Anderson, Doris. 1962. Conversational ticuna. Yarinacocha Press, Yarinacocha. ",,,,,,,,,"taxwechigu","nawexũ","naxpü",,,,,,,,,,,,,,,"cüchawa","napata",,,"cüxchi (Spanish loan?)","
",,,,,,,,,,,,,,,,,,,,,,,,,,,,,,,,,,,,,,,,,,,,,,,,,,,,,,,,,,,,,,,,,,,,,
"Isolate","Ticuna (phonemic)","Daniel",,,,,,,,,"taʔwetʃigu","naweʔɨ̃","naʔpɨ",,,,,,,,,,,,,,,"kɨtʃawa","napata",,,"kɨʔtʃi","
",,,,,,,,,,,,,,,,,,,,,,,,,,,,,,,,,,,,,,,,,,,,,,,,,,,,,,,,,,,,,,,,,,,,,
"Tupi-Guaraní","Cocama (orthographic)","Faust, Norma. 2008 (3ra. ed.). Gramática cocama. Serie Lingüística Peruana no. 6. ILV, Lima.Espinosa, Lucas. 1989. Breve diccionario analítico castellano-tupí del Perú. Sección Cocama.Ediciones C.E.T.A., Iquitos.","muritsu","urkuru",,,,"ukɨrɨ tupa (place to sleep)","yapɨcatupa",,,"ɨara","chiru","yuta","ipia",,"mai","icuan (from the verb ""to know""), payum",,,"tutu",,"tiama",,,,,"tukini","uca",,,"quɨchi","quɨchi","yapuquita",,,,"kai","yɨ",,,,"pinawa",,,"yakɨ warimata","
",,,,,,,,,,,,,,,,,,,,,,,,,,,,,,,,,,,,,,,,,,,,,,,,,,,,,,,
"Tupi-Guaraní","Cocama (phonemic)","Daniel","muɾitsu","uɾkuɾu",,,,"ukɨɾɨ tupa ","japɨkatupa",,,"ɨaɾa","tʃiɾu","juta","ipia",,"mai","ikuan, pajum",,,"tutu",,"tiama",,,,,"tukini","uka",,,"kɨtʃi","kɨtʃi","japukita",,,,"kai","jɨ",,,,"pinawa",,,"jakɨ waɾimata","
",,,,,,,,,,,,,,,,,,,,,,,,,,,,,,,,,,,,,,,,,,,,,,,,,,,,,,,
"Tupi-Guarani","Nheengatu (phono)","John Blaha (Grenand)",,"baláju (borrowed from portuguese balaio), tukũ, waturá","baláju (borrowed from portuguese balaio), tukũ, waturá","baláju (borrowed from portuguese balaio), tukũ, waturá","puira",,,,,"igara (canoe) igarite (=big canoe)","aʃiɾuɾa",,"jepeawa, ukarupita (uka = casa, this word may not mean firewood, but it translates to wood or timber), sakay (dead branch for firewood)",,"urupari (old expression, redefined to mean Christian devil, ""Um mau espirito da mata para os Indios tupi, assimilado mais tarde ao Deus dos Indios tucanos) aŋgá (in dictionary, it is listed under both soul and spirit) jurupari (from Christian demons?)","mutawaɾasa (mutawar=smoke blower, sawa=nominalizer) pusaŋgasawa (pusaŋga=remedio, sawa = que tem o habito de)","pajé, pejusawa (peju=blow, sawa=nominalizer), pusaŋgasawa (pusaŋga=remedio, sawa = que tem o habito de)","mira aŋgá (mira=forest, anga=spirit) tupã (old word used to describe spirits causing thunder, but chosen later to describe Christian God.)","tamburina (loan, same as POR translation)","tamburina","mawaku",,,,,"makira","uka",,,"kisé, kisemiri (kise = knife, miri = small)","kisé","aputiká","parátu (from POR)","tuɾuá",,"isika","ʒi",,,,"apé",,,,,,,,,,,,,,,,,,,,,,,,,,,,,,,,,,,,,,,,,,,,,,,,,,,,,,,,,,,
"Tupi-Guarani","Nheengatu (ortho)","John Blaha (Grenand)",,"baláyu (borrowed from portuguese balaio), tukũ, waturá","baláyu (borrowed from portuguese balaio), tukũ, waturá","baláyu (borrowed from portuguese balaio), tukũ, waturá","puira",,,,,"igara (canoe) igarite (=big canoe)","axirura",,"yepeawa, ukarupita (uka = casa, this word may not mean firewood, but it translates to wood or timber) çakay (dead branch for firewood)",,"urupari (old expression, redefined to mean Christian devil, ""Um mau espirito da mata para os Indios tupi, assimilado mais tarde ao Deus dos Indios tucanos), angá, yurupari (from Christian demon?)"," mutawariçawa, puçangaçawa","payé, peyuçawa, puçangaçawa","mira angá (mira=forest, anga=spirit) tupã (old word used to describe spirits causing thunder, but chosen later to describe Christian God.)","tamburina","tamburina","mawaku",,,,,"makira","uka",,,"kicékicemiri","kicé","aputiká","parátu (from POR)","turuá",,"icika","ji",,,,"apé",,,,,,,,,,,,,,,,,,,,,,,,,,,,,,,,,,,,,,,,,,,,,,,,,,,,,,,,,,,
"Isolate","Urarina (orthographic)","Olawsky, Knut. 2006 A grammar of Urarina. Mouton de Gruyter. Berlin. ",,,,"umari",,,,,,"enanihja",,,"fwei",,"aãsaj",,,"kwaaʉn",,,"dʒufwana",,,,,,"lureri",,,"anofwa","saabere (Spanish loan)","kiha",,"darue",,"sakari","teru
",,,,,,,,,,,,,,,,,,,,,,,,,,,,,,,,,,,,,,,,,,,,,,,,,,,,,,,,,,,,,,,
"Isolate","Urarina (phonemic)","Daniel",,,,"umaɽi",,,,,,"enanihja",,,"fwei",,"aãsaj",,,"kwa:ʉn",,,"tʃufwana",,,,,,"luɽeɽi",,,"anofwa","sa:beɽe ","kiha",,"daɽue",,"sakaɽi","teɽu
",,,,,,,,,,,,,,,,,,,,,,,,,,,,,,,,,,,,,,,,,,,,,,,,,,,,,,,,,,,,,,,
"Isolate","Camsa (orthographic)","Monguí, José. 1981. La lengua kame.ntzá. Fonética-Fonología-Textos. Instituto Caro y Cuervo, Bogotá. ",,,,,,,,,,,,,,,,,,,"zé.njanabe",,,,,,,,"yébe.na",,,"kuchillitém (Spanish loan)",,"
",,,,,,,,,,,,,,,,,,,,,,,,,,,,,,,,,,,,,,,,,,,,,,,,,,,,,,,,,,,,,,,,,,,,
"Isolate","Camsa (phonemic)","Daniel",,,,,,,,,,,,,,,,,,,"sənχanabe",,,,,,,,"χebəna",,,"kutʃiʎitem",,"
",,,,,,,,,,,,,,,,,,,,,,,,,,,,,,,,,,,,,,,,,,,,,,,,,,,,,,,,,,,,,,,,,,,,
"Nadahup","Yuhup (phonemic)","Martins, Valteir. 2005. Reconstrução fonológica do Protomaku Oriental [Phonological reconstruction of eastern Protomaku]. Ph. D. diss., Vrije Universiteit, Amsterdam. Amsterdam: LOT. AP",,"bã̌ɟ",,,,,,,,"hɔ̂h","jûd",,"dˀuh",,,,,,,,"pĩ̌h",,,,,"jag","bɔ̃̂j",,,,"wã̌d",,,"bˀɔk",,,,,,,,,,,,,,,,,,,,,,,,,,,,,,,,,,,,,,,,,,,,,,,,,,,,,,,,,,,,,,,,,,
"Nadahup","Dâw (phonemic)","Martins, Valteir. 2005. Reconstrução fonológica do Protomaku Oriental [Phonological reconstruction of eastern Protomaku]. Ph. D. diss., Vrije Universiteit, Amsterdam. Amsterdam: LOT. AP",,"ʃeʔmãc, bɤj",,,,"xã̌m",,,,"xɔ̂","jûn",,"duh",,"pɔj",,,,,,,,,,,"jɛg","mã̂j, tɔp",,,,"wã̌n","wˀac",,"bɔk",,,,,,,,,,,,,,,,,,,,,,,,,,,,,,,,,,,,,,,,,,,,,,,,,,,,,,,,,,,,,,,,,,
"Nadahup","Nadêb Rç (phonemic)","Martins, Valteir. 2005. Reconstrução fonológica do Protomaku Oriental [Phonological reconstruction of eastern Protomaku]. Ph. D. diss., Vrije Universiteit, Amsterdam. Amsterdam: LOT. [ɨ is written ɯ in Martins]; Martins, Senn. Nadeb lexicon, ms; Weir, E.M. Helen 1984. A negação e outros tópicos da gramática Nadëb. Dissertação de Mestrado em Lingüística. Campinas: IEL-UNICAMP. AP",,,,,,,"tɯŋ",,,"ho̰ːh",,,"tɤːk̚",,,,"səːw",,,,"wariː",,,,,"jak̚","mɯ̃ːj, tɔb",,"jəm (dabacuri)",,"mariːj (terçado)","hɤː, həː",,"ʃaɾeːj",,,,,,,,,,,,,,,,,,,,,,,,,,,,,,,,,,,,,,,,,,,,,,,,,,,,,,,,,,,,,,,,,,
"Nadahup","Nadeb RN (phonemic)","Martins, Valteir. 2005. Reconstrução fonológica do Protomaku Oriental [Phonological reconstruction of eastern Protomaku]. Ph. D. diss., Vrije Universiteit, Amsterdam. Amsterdam: LOT. AP",,"bɯːj",,,,,,,,"ho̰ːh",,,,,,,,,,,,,,,,"jag","mɯ̃ːj, tɔb",,,,,,,"ʃeɾeːj",,,,,,,,,,,,,,,,,,,,,,,,,,,,,,,,,,,,,,,,,,,,,,,,,,,,,,,,,,,,,,,,,,
"Choco","Emberá (orthographic)","Sara, Solomon. A Tri-Lingual Dictionary of Emberá-Spanish-English",,,,,,,"bugée","thaśa","eskóa",,"wáa","korrá","tɨbʉ onokó","háure",,"haĩmbaná",,"ãŋkõré","thãmbóra","thãmbóra","plaúta",,,,,"hiráabaa","dhé",,,"néko","púuya","dhóbii","ephedéko","pháana",,,"zagará",,"ílo",,,,,"née-I (plume)","nephábanaa, phĩnthúra (paint)",,,,,,,,,,,,,,,,,,,,,,,,,,,,,,,,,,,,,,,,,,,,,,,,,,,,,,,
"Choco","Embeɹá (phonemic)","Saɹa, Solomon. A Tɹi-Lingual Dictionaɹj of Embeɹá-Spanish-English",,,,,,,"bugé:","thaśa","eskóa",,"wá:","korá","tɨbʍ onokó","háuɹe",,"haĩmbaná",,"ãŋkõɹé","thãmbóɹa","thãmbóɹa","plaúta",,,,,"hiɹáaba:","dhé",,,"néko","pú:ja","dhóbi:","ephedéko","phá:na",,,"zagaɹá",,"ílo",,,,,"né:-I (plume)","nephábana:, phĩnthúɹa (paint)",,,,,,,,,,,,,,,,,,,,,,,,,,,,,,,,,,,,,,,,,,,,,,,,,,,,,,,
"Isolate","Andoke (Orth)","Landaburu, Jon.  1979. La Langue des Andoke. -- Entered by Kelsey Neely",,,,,,,,,,"púkə̃",,,,,"koé (regular spirit, no necessarily evil)","tə̃́'etúʌ",,,,,,,,,,"komẽ (ko- is from kono=liana, mẽ means solid and supple)","ĩpəko","yó'sei (ritual cries)",,,,,,,"pol",,,,,,,,,,"do'ʌ́kə̃́",,,,,,,,,,,,,,,,,,,,,,,,,,,,,,,,,,,,,,,,,,,,,,,,,,,,,,,
"Isolate","Andoke (Phon)","Landaburu, Jon.  1979. La Langue des Andoke. -- Entered by Kelsey Neely",,,,,,,,,,"púkə̃",,,,,"koé (regular spirit, no necessarily evil)","tə̃́ʔetúʌ",,,,,,,,,,"komẽ (ko- is from kono=liana, mẽ means solid and supple)","ĩpəko","ʝóʔçei (ritual cries)",,,,,,,"pol",,,,,,,,,,"doʔʌ́kə̃́",,,,,,,,,,,,,,,,,,,,,,,,,,,,,,,,,,,,,,,,,,,,,,,,,,,,,,,
"Guahiban","Guayabero (phono)","Huber, R.; Reed, R. 1992. Comparative vocaulary: selected words in indigenous languages of Colombia. Instituto Linguistico de Verano. AP",,,,,,,"tIa-ék-ax",,,"kanáw",,,"ʔi",,,,"pinhóʔ-in",,,,,,,,,,"bu","ba",,,"síera",,"kanáeɸ",,"márma-t","hawétʃ",,,,,,,,,,,,,,,,,,,,,,,,,,,,,,,,,,,,,,,,,,,,,,,,,,,,,,,,,,,,,,,,
"Guahiban","Macaguan (ortho)","Buenaventura V., Edgar 1993. Observaciones preliminares acerca del idioma macaguán: apuntes culturales, fonología, apuntes gramaticales, vocabulario macaguán-español. Bogotá: ILV. AP",,,"kanás, kot",,,,"chihiét, jál-ne","lantíka",,"kaná","onsét",,"isót",,"chópinʉ",,"akuéy amúi",,,,,,,,,,"jamák-bu","mámkʉ",,,"kochípa","matsét","témpa","láto","pelór","chichít",,,,,,,,,,,,,,,,,,,,,,,,,,,,,,,,,,,,,,,,,,,,,,,,,,,,,,,,,,,,,,,,
"Guahiban","Macaguan (phono)","Buenaventura V., Edgar 1993. Observaciones preliminares acerca del idioma macaguán: apuntes culturales, fonología, apuntes gramaticales, vocabulario macaguán-español. Bogotá: ILV. AP",,,"kanás, kot",,,,"tʃiʔiét, hál-ne","lantíka",,"kaná","onsét",,"isót",,"tʃópinɨ",,"akuéj amúi",,,,,,,,,,"hamák-bu","mámkɨ",,,"kotʃípa","matsét","témpa","láto","pelóɾ","tʃitʃít",,,,,,,,,,,,,,,,,,,,,,,,,,,,,,,,,,,,,,,,,,,,,,,,,,,,,,,,,,,,,,,,
"Isolate","Huaorani","Bettie Gonzales; Summer Institute of Lingusitics 1959",,"óóto (generic)",,,,"mǫ́įkó (blanket)",,"ką́ą́ta (clay bowl)",,,,,,"ǫ́nowóka (soul, spirit generic term)","wę́næ (devil)",,,"wǽ̨ŋǫ́ŋį (god)",,,,,,,,"ñõõ","õkõ",,,,"tápa (spear)",,,"kǽ̨ŋæ̨, tyaegngya",,,,,"kõmẽ (string)",,,,,"ǫ́ma (feather)",,,,,,,,,,,,,,,,,,,,,,,,,,,,,,,,,,,,,,,,,,,,,,,,,,,,,,,,
