,,"English","mother","father","brother ","younger brother","older brother","sister","younger sister","older sister","paternal uncle","paternal aunt","P. Uncle's wife","P. Aunt's husband","maternal uncle","maternal aunt","maternal uncle's wife","maternal aunt's husband ","p. uncle's son","p. uncle's daughter","p. aunt's son","p. aunt's daughter","m. uncle's son","m. uncle's daughter","m. aunt's son","m. aunt's daughter","son","daughter","brother's son","brother's daughter","sister's son","sister's daughter","grandfather","grandmother","grandson","grand-daughter","sister-in-law","brother-in-law","wife","husband","son-in-law","daughter-in-law","mother-in-law","father-in-law","self-denomination of ethnic/linguistic group","denomination used for hunter-gatherers or agriculturalists in general (if relevant)","clan (or other relevant social grouping)",,,,,,,,,,,,,,,,,,,,,,,,,,,,,,,,,,,,,,,,,,,,,,,,,,,,,,,
,,"Portuguese","mãe","pai","irmão","irmão mais novo","irmão mais velho","irmã","irmão mais nova","irmã mais velha","tio paterno","tia paterna","esposa do tio p.","marido da tia p.","tio materno","tia materna","esposa do tio m.","marido da tia m.","filho do tio p.","filha do tio p.","filho da tia p.","filha da tia p.","filho do tio m.","filha do tio m.","filho da tia m.","filha da tia m.","filho","filha","sobrinho","sobrinha","sobrinho","sobrinha","avô","avó","neto","neta","cunhada","cunhado","esposa","esposo","genro","nora","sogra","sogro","auto-denominação do grupo","denominação usada pelos caçadores e agricultores","clã",,,,,,,,,,,,,,,,,,,,,,,,,,,,,,,,,,,,,,,,,,,,,,,,,,,,,,,
,,"Spanish","madre, mamá","padre, papá","hermano","hermano menor","hermano mayor","hermana","hermana menor","hermana mayor","tío","tía","tía, tía política","tío, tío político","tío","tía","tía, tía política","tío, tío político","primo","prima","primo","prima","primo","prima","primo","prima","hijo","hija","sobrino","sobrina","sobrino","sobrina","abuelo","abuela","nieto","nieta","cuñada","cuñado","esposa","esposo","yerno","nuera","suegra","suegro",,,"clan",,,,,,,,,,,,,,,,,,,,,,,,,,,,,,,,,,,,,,,,,,,,,,,,,,,,,,,
"Language family","Language","Source and person entering data",,,,,,,,,,,,,,,,,,,,,,,,,,,,,,,,,,,,,,,,,,,,,,,,,,,,,,,,,,,,,,,,,,,,,,,,,,,,,,,,,,,,,,,,,,,,,,,,,,,,
"Bora-Witoto","Bora (T98) (orthography)",,,,,,,,,,,,,,,,,,,,,,,,,,,"ajyúwa; ɨʹdsɨɨʹ (3sg possessed)",,,,,,,"íaáchi (grandson, his grandson)","íáácyuwa (granddaughter, his granddaughter)",,,,"tajɨ; ájyuú (3sg possessed)","ajya",,,,,,,,,,,,,,,,,,,,,,,,,,,,,,,,,,,,,,,,,,,,,,,,,,,,,,,,,,,,,
"Bora-Witoto","Bora boa (orthographic) (asch)","Aschmann, R. P. 1993.  Proto Witotoan, SIL and University of Texas at Arlington Publications in Linguistics, 114. Dallas: SIL and University of Texas at Arlington.  (entered by Leslie Smith)","kwaʔá-ro, kʷaʔá-ï","čiʔí-yo, čiʔí-ï",,,,,,,,,,,,,,,,,,,,,,,,,,,,,,,,,,,"tʰaápa, mekʷa, áthyáápaá","tʰaxɨ, áxyïḯ, áthyáxɨɨ́",,,,,,,,,,,,,,,,,,,,,,,,,,,,,,,,,,,,,,,,,,,,,,,,,,,,,,,,,,,,,,
"Bora-Witoto","Bora boa (phonemic) (asch)","Aschmann, R. P. 1993.  Proto Witotoan, SIL and University of Texas at Arlington Publications in Linguistics, 114. Dallas: SIL and University of Texas at Arlington.  (entered by Leslie Smith)","kwaʔá-ro, kʷaʔá-ɯ","tʃiʔí-jo, tʃiʔí-ɯ",,,,,,,,,,,,,,,,,,,,,,,,,,,,,,,,,,,"tʰaápa, mekʷa, áthjáápaá","tʰaxɨ, áxjɯɯ́, áthjáxɨɨ́",,,,,,,,,,,,,,,,,,,,,,,,,,,,,,,,,,,,,,,,,,,,,,,,,,,,,,,,,,,,,,
"Bora-Witoto","Muinane bmr (orthographic) (asch)","Aschmann, R. P. 1993.  Proto Witotoan, SIL and University of Texas at Arlington Publications in Linguistics, 114. Dallas: SIL and University of Texas at Arlington.  (entered by Leslie Smith)","gáʔá(rubi) {vocative}, sééxɨ","gíʔí(rubi) {vocative}, kááni",,,,,,,,,,,,,,,,,,,,,,,,,,,,,,,,,,,"táaba, áttʸáaba","áttyaxe, táxe, aixɨ",,,,,,,,,,,,,,,,,,,,,,,,,,,,,,,,,,,,,,,,,,,,,,,,,,,,,,,,,,,,,,
"Bora-Witoto","Muinane bmr (phonemic) (asch)","Aschmann, R. P. 1993.  Proto Witotoan, SIL and University of Texas at Arlington Publications in Linguistics, 114. Dallas: SIL and University of Texas at Arlington.  (entered by Leslie Smith)","gáʔá(rubi) {vocative}, sééxɨ","gíʔí(rubi) {vocative}, kááni",,,,,,,,,,,,,,,,,,,,,,,,,,,,,,,,,,,"táaba, áttjáaba","áttyaxe, táxe, aixɨ",,,,,,,,,,,,,,,,,,,,,,,,,,,,,,,,,,,,,,,,,,,,,,,,,,,,,,,,,,,,,,
"Bora-Witoto","Ocaina oca (orthographic) (asch)","Aschmann, R. P. 1993.  Proto Witotoan, SIL and University of Texas at Arlington Publications in Linguistics, 114. Dallas: SIL and University of Texas at Arlington. (entered by Leslie Smith)","ḯḯdzaʔ, ã́ʔĩʔ","mõõ(hõ)",,,,,,,,,,,,,,,,,,,,,,,,,,,,,,,,,,,"mï̃ʔtõ","õõna",,,,,,,,,,,,,,,,,,,,,,,,,,,,,,,,,,,,,,,,,,,,,,,,,,,,,,,,,,,,,,
"Bora-Witoto","Ocaina oca (phonemic) (asch)","Aschmann, R. P. 1993.  Proto Witotoan, SIL and University of Texas at Arlington Publications in Linguistics, 114. Dallas: SIL and University of Texas at Arlington. (entered by Leslie Smith)","ɯ́ɯ́dzaʔ, ã́ʔĩʔ","mõõ(hõ)",,,,,,,,,,,,,,,,,,,,,,,,,,,,,,,,,,,"mɯ̃ʔtõ","õõna",,,,,,,,,,,,,,,,,,,,,,,,,,,,,,,,,,,,,,,,,,,,,,,,,,,,,,,,,,,,,,
"Bora-Witoto","Ocaina (oca) orthographic (Leach)","Leach, Ilo M. 1969. Vocabulario ocaina. ILV-SLP 4. http://www.sil.org/americas/peru/html/pubs/show_work.asp?id=559 (entered by Leslie Smith)",,,"dyoonma, oohyo","uhxááma","onaam̈a","dyoonco, muntyoonco","uhxánco","onaaco","uróónjun","ñííah {generic 'aunt'}","juhxáácoh",,"jahiinñ̈ó","not given {the dictionary seems to indicate that they do not distinguish aunt by parental lineage but they do for uncle}","juhxáácoh",,"án̈uunm̈a","án̈uunco","án̈uunm̈a","án̈uunco","án̈uunm̈a","án̈uunco","án̈uunm̈a","án̈uunco","aavi","uuhta","oojo","múúnoco","oojo","múúnoco","uuhto","toohto","un̈aatu","un̈aatúco","óófeh, óóyah","oom̈a, oou",,,"ñixó","muunhñ̈o","xorááhya","xorááhya",,"jáántsi {gente legítima}","jan̈axo",,,,,,,,,,,,,,,,,,,,,,,,,,,,,,,,,,,,,,,,,,,,,,,,,,,,,,,
"Bora-Witoto","Ocaina (oca) phonemic (Leach)","Leach, Ilo M. 1969. Vocabulario ocaina. ILV-SLP 4. http://www.sil.org/americas/peru/html/pubs/show_work.asp?id=559 (entered by Leslie Smith)",,,,,,,,,,,,,,,,,,,,,,,,,,,,,,,,,,,,,,,,,,,,,,,,,,,,,,,,,,,,,,,,,,,,,,,,,,,,,,,,,,,,,,,,,,,,,,,,,,,,
"Bora-Witoto","Nɨpode Huitoto hux (orthographic) (asch)","Aschmann, R. P. 1993.  Proto Witotoan, SIL and University of Texas at Arlington Publications in Linguistics, 114. Dallas: SIL and University of Texas at Arlington.  (entered by Leslie Smith)","á-ño","mó.o",,,,,,,,,,,,,,,,,,,,,,,,,,,,,,,,,,,"á.ï","ḯni",,,,,,,,,,,,,,,,,,,,,,,,,,,,,,,,,,,,,,,,,,,,,,,,,,,,,,,,,,,,,,
"Bora-Witoto","Nɨpode Huitoto hux (phonemic) (asch)","Aschmann, R. P. 1993.  Proto Witotoan, SIL and University of Texas at Arlington Publications in Linguistics, 114. Dallas: SIL and University of Texas at Arlington.  (entered by Leslie Smith)","á-ño","mó.o",,,,,,,,,,,,,,,,,,,,,,,,,,,,,,,,,,,"á.ɯ","ɯ́ni",,,,,,,,,,,,,,,,,,,,,,,,,,,,,,,,,,,,,,,,,,,,,,,,,,,,,,,,,,,,,,
"Bora-Witoto","Mɨnɨca Huitoto hto (orthographic) (asch)","Aschmann, R. P. 1993.  Proto Witotoan, SIL and University of Texas at Arlington Publications in Linguistics, 114. Dallas: SIL and University of Texas at Arlington.  (entered by Leslie Smith)","éi, éi-ño","mó.o",,,,,,,,,,,,,,,,,,,,,,,,,,,,,,,,,,,"á.ï","ḯni",,,,,,,,,,,,,,,,,,,,,,,,,,,,,,,,,,,,,,,,,,,,,,,,,,,,,,,,,,,,,,
"Bora-Witoto","Mɨnɨca Huitoto hto (phonemic) (asch)","Aschmann, R. P. 1993.  Proto Witotoan, SIL and University of Texas at Arlington Publications in Linguistics, 114. Dallas: SIL and University of Texas at Arlington.  (entered by Leslie Smith)","éi, éi-ño","mó.o",,,,,,,,,,,,,,,,,,,,,,,,,,,,,,,,,,,"á.ɯ","ɯ́ni",,,,,,,,,,,,,,,,,,,,,,,,,,,,,,,,,,,,,,,,,,,,,,,,,,,,,,,,,,,,,,
"Bora-Witoto","Murui Huitoto huu (orthographic) (asch)","Aschmann, R. P. 1993.  Proto Witotoan, SIL and University of Texas at Arlington Publications in Linguistics, 114. Dallas: SIL and University of Texas at Arlington.  (entered by Leslie Smith)","e.i","mo.o",,,,,,,,,,,,,,,,,,,,,,,,,,,,,,,,,,,"a.ï","ïni",,,,,,,,,,,,,,,,,,,,,,,,,,,,,,,,,,,,,,,,,,,,,,,,,,,,,,,,,,,,,,
"Bora-Witoto","Murui Huitoto huu (phonemic) (asch)","Aschmann, R. P. 1993.  Proto Witotoan, SIL and University of Texas at Arlington Publications in Linguistics, 114. Dallas: SIL and University of Texas at Arlington.  (entered by Leslie Smith)","e.i","mo.o",,,,,,,,,,,,,,,,,,,,,,,,,,,,,,,,,,,"a.ɯ","ïni",,,,,,,,,,,,,,,,,,,,,,,,,,,,,,,,,,,,,,,,,,,,,,,,,,,,,,,,,,,,,,
"Peba-yagua","Yagua (orthographic) YAD IDS",,"-toda; hnõda","tatya; hãy","taryĩ; nuni nini","taryĩ wadinu","taryĩ munatyĩ","htyamutu; taryatu","htyamutu waditu; taryatu waditu","htyamutu munatyatu","hãčũ","deseda",,,"nuri","nõntu nõntũy",,,"taryĩwičĩ taryatuwičĩ","taryĩwičĩ taryatuwičĩ","taryĩwičĩ taryatuwičĩ","taryĩwičĩ taryatuwičĩ","taryĩwičĩ taryatuwičĩ","taryĩwičĩ taryatuwičĩ","taryĩwičĩ taryatuwičĩ","taryĩwičĩ taryatuwičĩ","danu; denu","detu",,,,,"hãpa; papa","tãyõ","hasĩ","hasatu",,,"watura","wanu","hadčã; kirye","hasĩntu; hasĩnũy","deseda","hãmu; nuri; hiɲur",,,"-hũrirya",,,,,,,,,,,,,,,,,,,,,,,,,,,,,,,,,,,,,,,,,,,,,,,,,,,,,,,
"Peba-yagua","Yagua (phonemic) YAD IDS",,"-toda; hnõda","tatja; hãj","tarjĩ; nuni nini","tarjĩ wadinu","tarjĩ munatjĩ","htjamutu; tarjatu","htjamutu waditu; tarjatu waditu","htjamutu munatjatu","hãtʃũ","deseda",,,"nuri","nõntu nõntũj",,,"taryĩwitʃĩ tarjatuwitʃĩ","tarjĩwitʃĩ tarjatuwitʃĩ","tarjĩwitʃĩ tarjatuwitʃĩ","taryĩwitʃĩ tarjatuwitʃĩ","taryĩwitʃĩ tarjatuwitʃĩ","taryĩwitʃĩ tarjatuwitʃĩ","taryĩwitʃĩ tarjatuwitʃĩ","taryĩwitʃĩ tarjatuwitʃĩ","danu; denu","detu",,,,,"hãpa; papa","tãjõ","hasĩ","hasatu",,,"watura","wanu","hadtʃã; kirje","hasĩntu; hasĩnũj","deseda","hãmu; nuri; hiɲur",,,"hũrirja",,,,,,,,,,,,,,,,,,,,,,,,,,,,,,,,,,,,,,,,,,,,,,,,,,,,,,,
"Unclassified","Puinave (orthographic)","Mario Girón Higuita. 2008. Una gramática del wã⁄nsöjöt (Puinave).LOT, Utrecht.
","´in","ʔiʔ","peuai",,,"jãwãi",,,"ibɤi",,,," wota´",,,,"tõwãi","jɤi",,,,,,,"turi","dou",,,,,"dom",,,"jɤwãi",,,"ʔu","ʔu",,,,,,,"""sɤjɤt
",,,,,,,,,,,,,,,,,,,,,,,,,,,,,,,,,,,,,,,,,,,,,,,,,,,,,,,
"Unclassified","Puinave (phonemic)","Daniel
","ʔin","ʔi:ʔ","pewai",,,"iãwãi",,,"ipɤi",,,,"uotaʔ",,,,"tõuãi","iɤi",,,,,,,"tuni","tou",,,,,"tom",,,"iɤuãi",,,"ʔu","ʔu",,,,,,,"""sɤiɤt
",,,,,,,,,,,,,,,,,,,,,,,,,,,,,,,,,,,,,,,,,,,,,,,,,,,,,,,
"Unclassified","Puinave pui (orthographic) (IDS)",,"-in
","-i","-pe-wãi","-pe-wãi i-tɨt","-pe-wãi i-pak-pən","-hã-wãi","-hã-wãi i-tɨt","-hã-wãi i-pak-pən","i-bəi","-iha",,,"-wota","-inha",,,,,,,,,,,"-wa","-dou","-pe-wo-wãi","-pe-do-wãi","-pe-wo-wãi","-pe-do-wãi","-dom","-an","-hə̃i-wãi","-hə̃i-wãi-da",,,"-u","-bon","-dou'u","-wa'u","-ditan","-u'ɨi","people: epin-ot",,"dom-nok-tə̃m-ot",,,,,,,,,,,,,,,,,,,,,,,,,,,,,,,,,,,,,,,,,,,,,,,,,,,,,,,
"Unclassified","Puinave pui (phonemic) (IDS)",,"-in","-i","-pe-wãi","-pe-wãi i-tɨt","-pe-wãi i-pak-pən","-hã-wãi","-hã-wãi i-tɨt","-hã-wãi i-pak-pən","i-bəi","-iha",,,"-wota","-inha",,,,,,,,,,,"-wa","-dou","-pe-wo-wãi","-pe-do-wãi","-pe-wo-wãi","-pe-do-wãi","-dom","-an","-hə̃i-wãi","-hə̃i-wãi-da",,,"-u","-bon","douʔu","waʔu","-ditan","uʔɨi","people: epin-ot",,"dom-nok-tə̃m-ot",,,,,,,,,,,,,,,,,,,,,,,,,,,,,,,,,,,,,,,,,,,,,,,,,,,,,,,
"Tucanoan","Cubeo (cub) (NM) phonemic",,"pakɔ","bájʉ (vocative), pakʉ",,"jɔ́kʉ, bʉtʃʉ (voc.),chumi (voc.), kĩ́ɣikʉ (voc.), nunami (Q)(voc.)(all one's own), ĩmakʉ, ɔ̃i jɔ́kʉ, ʉ̃i jɔ́kʉ (all another's)","mamicʉ, ãmiyó, (voc.), ãmi (voc.; apodo) (all one's own brother), jíbʉcʉ, õi mamicʉ, âi mamicʉ (all someone else's brother)",,"jɔ́kɔ, bʉtʃʉ (voc.),tʃumikɔ (voc.), kĩ́ɣikɔ (voc.) (one's own), ĩmakɔ, ɔ̃i jɔ́kɔ, ʉ̃i jɔ́kɔ","mamikɔ, ãmikɔ́(voc.), ãmi (voc.; apodo) (all one's own), ɣíbʉkɔ, ɣi mamikɔ, ʉ̃i mamikɔ","palĩmú, palĩjɔ́ (crossed; not necessarily paternal), pakʉmacʉ, pakʉjɔ́ (parallel not necessarily paternal)","palĩmɔ́ (crossed, not necessarily paternal), pakɔ (voc.), pakɔmakɔ (both parallel, not necessarily paternal)",,,"palĩmú, palĩjɔ́ (crossed; not necessarily paternal), pakʉmacʉ, pakʉjɔ́ (parallel not necessarily paternal)","palĩmɔ́ (crossed, not necessarily paternal), pakɔ (voc.), pakɔmakɔ (both parallel, not necessarily paternal)",,,"tʃimakʉ, ɣítʃimakʉ (both crossed, generic ""cousin""), mamikʉ, jɔ́kʉ (both parallel, generic"" cousin"")","tʃimakɔ, ɣítʃimakɔ (both crossed, generic ""cousin""), mamikɔ, jɔ́kɔ (both parallel, generic ""cousin"")","tʃimakʉ, ɣítʃimakʉ (both crossed, generic ""cousin""), mamikʉ, jɔ́kʉ (both parallel, generic"" cousin"")","tʃimakɔ, ɣítʃimakɔ (both crossed, generic ""cousin""), mamikɔ, jɔ́kɔ (both parallel, generic ""cousin"")","tʃimakʉ, ɣítʃimakʉ (both crossed, generic ""cousin""), mamikʉ, jɔ́kʉ (both parallel, generic"" cousin"")","tʃimakɔ, ɣítʃimakɔ (both crossed, generic ""cousin""), mamikɔ, jɔ́kɔ (both parallel, generic ""cousin"")","tʃimakʉ, ɣítʃimakʉ (both crossed, generic ""cousin""), mamikʉ, jɔ́kʉ (both parallel, generic"" cousin"")","tʃimakɔ, ɣítʃimakɔ (both crossed, generic ""cousin""), mamikɔ, jɔ́kɔ (both parallel, generic ""cousin"")","mákʉ, bʉkʉlʉ (voc.), bʉkʉ (voc.), mamakʉ (son of someone else)","mákɔ, bʉkʉlʉ (voc.)","tʃumi (crossed, generic ""nephew''), juikʉ (crossed, generic"" nephew"" of a male), pã́lamɔkʉ (crossed, generic ""nephew"" of a female), bʉkʉ (voc.), ɲʉɣɛmakʉ (both parallel, generic ""nephew"")","tʃumikɔ (voc.) (crossed, generic ""niece""), juikɔ (crossed, generic ""niece"" of a male), pã́lamɔkɔ (Crossed, generic ""niece"" of a female), bʉkɔ (voc.), ɲʉɣɛmakɔ (both parallel, generic ""niece"")","tʃumi (crossed, generic ""nephew''), juikʉ (crossed, generic"" nephew"" of a male), pã́lamɔkʉ (crossed, generic ""nephew"" of a female), bʉkʉ (voc.), ɲʉɣɛmakʉ (both parallel, generic ""nephew"")","tʃumikɔ (voc.) (crossed, generic ""niece""), juikɔ (crossed, generic ""niece"" of a male), pã́lamɔkɔ (Crossed, generic ""niece"" of a female), bʉkɔ (voc.), ɲʉɣɛmakɔ (both parallel, generic ""niece"")","ɲɛku","ɲɛkɔ","pãlaɣikʉ (voc.), pãlamɛkʉ","pãlaɣikɔ (voc.), pãlamɛkɔ","kapɛnʉmɔ, ɣítʃimakɔ, vɛ̃mɔ","kapɛnʉmʉ, kɔjʉmʉ, ɣítʃimakʉ","málɛpakɔ, jɔ́vaimɔ","málɛpakʉ, jɔ́vaimʉ","tʃumi (voc.), vákʉ","tʃumikɔ (voc.), vákɔ","palĩmɔ́","palĩmú, palĩjɔ́",,,,"
",,,,,,,,,,,,,,,,,,,,,,,,,,,,,,,,,,,,,,,,,,,,,,,,,,,,,,
"Tucanoan","Cubeo (cub) (NM) orthographic",,"paco","báyʉ (vocative), pacʉ",,"yócʉ, bʉchʉ (voc.),chumi (voc.), quĩ́jicʉ (voc.), nunami (Q)(voc.)(all one's own), ĩmacʉ, õi yócʉ, ʉ̃i yócʉ (all another's)","mamicʉ, ãmiyó, (voc.), ãmi (voc.; apodo) (all one's own brother), jíbʉcʉ, õi mamicʉ, âi mamicʉ (all someone else's brother)",,"yóco, bʉchʉ (voc.),chumico (voc.), quĩ́jico (voc.) (one's own), ĩmaco, õi yóco, ʉ̃i yóco","mamico, ãmicó(voc.), ãmi (voc.; apodo) (all one's own), jíbʉco, õi mamico, ʉ̃i mamico","parĩmú, parĩyó (crossed; not necessarily paternal), pacʉmacʉ, pacʉyó (parallel not necessarily paternal)","parĩmó (crossed, not necessarily paternal), paco (voc.), pacomaco (both parallel, not necessarily paternal)",,,"parĩmú, parĩyó (crossed; not necessarily maternal), pacʉmacʉ, pacʉyó (parallel not necessarily maternal)","parĩmó (crossed, not necessarily maternal), paco (voc.), pacomaco (both parallel, not necessarily maternal)",,,"chimacʉ, jíchimacʉ (both crossed, generic ""cousin""), mamicʉ, yócʉ (both parallel, generic"" cousin"")","chimaco, jíchimaco (both crossed, generic ""cousin""), mamico, yóco (both parallel, generic ""cousin"")","chimacʉ, jíchimacʉ (both crossed, generic ""cousin""), mamicʉ, yócʉ (both parallel, generic"" cousin"")","chimaco, jíchimaco (both crossed, generic ""cousin""), mamico, yóco (both parallel, generic ""cousin"")","chimacʉ, jíchimacʉ (both crossed, generic ""cousin""), mamicʉ, yócʉ (both parallel, generic"" cousin"")","chimaco, jíchimaco (both crossed, generic ""cousin""), mamico, yóco (both parallel, generic ""cousin"")","chimacʉ, jíchimacʉ (both crossed, generic ""cousin""), mamicʉ, yócʉ (both parallel, generic"" cousin"")","chimaco, jíchimaco (both crossed, generic ""cousin""), mamico, yóco (both parallel, generic ""cousin"")","mácʉ, bʉcʉrʉ (voc.), bʉcʉ (voc.), mamacʉ (son of someone else)","máco, bʉcʉrʉ (voc.)","chumi (crossed, generic ""nephew''), yuicʉ (crossed, generic"" nephew"" of a male), pã́ramocʉ (crossed, generic ""nephew"" of a female), bʉcʉ (voc.), ñʉjemacʉ (both parallel, generic ""nephew"")","chumico (voc.) (crossed, generic ""niece""), yuico (crossed, generic ""niece"" of a male), pã́ramoco (Crossed, generic ""niece"" of a female), bʉco (voc.), ñʉjemaco (both parallel, generic ""niece"")","chumi (crossed, generic ""nephew''), yuicʉ (crossed, generic"" nephew"" of a male), pã́ramocʉ (crossed, generic ""nephew"" of a female), bʉcʉ (voc.), ñʉjemacʉ (both parallel, generic ""nephew"")","chumico (voc.) (crossed, generic ""niece""), yuico (crossed, generic ""niece"" of a male), pã́ramoco (Crossed, generic ""niece"" of a female), bʉco (voc.), ñʉjemaco (both parallel, generic ""niece"")","ñecu","ñeco","pãrajicʉ (voc.), pãramecʉ","pãrajico (voc.), pãrameco","capenʉmo, jíchimaco, vẽmo","capenʉmʉ, coyʉmʉ, jíchimacʉ","márepaco, yóvaimo","márepacʉ, yóvaimʉ","chumi (voc.), vácʉ","chumico (voc.), váco","parĩmó","parĩmú, parĩyó",,,,"
",,,,,,,,,,,,,,,,,,,,,,,,,,,,,,,,,,,,,,,,,,,,,,,,,,,,,,
"Tucanoan","Carapana (ortho)","Metzger, Ronald G., compiler. 2000. Marĩ yaye mena Carapana, yaia yaye mena Español macãrĩcã tuti = Carapana-Español, diccionario de 1000 palabras. Bogotá: Editorial Alberta Lleras Camargo. v, 157 p.",,"caacʉ (voc.), pacʉ (pos.)","caaco (voc.), paco (pos.)","bai","jʉ̃gocʉ",,"baio","jʉ̃goco","mʉgʉ̃","mʉgõ",,,"mʉgʉ̃","mʉgõ",,,,,,,,,,,"macʉ̃","macõ","macʉ̃","macõ","pãmocʉ̃","pãmocõ","ñicʉ̃","ñicõ","pãrãmi","pãrãmeo","tẽñʉ","tẽño","manapʉ̃","manapʉ","buí","buiaco","mañicõ","mañicʉ̃",,,,,,,,,,,,,,,,,,,,,,,,,,,,,,,,,,,,,,,,,,,,,,,,,,,,,,,,,,
"Tucanoan","Carapana (phono)","Amanda Novak",,"kaacʉ, pakʉ","kaakɔ, pakɔ","bai","yʉ̃xɔkʉ",,"baiɔ","yʉ̃xɔkɔ","mʉ̃gʉ̃","mʉ̃xɔ̃",,,"mʉ̃xʉ","mʉ̃xɔ̃",,,,,,,,,,,"mãkɨ̃","mãkɔ̃","mãkɨ̃","mãkɔ̃","pãmɔ̃kɨ̃","pãmɔ̃kɔ̃","ɲĩkɨ̃","ɲĩkɔ̃","pãɾãmĩ","pãɾãmɛ̃ɔ","tɛ̃ɲɨ̃","tɛ̃ɲɔ̃","mãnãpɨ̃","mãnãpɨ","buí","buiakɔ","mãɲĩkɔ̃","mãɲĩkɨ̃",,,,,,,,,,,,,,,,,,,,,,,,,,,,,,,,,,,,,,,,,,,,,,,,,,,,,,,,,,
"Tucanoan","Macuna (ortho)","Smothermon, Jeffrey R. and Josephine H. Smothermon, compilers. 1993. Masa ye, gawa ye rãca ãmara tuti (Macuna - español diccionario de 850 palabras). Bogotá: Editorial Alberto Lleras Camargo. 206 p.","mami (mami), jaco","cʉ̃na (Papí), jacʉ",,"ocabaji, ocabajio, quĩa","bai (voc.), rĩjorʉ",,"nomi, ocabajio","ĩño (voc.), rĩjoro","bʉamʉ","mecajo, gajego","mecajo","bʉamʉ",,"gajego","gajego",,,,,,,,,,"macʉ, rĩacã (pl.)","maco, rĩacã (pl.)","gaje (younger brother's son)",,"jarogʉ (younger sister's son)","jaro (younger sister's daughter)","ñecu, ñicʉ","ñeco, ñico, suiga","jãnnmi","jãneño","bujibaco, tẽño","bujibacʉ, tẽñʉ","manojo","manʉjʉ","buji","jẽjo","mañico","mañicʉ",,,,,,,,,,,,,,,,,,,,,,,,,,,,,,,,,,,,,,,,,,,,,,,,,,,,,,,,,,
"Tucanoan","Macuna (phono)","Amanda Novak","mami (mami), xaco","kɨ̃na (Papí), xakɨ",,"okabaxi, okabaxio, kĩa","bai (voc.), lĩxoɾɨ",,"nomi, okabaxio","ĩɲo (voc.), lĩxoɾo","bɨamɨ","mɛkaxo, gaxɛgo","mɛkaxo","bɨamɨ",,"gaxɛgo","gaxɛgo",,,,,,,,,,"makɨ, lĩakã (pl.)","mako, lĩakã (pl.)","gaxɛ (younger brother's son)",,"xalogɨ (younger sister's son)","xalo (youngeɾ sisteɾ's daughteɾ)","ɲɛku, ɲikɨ","ɲɛko, ɲiko, suiga","xãnnmi","xãnɛɲo","buxibako, tɛ̃ɲo","buxibakɨ, tɛ̃ɲɨ","manoxo","manɨxɨ","buxi","xɛ̃xo","maɲiko","maɲikɨ",,,,,,,,,,,,,,,,,,,,,,,,,,,,,,,,,,,,,,,,,,,,,,,,,,,,,,,,,,
"Tucanoan","Wanano gvc (stenz revised)  (phonemic)",,,,,"baʔʉ","~wabi",,"baʔo ","~wabio",,,,,,,,,,,,,,,,,,,,,,,"~dučʉ","~dučo",,,,,"nãmõ (o hi) (stenz)","~badu ",,,,,,,,,,,,,,,,,,,,,,,,,,,,,,,,,,,,,,,,,,,,,,,,,,,,,,,,,,,,,,
"Tucanoan","Piratapuyo (phono)","Huber, R.; Reed, R. 1992. Comparative vocaulary: selected words in indigenous languages of Colombia. Instituto Linguistico de Verano.",,"pa'ko","pa'kɨ",,,,,,,,,,,,,,,,,,,,,,,,,,,,,,,,,,,"dã'bõ-dõ","bã'dɨ̃-dõ",,,,,,,,,,,,,,,,,,,,,,,,,,,,,,,,,,,,,,,,,,,,,,,,,,,,,,,,,,,,,
"Tucanoan ","Siriano (phono)","Brandrup, Beverly Ann 1980. Fonología del siriano. En: Vocabulario siriano-español. Lomalinda: ILV/MG.",,"pagó","pagɨ́",,"kãmí (vokativo), pagɨ́ mágɨ","gããmú (voc.), tĩ́gɨ",,"pagɨ́ mágo","diió (vocativo), tĩ́go","pagɨ́ pɨɨɾɨ́mɨ","bɨámó",,,"bɨámɨ́",,,,"basúdí","basúdéo",,,,,,,"magɨ́","magó","tĩ́gɨ magɨ","pṹmúkó","pṹmúkɨ́","tĩ́go mago","ɲekɨ̃́","ɲekṍ",,,"põẽ́",,"maɾã́pó","maɾã́pɨ́","buhí",,"muɲekó","muɲékɨ́",,,,,,,,,,,,,,,,,,,,,,,,,,,,,,,,,,,,,,,,,,,,,,,,,,,,,,,,,
"Tucanoan ","Siriano (ortho)","AP",,"pagó","pagʉ́",,"cãmí (vocativo), pagʉ́ mágʉ","gããmú (voc.), tĩ́gʉ",,"pagʉ́ mágo","diió (vocativo), tĩ́go","pagʉ́ pʉʉrʉ́mʉ","bʉámó",,,"bʉámʉ́",,,,"basúdí","basúdéo",,,,,,,"magʉ́","magó","tĩ́gʉ magʉ","pṹmúcó","pṹmúcʉ́","tĩ́go mago","ñecʉ̃́","ñecṍ",,,"põẽ́",,"marã́pó","marã́pʉ́","bují",,"muñecó","muñécʉ́",,,,,,,,,,,,,,,,,,,,,,,,,,,,,,,,,,,,,,,,,,,,,,,,,,,,,,,,,
"Tucanoan ","Tanimuca tnc (phono)","Gaviria, Sofia Victoria – Luis José Azcárate 1979. Fonología y lexicología de la lengua tanimuka. Bogotá: Universidad de los Andes, Facultad de Artes y Ciencias, Departamento de Antropología",,"bãʔ'ĩ, 'pako 're",,,"rĩʔ'ĩ","hã'ĩ",,,,"ãʔ'ã","ka'ko",,,"dyadyá","bẽʔ'ẽ",,,"õʔ'to bã'hĩ, bu'i","hũ'ũ",,"ha'o",,"ha'o","hũ'ũ","hũ'ũ","bãkĩ","bãkõ",,,,,"aʔ'ki","pẽ'te rõ'õ 'rã","rĩ pãrã'bĩ","rĩ pãrã'bõ","aʔ'dyo","ũ'ã bã'hĩ","ki 'rũbũ","ko tĩ'bĩ","bã'hã bu'i","bãkĩ rũ'bũ",,"bãdyẽ 'kĩ",,,,,,,,,,,,,,,,,,,,,,,,,,,,,,,,,,,,,,,,,,,,,,,,,,,,,,,,,
"Tucanoan ","Tanimuca tnc (ortho)","AP",,"bãʔ'ĩ, 'pako 're",,,"rĩʔ'ĩ","hã'ĩ",,,,"ãʔ'ã","ka'ko",,,"dyadyá","bẽʔ'ẽ",,,"õʔ'to bã'hĩ, bu'i","hũ'ũ",,"ha'o",,"ha'o","hũ'ũ","hũ'ũ","bãkĩ","bãkõ",,,,,"aʔ'ki","pẽ'te rõ'õ 'rã","rĩ pãrã'bĩ","rĩ pãrã'bõ","aʔ'dyo","ũ'ã bã'hĩ","ki 'rũbũ","ko tĩ'bĩ","bã'hã bu'i","bãkĩ rũ'bũ",,"bãdyẽ 'kĩ",,,,,,,,,,,,,,,,,,,,,,,,,,,,,,,,,,,,,,,,,,,,,,,,,,,,,,,,,
"Tucanoan","Tucano hr97 (phono)",,,"pakó","pakɨ","pãanɨmɨˊ (feminine ego)","aka-bihí","ma'mí",,"aka-bihó","ma'mió","pakɨˊ-ma'mi, pakɨ-aká-bihi","pakɨ-ma'mio, waméo, pakɨ-aká-biho",,,"pakó-pãa-nɨmɨˊ, pakó-ma'mi, pako-aká-bihi","pakó-ma'mio, mɨgó, pako-aká-biho",,,"ma'mí, aka-bihí","ma'mió, aka-bihó","basúkɨ","basúko","basúkɨ","basúko","pako-makɨˊ","pako-makó","makɨˊ","makó","ma'mi-makɨˊ, aa-bihí-makɨ","ma'mi-makó, aka-bihí-makó","ma'mió-makɨˊ, aka-bihó-makɨ","ma'mió-makó, aka-bihó-mako","jẽkɨˊ","jẽkó","pãra-mií","pãra-meó","buhí-ba'ako (m. ego), sĩó (f. ego)","pẽ'jagɨˊ (m.ego), buhí-ba'akɨ (f.ego)","nɨmó","marapɨˊ","buhí","makɨ-nɨmó","maa-jẽkó","maa-jẽkɨˊ","je'pâmasɨ",,,,,,,,,,,,,,,,,,,,,,,,,,,,,,,,,,,,,,,,,,,,,,,,,,,,,,,,"
"
"Tucanoan","Tucano (ortho)",,,"pakó","pakɨ","pãanɨmɨˊ (feminine ego)","aka-bihí","ma'mí",,"aka-bihó","ma'mió","pakɨˊ-ma'mi, pakɨ-aká-bihi","pakɨ-ma'mio, waméo, pakɨ-aká-biho",,,"pakó-pãa-nɨmɨˊ, pakó-ma'mi, pako-aká-bihi","pakó-ma'mio, mɨgó, pako-aká-biho",,,"ma'mí, aka-bihí","ma'mió, aka-bihó","basúkɨ","basúko","basúkɨ","basúko","pako-makɨˊ","pako-makó","makɨˊ","makó","ma'mi-makɨˊ, aa-bihí-makɨ","ma'mi-makó, aka-bihí-makó","ma'mió-makɨˊ, aka-bihó-makɨ","ma'mió-makó, aka-bihó-mako","yẽkɨˊ","yẽkó","pãra-mií","pãra-meó","buhí-ba'ako (m. ego), sĩó (f. ego)","pẽ'yagɨˊ (m.ego), buhí-ba'akɨ (f.ego)","nɨmó","marapɨˊ","buhí","makɨ-nɨmó","maa-yẽkó","maa-yẽkɨˊ","ye'pâmasɨ",,,,,,,,,,,,,,,,,,,,,,,,,,,,,,,,,,,,,,,,,,,,,,,,,,,,,,,,"
"
"Tucanoan ","Tuyuka tue IDS orthographic",,"pa'ko","pa'kɨ",,"ba'i","sõ'wɨ̃",,"bayi'o","sõ'wõ","bɨ'gɨ","bẽ'kɨ̃",,,"bẽ'kɨ̃","bɨ'go",,,"tẽ'yɨ̃; tẽ'yõ","tẽ'yɨ̃; tẽ'yõ","tẽ'yɨ̃; tẽ'yõ","tẽ'yɨ̃; tẽ'yõ","tẽ'yɨ̃; tẽ'yõ","tẽ'yɨ̃; tẽ'yõ","tẽ'yɨ̃; tẽ'yõ","tẽ'yɨ̃; tẽ'yõ","bã'kɨ̃","bã'kõ","sõwɨ̃-bã'kɨ̃; sõwõ-bã'kɨ̃","sõwɨ̃-bã'kõ; sõwõ-bã'kõ","sõwɨ̃-bã'kɨ̃; sõwõ-bã'kɨ̃","sõwɨ̃-bã'kõ; sõwõ-bã'kõ","yẽ'kɨ̃","yẽ'kõ","'pãrãbĩ","'pãrãbẽõ",,,"dɨ̃'bõ","bã'dɨ̃","-'bui","bã'kɨ̃-dɨ̃bõ","bãyẽ'kõ","bãyẽ'kɨ̃","people: baso'ka",,"-bu",,,,,,,,,,,,,,,,,,,,,,,,,,,,,,,,,,,,,,,,,,,,,,,,,,,,,,,
"Tucanoan","Tuyuka tue IDS phonemic",,"paʔko","paʔkɨ",,"baʔi","sõʔwɨ̃",,"bajiʔo","sõʔwõ","bɨʔgɨ","bẽʔkɨ̃",,,"bẽʔkɨ̃","bɨʔgo",,,"tẽʔjɨ̃; tẽʔjõ","tẽʔjɨ̃; tẽʔjõ","tẽʔjɨ̃; tẽʔjõ","tẽʔjɨ̃; tẽʔjõ","tẽʔjɨ̃; tẽʔjõ","tẽʔjɨ̃; tẽʔjõ","tẽʔjɨ̃; tẽʔjõ","tẽʔjɨ̃; tẽʔjõ","bãʔkɨ̃","bãʔkõ","sõwɨ̃-bãʔkɨ̃; sõwõ-bãʔkɨ̃","sõwɨ̃-bãʔkõ; sõwõ-bãʔkõ","sõwɨ̃-bãʔkɨ̃; sõwõ-bãʔkɨ̃","sõwɨ̃-bãʔkõ; sõwõ-bãʔkõ","jẽʔkɨ̃","jẽʔkõ","ʔpãrãbĩ","ʔpãrãbẽõ",,,"dɨ̃ʔbõ","bãʔdɨ̃","ʔbui","bãʔkɨ̃-dɨ̃bõ","bãjẽʔkõ","bãjẽʔkɨ̃","people: basoʔka",,"-bu",,,,,,,,,,,,,,,,,,,,,,,,,,,,,,,,,,,,,,,,,,,,,,,,,,,,,,,
"Tucanoan","Tuyuka","Tamayo L., César 1988. Mi primer diccionario: español-tuyuca, tuyuca-español (primera edición), ed. por J. Barnes. Bogotá: ILV.",,,"pako","pakɨ",,"bai",,,"baiyó",,,"bɨgo",,,,"bɨgo",,,,,,,,,,,"makɨ̃","makõ",,,,,"ñekɨ","ñekõ","pãrãmí","pãrãméo","õsĩó","tẽñɨ",,"manɨ",,,"mañekṍ","mañekɨ̃́",,,,,,,,,,,,,,,,,,,,,,,,,,,,,,,,,,,,,,,,,,,,,,,,,,,,,,,,
"Tucanoan","Tuyuka","AP",,,"paco","pacʉ",,"bai",,,"baiyó",,,"bʉgo",,,,"bʉgo",,,,,,,,,,,"macʉ̃","macõ",,,,,"ñecʉ","ñecõ","pãrãmí","pãrãméo","õsĩó","tẽñʉ",,"manʉ",,,"mañecṍ","mañecʉ̃́",,,,,,,,,,,,,,,,,,,,,,,,,,,,,,,,,,,,,,,,,,,,,,,,,,,,,,,,
"Tucanoan","Yuruti (phono)","Huber, R.; Reed, R. 1992. Comparative vocaulary: selected words in indigenous languages of Colombia. Instituto Linguistico de Verano.",,"pa'kó","pa'kɨ́",,,,,,,,,,,,,,,,,,,,,,,,,,,,,,,,,,,"dɨ̃́bõ","bã́dɨ̃ɨ̃",,,,,,,,,,,,,,,,,,,,,,,,,,,,,,,,,,,,,,,,,,,,,,,,,,,,,,,,,,,,,
"Tucanoan","Orejon (Ortographic)","""Velie, Daniel and Velie Virginia. (2008) (second edition). Vocabulario orejon. Serie Lingüística Peruana No. 16. Yarinacocha, ILV.
","jaco ago","jaquɨ aguɨ","doiquɨ aguɨ","odi aguɨ","ayi aguɨ",,"odi ago","ayo ago","jaquɨ aguɨ","bɨco ago",,,"u aguɨ","jaco ago",,,"yi yeque doiquɨ aguɨ","yi yeque doico ago",,,,,,,"mamaquɨ aguɨ, yibaguɨ aguɨ","mamaco ago, yibago ago","jutɨ aguɨ","juto aguɨ",,,"beguɨ aguɨ","bego ago","naji aguɨ","najeo ago","báo ago","baɨ aguɨ","nɨjo ago","ɨjɨ aguɨ","baɨ aguɨ","báo ago","baó ago","baɨ aguɨ",,"
",,,"
",,,,,,,,,,,,,,,,,,,,,,,,,,,,,,,,,,,,,,,,,,,,,,,,,,,,,
"Tucanoan","Orejon (Phonemic)","Daniel","xako ago","xakɨ agɨ","doikɨ agɨ","odi agɨ","aji agɨ",,"odi ago","ajo ago","xakɨ agɨ","bɨko ago",,,"ũ akɨ","xako ago",,,"ji jeke doikɨ agɨ ","ji jeke doiko ago",,,,,,,"mamakɨ agɨ, jibagɨ agɨ","mamako ago, jibago ago","xũtɨ agɨ","xũto agɨ",,,"begɨ agɨ","bego ago","naxi agɨ","naxeo ago","báo ago","baɨ agɨ","nɨxõ ago","ɨxɨ agɨ","baɨ agɨ","báo ago","baó ago","baɨ agɨ",,,"
",,"
",,,,,,,,,,,,,,,,,,,,,,,,,,,,,,,,,,,,,,,,,,,,,,,,,,,,,
"Tucanoan","Koreguaje (Ortographic)","""Cook, Dorothy and Gralow, Frances. 2001. Diccionario bilingüe: Koreguaje - Español, Español - Koreguaje. Bogotá: Editorial Alberto Lleras Camargo. 
","ja'ko","ja'kʉ",,"cho'jeʉ","a'chʉ",,"cho'jeo","a'cho","chekʉ ja'kʉ, ja'kʉ ","pʉ'ko",,,,"cheko ja'ko, ja'ko",,,"chekʉ a'chʉ","cheko a'cho",,,,,,,"neekʉ","neeko","jũtaʉ","jũtao",,,"cu'eʉ","cu'eo","najeʉ","najeo","je'oo","je'oʉ","rʉjo","ʉjʉʉ","vaʉ","vao","vao","vaʉ",,,,,"
",,,,,,,,,,,,,,,,,,,,,,,,,,,,,,,,,,,,,,,,,,,,,,,,,,,,,
"Tucanoan","Koreguaje (Phonetic)","Daniel","xaʔkho","xaʔkhʉ",,"dʒoʔxeʉ","aʔdʒʉ",,"dʒoʔxeo","aʔdʒo","dʒekhʉ xaʔkʉ, xaʔkʉ","pʉʔkho",,,,"dʒekho xaʔkho, xaʔkho",,,"dʒekhʉ aʔdʒʉ","dʒekho aʔdʒo",,,,,,,"neekhʉ","neekho","xũthaʉ","jũthao",,,"kuʔeʉ","kuʔeo","naxeʉ","naxeo","xeʔoo","xeʔoʉ","rʉxo","ʉxʉʉ","baʉ","bao","bao","baʉ","
",,"
",,"
",,,,,,,,,,,,,,,,,,,,,,,,,,,,,,,,,,,,,,,,,,,,,,,,,,,,,
"Tucanoan","Siona (orthographic)","Huber, Randall and Reed, Robert. 1992. Vocabulario comparativo. Palabras selectas de lenguas de Colombia. ILV, Santafé de Bogotá.
",,,,,,,,,,,,,,,,,,,,,,,,,,,,,,,,,,,,,,,,,,,,,"
",,,,,,,,,,,,,,,,,,,,,,,,,,,,,,,,,,,,,,,,,,,,,,,,,,,,,,,
"Tucanoan ","Siona (phonemic)","Daniel
","haʔ´ko, pɨʔ´ka-go","haʔ´kɨ, pɨʔ´ka-gɨ",,,,,,,,,,,,,,,,,,,,,,,,,,,,,,,,,,,"dɨ̃´hõ","ɨ̃´hɨ̃",,,,,,"
","
",,,,,,,,,,,,,,,,,,,,,,,,,,,,,,,,,,,,,,,,,,,,,,,,,,,,,,,
"Tucanoan","Desano (Orthographic)","Addison M","pago","pagʉ",,"pagʉ magʉ","tĩgʉ",,"pagʉ mago","tĩgo","wã́ĩ","wãño",,,,,,,,,,,,,,,"magʉ","mago",,,"põmacʉ","põmaco","ñecʉ","ñeco","pãrami","pãrameo",,,"marapʉ","marapo","buji","bepo","mʉñeco","mʉñecʉ",,,,,,,,,,,,,,,,,,,,,,,,,,,,,,,,,,,,,,,,,,,,,,,,,,,,,,,,,,
"Tucanoan","Desano (Phonemic)","Addison M","pago","pagɯ",,"pagɯ magɯ","tĩgɯ",,"pagɯ mago","tĩgo","wã́ĩ","wãño",,,,,,,,,,,,,,,"magɯ","mago",,,"põmacɯ","põmaco","ñecɯ","ñeco","pãrami","pãrameo",,,"marapɯ","marapo","buhi","bepo","mɯñeco","mɯñecɯ",,,,,,,,,,,,,,,,,,,,,,,,,,,,,,,,,,,,,,,,,,,,,,,,,,,,,,,,,,
"Tucanoan","Barasano","Addison M",,"kakʉ",,,"gagʉ",,,,,,,,,,,,,,,,,,,,"bãku",,,,,,"yīkʉ",,"hãdabi",,,,"bãdaho",,,,,,,,,,,,,,,,,,,,,,,,,,,,,,,,,,,,,,,,,,,,,,,,,,,,,,,,,,,,,,,
"Isolate","Cofan (orthographic)","Borman, M. B. (comp). 1976. Vocabulario Cofan: Cofán - Castellano, Castellano -Cofán. Serie de Vocabularios Indígenas Mariano Silva y Aceves. No. 19.ILV, Quito.
","chan","quitsa",,"que´tte, quinshi","quindya",,"shi´mppi","she´she","to´nto","chonge",,,,,,,"quinshi, to´nto, antia","que´tte",,,,,,,"ari, dushu´o, du´shu, duttssi´ye, jaricho","onquen, sheno, shi´mppi","quinshi","sheno, shi´mppi",,,"yaya ccashe´ye","mama cashe","jaricho","onquen",,"quítsuco","cocama pushe (of a white person), chan (mother), pushe","tsa´ndu","du´su","china","chau ccashe","quitsa ccashe´ye",,,"""
",,,,,,,,,,,,,,,,,,,,,,,,,,,,,,,,,,,,,,,,,,,,,,,,,,,,,,,
"Isolate","Cofan (phonemic)","Daniel
","
",,,,,,,,,,,,,,,,,,,,,,,,,,,,,,,,,,,,,,,,,,,,,,,,,,,,,,,,,,,,,,,,,,,,,,,,,,,,,,,,,,,,,,,,,,,,,,,,,,,
"Isolate","Candoshi (orthograpchic)","Tuggy, John. 2008. Vocabulario candoshi de Loreto (2da. Ed). Serie Lingüística Peruana no. 2. ILV, Lima.","atáatá","apaapa","zovalli (masculine ego), váavari (feminine ego)",,,"izaari (masculine ego), pamoni (feminine ego)",,,"zĩpari, iichi","táatati",,,,,,,,,,,,,,,"ipaari","ipaari",,,,,"páchiri","kómari","chĩllinĩ","chĩllinĩ","shimáanori (feminine ego), mashichi (masculine ego)","zábarĩri (masculine ego), mashichi (femininenego)","izalli","zaralli","góosari (masculine ego), panoori (feminine ego)",,"komini","góosari","""kadoazi
",,,,,,,,,,,,,,,,,,,,,,,,,,,,,,,,,,,,,,,,,,,,,,,,,,,,,,,,,
"Isolate","Candoshi (phonemic)","Daniel","atáatá","apaapa","ʂowantʃi, wáawaɾi",,,"iʂaaɾi, pamoni",,,"ʂĩpaɾi, iitʃi","táatati",,,,,,,,,,,,,,,"ipaaɾi","ipaaɾi",,,,,"pátʃiɾi","kómaɾi","tʃĩntʃinĩ","tʃĩntʃinĩ","ʃimáanoɾ, maiʃitʃi","ʂampaɾĩɾi, matʃitʃi ","iʂantʃi","ʂaɾantʃi","nkóosaɾi, panooɾi",,"komini","nkóosaɾi","""kantoaʂi
",,,,,,,,,,,,,,,,,,,,,,,,,,,,,,,,,,,,,,,,,,,,,,,,,,,,,,,,,
"Isolate","Taushiro (orthograohic)","Alicea Ortiz, Neftalí. 1975. Vocabulario taushiro. Datos etnolinguisticos no. 22. ILV, Lima.","iño","iya´","achi (masculine ego), u´cuaño (feminine ego), uven (of the same sex of the speaker)",,,"u´cu (masculine ego), chi´chu (feminine ego)",,,,"chava",,,,,,,,,,,,,,,"nacho","nacho",,"iya´co (of a man)",,,,,,"i´cha´ca",,,"ño´onva","ñu´va",,,,,"""ite´ohi
",,,,,,,,,,,,,,,,,,,,,,,,,,,,,,,,,,,,,,,,,,,,,,,,,,,,,,,,,
"Isolate","Taushiro (phonemic)","Daniel
","iɲo","iyaʔ
","aʃi, uʔkuaɲo, uwen",,,"uʔku, ʃiʔʃu",,,,"ʃawa
",,,,,,,,,,,,,,,"naʃo","naʃo",,"ijaʔko
",,,,,,"iʔtʃaʔka",,,"ɲoʔonwa","ɲuʔwa
",,,,,"""itɨʔohi
",,,,,,,,,,,,,,,,,,,,,,,,,,,,,,,,,,,,,,,,,,,,,,,,,,,,,,,,,
"Yanomam","Ninam shb (IDS)  (orthographic)","IDS; Gómez, Gale Goodwin 1990. The Shiriana dialect of Yanam (Northern Brazil). Ph.D. diss., Columbia University; entered by Megan Gibler","nape, na a, ne (gom)","papa, ~he (gom)",,"~$ia (gom)","awa (gom)",,"~$ia (gom)","ami (gom)","papa, ~he (gom)","cape",,,"$oa, ~$e (gom)","nape, na a, ne (gom)",,,"heli-ye","heli-ye","heli-ye","heli-ye","heli-ye","heli-ye","heli-ye","heli-ye","IrI; Iri (gom)","te, təə(?) (gom)","thãlesi-ye (ids), IrI (man speaking) gom, ~tarIs, ~tarIsi (woman speaking) gom","ciha; ca (gom)","thãlesi-ye (ids) ~tarIsi, ~tarIs (man speaking) (gom) , ","ciha; ca (man speaking) (gom), te (woman speaking) (gom)","$oa, ~$e (gom)","cape (gom)","~tarIsi, tarIs (gom)","yiha-ye","heri (gom)","heri (gom)","thIw@, tI Ipo, tI Ip (gom) ","~caro (gom)","thãlesi-ye","yiha-ye","cape(gom)","$oa, ~$e (gom)","""
",,,,,,,,,,,,,,,,,,,,,,,,,,,,,,,,,,,,,,,,,,,,,,,,,,,,,,,,,
"Yanomam","Ninam shb (IDS)  (phonemic)","IDS; Gómez, Gale Goodwin 1990. The Shiriana dialect of Yanam (Northern Brazil). Ph.D. diss., Columbia University; entered by Megan Gibler","nape, na a, ne (gom)","papa, ~he (gom)",,"~ʃia (gom)","awa (gom)",,"~ʃia (gom)","ami (gom)","papa, ~he (gom)","ʧape",,,"ʃoa, ~ʃ̌e (gom)","nape, na a, ne (gom)",,,"heli-je","heli-je","heli-je","heli-je","heli-je","heli-je","heli-je","heli-e","ɯrɯ; ɯri (gom)","te, təə(?) (gom)","tʰãlesi-ye (ids), IrI (man speaking) gom, ~tarIs, ~tarIsi (woman speaking) gom","ʧiha; ʧa (gom)","tʰãlesi-ye (ids) ~tarIsi, ~tarIs (man speaking) (gom) , ","ʧiha; ʧa (man speaking) (gom), te (woman speaking) (gom)","ʃoa, ~ʃe (gom)","ʧape (gom)","~tarɯsi, tarɯs (gom)","jiha-ye","heri (gom)","heri (gom)","tʰɯwə, tɯ ɯpo, tɯ ɯp (gom) ","~ʧaro (gom)","tʰãlesi-ye","yiha-ye","ʧape(gom)","ʃoa, ~ʃ̌e (gom)",,,,,,,,,,,,,,,,,,,,,,,,,,,,,,,,,,,,,,,,,,,,,,,,,,,,,,,,,,
"Yanomam","Ninam (shb) (IDS)  (orthographic)","IDS; Gómez, Gale Goodwin 1990. The Shiriana dialect of Yanam (Northern Brazil). Ph.D. diss., Columbia University; Migliazza, Ernest C. 1972. Yanomama grammar and intelligibility; entered by Kelsey Neely","nape, na a, ne (gom), nape- (EM72)","papa, ~he (gom), papa- (EM72)",,"~$ia (gom)","awa (gom)",,"~$ia (gom)","ami (gom)","papa, ~he (gom)","cape",,,"$oa, ~$e (gom), šwa- (EM72)","nape, na a, ne (gom)",,,"heli-ye","heli-ye","heli-ye","heli-ye","heli-ye","heli-ye","heli-ye","heli-ye","IrI; Iri (gom), ɨrɨ- (EM72)","te, təə(?) (gom), təə- (EM72)","thãlesi-ye (ids), IrI (man speaking) gom, ~tarIs, ~tarIsi (woman speaking) gom","ciha; ca (gom)","thãlesi-ye (ids) ~tarIsi, ~tarIs (man speaking) (gom) , ","ciha; ca (man speaking) (gom), te (woman speaking) (gom)","$oa, ~$e (gom)","cape (gom)","~tarIsi, tarIs (gom)","yiha-ye","heri (gom)","heri (gom)","thIw@, tI Ipo, tI Ip (gom) ","~caro (gom)","thãlesi-ye","yiha-ye","cape(gom)","$oa, ~$e (gom)",,,,,,,,,,,,,,,,,,,,,,,,,,,,,,,,,,,,,,,,,,,,,,,,,,,,,,,,,,
"Yanomam","Ninam (shb) (IDS)  (phonemic)","IDS; Gómez, Gale Goodwin 1990. The Shiriana dialect of Yanam (Northern Brazil). Ph.D. diss., Columbia University; Migliazza, Ernest C. 1972. Yanomama grammar and intelligibility; entered by Kelsey Neely","nape, na a, ne (gom), nape- (EM72)","papa, ~he (gom), papa- (EM72)",,"~ʃia (gom)","awa (gom)",,"~ʃia (gom)","ami (gom)","papa, ~he (gom)","ʧape",,,"ʃoa, ~ʃ̌e (gom)","nape, na a, ne (gom)",,,"heli-je","heli-je","heli-je","heli-je","heli-je","heli-je","heli-je","heli-je","ɯɾɯ; ɯɾi (gom), ɨɾɨ-","te, təə(?) (gom), təə- (EM72)","tʰãlesi-ye (ids), IɾI (man speaking) gom, ~taɾIs, ~taɾIsi (woman speaking) gom","ʧiha; ʧa (gom)","tʰãlesi-ye (ids) ~taɾIsi, ~taɾIs (man speaking) (gom) , ","ʧiha; ʧa (man speaking) (gom), te (woman speaking) (gom)","ʃoa, ~ʃe (gom)","ʧape (gom)","~taɾɯsi, taɾɯs (gom)","jiha-je","heri (gom)","heɾi (gom)","tʰɯwə, tɯ ɯpo, tɯ ɯp (gom) ","~ʧaɾo (gom)","tʰãlesi-je","jiha-je","ʧape(gom)","ʃoa, ~ʃ̌e (gom)",,,,,,,,,,,,,,,,,,,,,,,,,,,,,,,,,,,,,,,,,,,,,,,,,,,,,,,,,,
"Yanomam","Yanomam (guu)(EM72) (orthographic)","Migliazza, Ernest C. 1972. Yanomama grammar and intelligibility; entered by Kelsey Neely","na","fa",,"fepara (same sex younger sib. EM72), yaɨ- (op. sex younger sib. EM72)","ãi- (EM72)",,"fepara (same sex younger sib. EM72), yaɨ- (op. sex younger sib. EM72)","ami- (EM72)","fa","ya- (EM72)",,,"šowa- (EM72)","na (EM72)",,,,,,,,,,,"ufuru-","təə-",,,,,,,"tarisi- (EM72, daughter's son)","taate (EM72 daughter's daughter)",,"heri- (EM72 wife's bro.)","thɨwə- (EM72)","fẽyaro- (EM72)",,,"ya- (EM72 wife's moth.)","šwa- (EM72 wife's moth.)",,,,,,,,,,,,,,,,,,,,,,,,,,,,,,,,,,,,,,,,,,,,,,,,,,,,,,,,,,
"Yanomam","Yanomam(guu) (EM72) (phonemic)","Migliazza, Ernest C. 1972. Yanomama grammar and intelligibility; entered by Kelsey Neely","na","fa",,"fepaɾa, jaɨ-","ãi- (EM72)",,"fepaɾa, jaɨ-","ami- (EM72)","fa","ja-",,,"ʃowa-","na",,,,,,,,,,,"ufuɾu-","təə-",,,,,,,"taɾisi- (EM72, daughter's son)","taate (EM72 daughter's daughter)",,"heɾi- (EM72 wife's bro.)","tʰɨwə-","fẽjaɾo- (EM72)",,,"ja-","ʃwa-",,,,,,,,,,,,,,,,,,,,,,,,,,,,,,,,,,,,,,,,,,,,,,,,,,,,,,,,,,
"Yanomam","Yanomami (wca) (JL72) (orthographic)","Mattéi-Müller, Marie-Claude 2007a. Lengua y cultura Yanomamï. Diccionario ilustrado Yanomamï-Español, Español-Yanomamï. Caracas: Epsilon Libros.; Migliazza, Ernest C. 1972. Yanomama grammar and intelligibility; entered by Kelsey Neely","nayë, na- (EM72)","hayë, ha- (EM72)",,"ẽiwë","aiwë",,"yaiwë","amiyë","hayë, ha- (EM72)","yesiyë","nayë","shoayë, shɨɨwë","shoayë, shɨɨwë","nayë","yesiyë","hayë","ẽiwë (+), aiwë (-)","amiyë (+), yaiwë (-)","shoriwë, ëiwë, heriyë","suwëbɨyë","shoriwë, ëiwë, heriyë","suwëbɨyë","ẽiwë (+), aiwë (-)","amiyë (+), yaiwë (-)","ihiruyë, ihiru- (EM72)","tʰëëyë, təə- (EM72)","ihiruyë","tʰëëyë","hekamayë","tʰatʰëjë","shɨɨ, shoape","yesi, yape","hekama- (EM72 Daughter's son)","yuha-, tatə- (both EM72 daughter's daughter)","suwëbɨyë (wife's sister), natohiyë (husb.'s sister)","shoriwë, ëɨwë, heriyë (all wife's brother), heyẽrõyë (husb.'s brother)","suwëbɨyë","wẽhẽmayë, heyẽrõyë, wẽrõbɨyë",,,"yesiyë","shoayë, shɨɨwë",,,,,,,,,,,,,,,,,,,,,,,,,,,,,,,,,,,,,,,,,,,,,,,,,,,,,,,,,,
"Yanomam","Yanomami (wca) (JL72) (phonemic)","Mattéi-Müller, Marie-Claude 2007a. Lengua y cultura Yanomamï. Diccionario ilustrado Yanomamï-Español, Español-Yanomamï. Caracas: Epsilon Libros.; Migliazza, Ernest C. 1972. Yanomama grammar and intelligibility; entered by Kelsey Neely","najə, na-","hajə, ha-",,"ẽiwə","aiwə",,"jaiwə","amijə","hajə, ha-","jesijə","najə","ʃoajə, ʃɨɨwə","ʃoajə, ʃɨɨwə","najə","jesijə","hajə","ẽiwə (+), aiwə (-)","amijə (+), jaiwə (-)","ʃoɾiwə, əiwə, heɾijə","suwəbɨjə","ʃoɾiwə, əiwə, heɾijə","suwəbɨjə","ẽiwə (+), aiwə (-)","amijə (+), jaiwə (-)","ihiɾujə, ihiɾu-","tʰəəjə, təə-","ihiɾujə","tʰəəjə","hekamajə","tʰatʰəjə","ʃɨɨ, ʃoape","jesi, jape","hekama- (EM72 Daughter's son)","juha-, tatə-","suwəbɨjə, natohijə","ʃoɾiwə, əɨwə, heɾijə, hejẽɾõjə","suwəbɨjə","wẽhẽmajə, hejẽɾõjə, wẽɾõbɨjə",,,"jesijə","ʃoajə, ʃɨɨwə",,,,,,,,,,,,,,,,,,,,,,,,,,,,,,,,,,,,,,,,,,,,,,,,,,,,,,,,,,
"Yanomam","Sanuma (xsu) (EM72) (orthographic)","Taylor, Kenneth I. 1972. Sanuma (Yanoama) food prohibitions: the multiple classification of society and fauna. Ph.D. diss. Madison: University of Wisconsin.; Migliazza, Ernest C. 1972. Yanomama grammar and intelligibility; entered by Kelsey Neely ","-na","-ha, '-a ",,"-ose (same sex younger sib. EM72), '-tsawa ose (op. sex younger sib. EM72)","-hapala (EM72)",,"-ose (same sex younger sib. EM72), '-tsawa ose (op. sex younger sib. EM72)","-tsawa (EM72)","-ha, '-a","-pɨsa, '-pɨsɨ (both EM72)",,,"-pitšia (EM72)","-na (EM72)",,,,,,,,,,,"-ula","-təwə",,,,,,,"-ula (EM72 daughter's son)","-təwə (EM72 daughter's daughter)",,,"-hɨsopɨ (EM72)","-henopɨ (EM72)",,,"-pɨsa, '-pɨsɨ (both EM72, wife's moth.)","-pitšia, '-piša (EM72 wife's moth.)",,,,,,,,,,,,,,,,,,,,,,,,,,,,,,,,,,,,,,,,,,,,,,,,,,,,,,,,,,
"Yanomam","Sanuma (xsu) (EM72) (phonemic)","Taylor, Kenneth I. 1972. Sanuma (Yanoama) food prohibitions: the multiple classification of society and fauna. Ph.D. diss. Madison: University of Wisconsin.; Migliazza, Ernest C. 1972. Yanomama grammar and intelligibility; entered by Kelsey Neely ","-na","-ha, '-a",,"-ose, '-tsawa ose","-hapala",,"-ose, '-tsawa ose","-tsawa","-ha, '-a","-pɨsa, '-pɨsɨ",,,"-pitʃia","-na",,,,,,,,,,,"-ula","-təwə",,,,,,,"-ula ","-təwə (EM72 daughter's daughter)",,,"- hɨsopɨ","-henopɨ (EM72)",,,"-pɨsa, '-pɨsɨ","-pitʃia, '-piʃa",,,,,,,,,,,,,,,,,,,,,,,,,,,,,,,,,,,,,,,,,,,,,,,,,,,,,,,,,,
"Carib","Akawaio ake Orthographic","Edwards 1980 MAR","sang","kɨɨbɨnɨ","ruuiida, wii, aida (addressed by younger brother); bii (addressed by younger sister); biirang (to address a group of men or refer to male siblings)","yagong","ruuii","baruujii (addressed by older brother), nakna (addressed by younger sister), bajii (older sister of female)","baruujii (addressed by older brother), nakna (addressed by younger sister), bajii (older sister of female)","baruujii (addressed by older brother), nakna (addressed by younger sister), bajii (older sister of female)","iindong, tamoo (uncle of male)","eepoɨ (aunt)","waknö (aunt) (E1977)","damoo (uncle) (E1977)","tamoo; mɨi (addressed by mothers children)","waknö (aunt) (E1977)","waknö (aunt) (E1977)","damoo (uncle) (E1977)","male cousin of female: uuruujii","female cousin of female: eeruuk, female cousin addressing other female cousin: wörökmai","uuruujii (male cousin of female)","eeruuk (female cousin of female), wörökmai (female cousin addressing other female cousin)","uuruujii (male cousin of female)","eeruuk (female cousin of female), wörökmai (female cousin addressing other female cousin)","uuruujii (male cousin of female)","eeruuk (female cousin of female), wörökmai (female cousin addressing other female cousin)","muumuu, muu, moi (addressed by father)","yenjii (addressed by father), maknong (addressed by mother)","waknɨbɨ (nephew of female), boidorɨ (nephew of male) (same as word for servant)","basee (niece)","waknɨbɨ (nephew of female), boidorɨ (nephew of male) (same as word for servant)","basee (niece)","damoogorii, pabatang (addressed by family)","nok (E1977)","ba (grandchild)","ba (grandchild)","eeruk (E1977)","esee (E1977)","nopɨ","dampï (E1977)","boidorɨ (same as word for servant), payuunuu, waknɨbɨ (addressed by MIL)"," basee","eeoopɨ","awoo",,,,,,,,,,,,,,,,,,,,,,,,,,,,,,,,,,,,,,,,,,,,,,,,,,,,,,,,,,
"Carib","Akawaio ake Phonemic","Edwards 1980 MAR","saŋ","kɨɨbɨnɨ","ruida, wi, aɪda, bi, biraŋ","yagɔŋ","rui","barudʒi, naʔna, badʒi","barudʒi, naʔna, badʒi","barudʒi, naʔna, badʒi","indɔŋ, tamo","epɔɨ","waʔnö (E1977)","damo (E1977)","tamo; mɨɪ","waʔnö (E1977)","waʔnö (E1977)","damo (E1977)","urudʒi","eruk, wöröʔmaɪ","urudʒi","eruk, wöröʔmaɪ","urudʒi","eruk, wöröʔmaɪ","urudʒi","eruk, wöröʔmaɪ","mumu, mu, mɔɪ","yɛndʒi, maknɔŋ","waʔnɨbɨ, bɔɪdɔrɨ","base","waʔnɨbɨ, bɔɪdɔrɨ","base","damogɔri,  pabataŋ","nɔk (E1977)","ba","ba","erʊk (E1977)","ɛse (E1977)","nɔpɨ","dampï (E1977)","bɔɪdɔrɨ, payunu, waʔnɨbɨ"," base","eopɨ","awo",,,,,,,,,,,,,,,,,,,,,,,,,,,,,,,,,,,,,,,,,,,,,,,,,,,,,,,,,,
"Carib","Carijona cbd Orthographic","Durbin and Seijas, 1973, MAR","mama","hayre",,,,,,,,,,,,,,,,,,,,,,,,"inčiri",,,,,,,,,,,,,,,,,,,,,,,,,,,,,,,,,,,,,,,,,,,,,,,,,,,,,,,,,,,,,,,,,,,,,,,,,,
"Carib","pbh Eñepa
 IDS orthographic","Mattei-Muller 1994, MAR","y-anə; -anə","yɨm","-yako (of a man); -pin (of a woman)",,,"-ɲasuk (of a man); -yako (of a woman)",,,"yanë pin (MM)","yïm (MM)",,,"yïm, amo (MM)","anë (MM)",,,"yako, paamo (MM)","asum chu'chu' (MM)","yako, paamo (MM)","asum chu'chu' (MM)","yako, paamo (MM)","asum chu'chu' (MM)","yako, paamo (MM)","asum chu'chu' (MM)","nkeñ (of a woman), nuwan  (of a man)  (MM)","nkeñ (of a woman), yïnsïn (of a man) (MM)","nuwan (MM)","yïnsïn (MM)","paamoyïn (MM)","wañe'ñe (MM)","panajpan (paternal, of a man) yïm yïm (paternal, of a woman); yanë yïm (maternal, of a man) tamun (maternal, of a woman) (MM)","no' (paternal, of a man), yanë yanë (paternal, of a woman);  pï' (maternal, of a man), yuwachon (maternal, of a woman) (MM)","paamo (man speaking); yunkeñ kneñ (woman speaking) (MM)","pï' (man speaking of daughters daughter), nuwankeñ (man speaking of son's daughter); yunkeñ kneñ (woman speaking) (MM)","(of a man) (brother's spouse): yakopï'; (wife's sister) pï' (M)","paamo (of a man) (wife's brother); tamun (sister's spouse) (MM)","pɨk","tamu-n","paamɨyɨm, tyɨnsɨn tamun(of a man);  nken tamun (of a woman)"," -chan (MM)","-pɨk čanə (of a man); -tamun yanə (of a woman)","-pɨk čɨm (of a man); -tamun yɨm (of a woman)","eʔɲapa (people)",,,,,,,,,,,,,,,,,,,,,,,,,,,,,,,,,,,,,,,,,,,,,,,,,,,,,,,,,
"Carib","pbh Eñepa IDS phonemic","Mattei-Muller 1994, MAR","j-anə; -anə","jɨm","jako; -pin",,,"ɲasuk; -jako",,,"-waʔɲaiʔɲe","jïm (MM)",,,"jïm, amo (MM)","anë (MM)",,,"jako, paamo (MM)","asum tʃuʔtʃuʔ (MM)","jako, paamo (MM)","asum tʃuʔtʃuʔ (MM)","jako, paamo (MM)","asum tʃuʔtʃuʔ (MM)","jako, paamo (MM)","asum tʃuʔtʃuʔ (MM)","nkeɲ(of a woman), nuwan  (of a man) (MM)","nkeɲ(of a woman), jïnsïn  (of a man) (MM)","nuwan (MM)","jïnsïn (MM)","paamojïn (MM)","waɲeʔɲe (MM)","panahpan (paternal, of a man) jïm jïm (paternal, of a woman); janë jïm (maternal,  of a man) tamun (maternal, of a woman) (MM)","noʔ (paternal, of a man), janë janë (paternal, of a woman); pïʔ (maternal, of a man), juwatʃon (maternal, of a woman) (MM)","paamo (man speaking); junkeɲ kneɲ (woman speaking) (MM)","pïʔ (man speaking of daughters daughter), nuwankeɲ (man speaking of son's daughter); yunkeɲ kneɲ (woman speaking) (MM)","(of a man) (brother's spouse): yakopïʔ; (wife's sister) pïʔ (M)","paamo (of a man) (wife's brother); tamun (sister's spouse) (MM)","pɨk","tamu-n","of a man: paamɨjɨm, tjɨnsɨn tamun; of a woman: nken tamun"," -tʃan (MM)","-pɨk tʃanə (of a man); -tamun yanə (of a woman)","-pɨk tʃɨm (of a man); -tamun jɨm (of a woman)","eʔɲapa (people)",,,,,,,,,,,,,,,,,,,,,,,,,,,,,,,,,,,,,,,,,,,,,,,,,,,,,,,,,
"Carib","Makiritari (MCH) Orthography","IDS list; Hall grammar","denɨ (IDS) (Reference term. Term of address is mama)","haha (IDS); ha:ha (KH)","-nuwā-dɨ (IDS); ye'ta:nadü (KH) (means 'my cousin/brother')","šīʔčɨ (IDS) (Also yākōno, 'little brother'); shi:'chu (KH)","dui'chö (KH) (means 'my older brother')",,,"yāya (IDS); ya:ya (KH)","haha (IDS) (Same as 'father'); wo:dü (KH)","waynɲeʔney (IDS); waynñe'ney (KH)","waynɲeʔney (IDS); waynñe'ney (KH)","wōdɨ (IDS); wo:dü (KH)","yawo (IDS); wo:dü (KH)","denɨ (IDS) (Same as 'mother'); waynñe'ney (KH)","waynɲeʔney (IDS); waynñe'ney (KH)","wōdɨ (IDS); wo:dü (KH)","waiɲe (IDS); chö'ta:nadü (KH) (means 'his cousin')","yāʔko (IDS)","waiɲe (IDS); chö'ta:nadü (KH) (means 'his cousin')","yāʔko (IDS)","waiɲe (IDS); chö'ta:nadü (KH) (means 'his cousin')","yāʔko (IDS)","waiɲe (IDS); chö'ta:nadü (KH) (means 'his cousin')","yāʔko (IDS)","nnedɨ (IDS) (Means 'offspring')","nnedɨ (IDS) (Means 'offspring')","honɨ; honɨ-kə (IDS)","hāse (IDS)","honɨ; honɨ-kə (IDS)","hāse (IDS)","kōko (IDS); ko:ko (KH)","-tamū-du (IDS); ai'cha (KH)","hādɨ (IDS) (Means 'grandchild'); ha:dü, ha:mo (KH) (means 'grandchild')","hādɨ (IDS) (Means 'grandchild'); ha:dü, ha:mo (KH) (means 'grandchild')",,"yeihedü (KH) (means 'my brother-in-law')",,"-ɲno (IDS)","-hannɨ-dɨ (IDS) (son-in-law of a man.  Also kəmusaʔkə; and kənʔkwə, used by the more traditional speakers); hamü:dü (KH)","hada:no (KH)",,"wōdɨ̄mə (IDS) (father-in-law of a man); owodü:mü (KH) (means 'your father-in-law')",,,,,,,,,,,,,,,,,,,,,,,,,,,,,,,,,,,,,,,,,,,,,,,,,,,,,,,,,,
"Carib","Makiritari (MCH) IPA",,"denɨ","haha (IDS); ha:ha (KH)","-nuwa:-dɨ (IDS); yeʔta:nadɨ (KH)","ʃi:ʔtʃɨ","duiʔtʃə",,,"ja:ja","haha (IDS); wo:dɨ (KH)","wajnɲeʔnej","wajnɲeʔnej","wo:dɨ","jawo (IDS); wo:dɨ (KH)","denɨ (IDS); wajnɲeʔnej (KH)","wajnɲeʔnej","wo:dɨ","waiɲe (IDS); tʃəʔta:nadɨ (KH)","ja:ʔko","waiɲe (IDS); tʃəʔta:nadɨ (KH)","ja:ʔko (IDS)","waiɲe (IDS); tʃəʔta:nadɨ (KH)","ja:ʔko","waiɲe (IDS); tʃəʔta:nadɨ (KH)","ja:ʔko","nnedɨ","nnedɨ","honɨ; honɨ-kə (IDS)","ha:se","honɨ; honɨ-kə (IDS)","ha:se","ko:ko","-tamu:-du (IDS); aiʔtʃa (KH)"," ha:dɨ, ha:mo (KH)","ha:dɨ, ha:mo (KH)",,"jeihedɨ",,"-ɲno","-hannɨ-dɨ (IDS); hamɨ:dɨ (KH)","hada:no",,"wo:dɨ:mə (IDS); owodɨ:mɨ (KH)",,,,,,,,,,,,,,,,,,,,,,,,,,,,,,,,,,,,,,,,,,,,,,,,,,,,,,,,,,
"Carib","Makushi (mbc) orthographic","Carson, Neusa 1979. Key 1997. Melody A Ross","maʔmá","paʔpá","piipí","u-yakon (SIL)","u-rui (SIL)",,"u-wɨrɨsi (SIL)","naʔnaʔ (SIL)","mɨ́í, papai","mamai",,,"inton(SIL)","waʔnɨ(SIL)",,,"uwi (male speaker); moyijpiipi (female speaker) (cousin) (SIL)","uwi (male speaker); moyijpiipi (female speaker) (cousin) (SIL)","uwi (male speaker); moyijpiipi (female speaker) (cousin) (SIL)","uwi (male speaker); moyijpiipi (female speaker) (cousin) (SIL)","uwi (male speaker); moyijpiipi (female speaker) (cousin) (SIL)","uwi (male speaker); moyijpiipi (female speaker) (cousin) (SIL)","uwi (male speaker); moyijpiipi (female speaker) (cousin) (SIL)","uwi (male speaker); moyijpiipi (female speaker) (cousin) (SIL)","un-mu(SIL)","-ensí (male speaker), ? (female speaker) (SIL)","poito (nephew) (SIL)","passe (male speaker); u-paʔse (woman speaker) (SIL)","poito (nephew) (SIL)"," passe (male speaker); u-paʔse (woman speaker) (SIL)
","amoogó",,"u-pa (SIL)","u-pa (SIL)",,,"noopi","-nió","poito (add), u-payan (ref) SIL of a man; mɨine (add), u-payan (ref) (SIL of a woman) (SIL)","passe (address); u-paʔse (referential) (SIL)","waʔnɨ (add), u-yawoʔpɨ (ref) (MIL of a man); waʔnɨ (add), u-yawoʔpɨ (ref) (MIL of a woman) (SIL)","mɨi (address), u-yawo (referential) (FIL of a man); aawo, ako (add), u-yawo (ref) (FIL of a woman) (SIL)",,,,,,,,,,,,,,,,,,,,,,,,,,,,,,,,,,,,,,,,,,,,,,,,,,,,,,,,,,
"Carib","Makushi (mbc) phonemic","Carson, Neusa 1979. Key 1997. Melody A Ross","maʔmá","paʔpá","piipí","u-yakon (SIL)","u-rui (SIL)",,"u-wɨrɨsi (SIL)","naʔnaʔ (SIL)","mɨ́í, papai","mamai",,,"inton(SIL)","waʔnɨ(SIL)",,,"uwi (male speaker); moyijpiipi (female speaker) (cousin) (SIL)","uwi (male speaker); moyijpiipi (female speaker) (cousin) (SIL)","uwi (male speaker); moyijpiipi (female speaker) (cousin) (SIL)","uwi (male speaker); moyijpiipi (female speaker) (cousin) (SIL)","uwi (male speaker); moyijpiipi (female speaker) (cousin) (SIL)","uwi (male speaker); moyijpiipi (female speaker) (cousin) (SIL)","uwi (male speaker); moyijpiipi (female speaker) (cousin) (SIL)","uwi (male speaker); moyijpiipi (female speaker) (cousin) (SIL)","un-mu(SIL)","-ensí (male speaker), ? (female speaker) (SIL)","poito (nephew) (SIL)","passe (male speaker); u-paʔse (woman speaker) (SIL)","poito (nephew) (SIL)","passe (male speaker); u-paʔse (woman speaker) (SIL)","amoogó",,"u-pa (SIL)","u-pa (SIL)",,,"noopi","-nió","poito (add), u-payan (ref) SIL of a man; mɨine (add), u-payan (ref) (SIL of a woman) (SIL)","passe (address); u-paʔse (referential) (SIL)","waʔnɨ (add), u-yawoʔpɨ (ref) (MIL of a man); waʔnɨ (add), u-yawoʔpɨ (ref) (MIL of a woman) (SIL)","mɨi (address), u-yawo (referential) (FIL of a man); aawo, ako (add), u-yawo (ref) (FIL of a woman) (SIL)",,,,,,,,,,,,,,,,,,,,,,,,,,,,,,,,,,,,,,,,,,,,,,,,,,,,,,,,,,
"Carib","Pemon (AOC) Orthography (All entries from CA1981)","Armellada, Cesáreo 1981. Karina Baeza; Edwards 1980. Melody A Ross. Edwards 1977. Melody A Ross","amai (also means 'aunt'), dan (also means 'aunt'), san","yun, potori; yeepootoori (E1980)","rui, pi; uuwii (addressed by younger brother); pii (addressed by younger sister); piirang (to address a group of men or refer to male siblings) (E1980)","dakon; yagong (E1980)","ruuii (E1980)","nanai; paruuchii (addressed by older brother), achii (addressed by younger sister), naknai, pachii  (older sister of female) (E1980)","nanai; paruuchii (addressed by older brother), achii (addressed by younger sister), naknai, pachii  (older sister of female) (E1980)","nanai; paruuchii (addressed by older brother), achii (addressed by younger sister), naknai, pachii  (older sister of female) (E1980)","awo; papai, awoo (uncle of male) (E1980)","eewoopɨ (aunt) (E1980)","waknö (aunt) (E1977)","awo","awo; awoo; uumɨii (addressed by mothers children, sons only) (E1980)","waknö (aunt) (E1977)","waknö (aunt) (E1977)","awo","dakon; kuurayii (male cousin of female) (E1980)","paruchi; eeruuk (female cousin of female), yeeruuk (female cousin addressing female cousin) (E1980)","dakon; kuurayii (male cousin of female) (E1980)","paruchi; eeruuk (female cousin of female), yeeruuk (female cousin addressing female cousin) (E1980)","dakon; kuurayii (male cousin of female) (E1980)","paruchi; eeruuk (female cousin of female), yeeruuk (female cousin addressing female cousin) (E1980)","dakon; kuurayii (male cousin of female) (E1980)","paruchi; eeruuk (female cousin of female), yeeruuk (female cousin addressing female cousin) (E1980)","muku, mumu, rume; muumuu, uumuu (addressed by father) (E1980)","yenchi, rume; yenchii (addressed by father), maknong (addressed by mother) (E1980)","poi, poito; waknöpɨ (nephew of female), poitorɨ (nephew of male) (same as word for servant) (E1980)","pase; paksee (niece) (E1980)","poi, poito; waknöpɨ (nephew of female), poitorɨ (nephew of male) (same as word for servant) (E1980)","pase; paksee (niece) (E1980)","tamo, amoko (both mean grandfather and old man)","nok (means grandmother), koko (means grandmother and old woman)","pa",,"yeeruk (E1977)","yese; yekse (E1977)","nopue, weri (weri also means woman and female); nopɨ (E1980)","tiyemu, tamopui","payunu;  poitorɨ (same as word for servant), uungwaknöpɨ (addressed by MIL) (E1980)","pase; paksee (niece) (E1980)","wane (can be heard as wani as well), wani","keipueni, mui; yawoo (E1980)","pemon",,,,,,,,,,,,,,,,,,,,,,,,,,,,,,,,,,,,,,,,,,,,,,,,,,,,,,,,,
"Carib","Pemon (AOC) IPA (All entries from CA1981)","Armellada, Cesáreo 1981. Karina Baeza; Edwards 1980. Melody A Ross. Edwards 1977. Melody A Ross","amaɪ, dan, san","dʒun, potoɾi; ʎepotorɪ (E1980)","rui, pi; uwir, pi, piraŋ (E1980)","dakon; ʎagɔŋ (E1980)","rui (E1980)","nanai; parutʃi, achi, naʔnaɪ, patʃi (E1980)","nanai; parutʃi, achi, naʔnaɪ, patʃi (E1980)","nanai; parutʃi, achi, naʔnaɪ, patʃi (E1980)","awo; papaɪ, awo (E1980)","ewopɨ (E1980)","waʔnö (E1977)","awo","awo; awo; umɨi (E1980)","waʔnö (E1977)","waʔnö (E1977)","awo","dakon; kuraʎi (E1980)","paɾutʃi; eruk, ʎeruk (E1980)","dakon; kuraʎi (E1980)","paɾutʃi; eruk, ʎeruk (E1980)","dakon; kuraʎi (E1980)","paɾutʃi; eruk, ʎeruk (E1980)","dakon; kuraʎi (E1980)","paɾutʃi; eruk, ʎeruk (E1980)","muku, mumu, ɾume; umu (E1980)","dʒentʃi, ɾume; ʎɛnchi, maknɔŋ (E1980)","poi, poito; waʔnöpɨ, pɔɪtɔrɨ (E1980)","pase; paʔse (E1980)","poi, poito; waʔnöpɨ, pɔɪtɔrɨ (E1980)","pase; paʔse (E1980)","tamo, amoko","nok, koko","pa",,"ʎerʊk (E1977)","dʒese; ʎɛʔsɛ (E1977)","nopue, weri; nɔpɨ (E1980)","tidʒemu, tamopui","padʒunu;  pɔɪtɔrɨ, uŋwaʔnöpɨ (E1980)","pase; paʔse (E1980)","wane, wani","keipueni, mu; ʎawo (E1980)","pemon",,,,,,,,,,,,,,,,,,,,,,,,,,,,,,,,,,,,,,,,,,,,,,,,,,,,,,,,,
"Carib","Waimiri Atroari (orthographic)","Bruno, 2004. Melody A Ross","mama","papa","iakyna",,,,,,"awo",,,,"awo",,,,,,,,,,,,"biky (female speaking) myryky (male speaking)",,,"imekyky (female speaking pasky (male speaking)",,"pasky",,,,,,,"pyty",,,,,,,,,,,,,,,,,,,,,,,,,,,,,,,,,,,,,,,,,,,,,,,,,,,,,,,,,,,,,,,
"Carib","Waimiri Atroari (phonemic)","Bruno, 2004. Melody A Ross","mama","papa","iakɨna",,,,,,"awo",,,,"awo",,,,,,,,,,,,"bikɨ (female speaking) mɨrɨkɨ (male speaking)",,,"imekɨkɨ (female speaking) paskɨ (male speaking)",,"paskɨ",,,,,,,"pɨtɨ",,,,,,,,,,,,,,,,,,,,,,,,,,,,,,,,,,,,,,,,,,,,,,,,,,,,,,,,,,,,,,,
"Cariban","Yabarana (phonemic)","Méndez Arocha, A. 1959. Un vocabulario yabarana con apuntes fonémicos. Antropológica 7: 63-84. AP",,"makə","pápa, papa",,,"ruí (male speaker )",,,"páchi, páci (female speaker), tútu (male speaker)",,,,,"yáwo, yáßo",,,,,,"támu (female speaker)",,,,,,,,,,,,,,,,,,"waseri, wacheri (a), təwə'hiatono","ehoraistastesapə",,,,,,,,,,,,,,,,,,,,,,,,,,,,,,,,,,,,,,,,,,,,,,,,,,,,,,,,,,,,,
"Cariban","Yukpa (orthographic)","Vegamian, Félix María de 1978. Diccionario ilustrado yupa-español, español-yupa, con onomástica y apuntaciones gramaticales. Guarenas/Caracas: Formateca. AP","icha"," epmo","amepisnu, amépusno, epüsüno","eko, yakona","yepachi","amepisnu, amépusno, énachi (male ego)",,,"abo, onsi","ábayi, auaji",,,,,,,"munchi (primo hermano)",,,,,,,,"ámatkuru, buisine"," buisine","ensi (or son), pakchi",,,,"akai, auyatre, pápae","auyátriya, mámae","óptare",,"yójsip","abo, pat","enespa, epairo, ícharse","enespa,íchare",,,"yoichi","abo",,,,,,,,,,,,,,,,,,,,,,,,,,,,,,,,,,,,,,,,,,,,,,,,,,,,,,,,,,
"Cariban","Yukpa (phonemic)","Robayo, 2000 in González de Pérez, M. S. and M. L. Rodríguez de Montes (eds.). 2000. Lenguas indígenas de Colombia: una visión descriptiva. M. S. Bogotá: Instituto Caro y Cuervo. AP","dʒiʂa","dʒi'mo",,,,,,,,,,,,,,,,,,,,,,,,,,,,,,,,,,,"dʒi'tawno","dʒa'woˀ",,,,,,,,,,,,,,,,,,,,,,,,,,,,,,,,,,,,,,,,,,,,,,,,,,,,,,,,,,,,,,
"Arawak","Achagua (mm98) Phono","Meléndez Lozano, Miguel Ángel. 1998a. La lengua achagua, estudio gramatical. Lenguas Aborígenes de Colombia, Descripciones, 11. Santafé de Bogotá: CCELA, UNIANDES. AP","túwa","sálihina",,,"enahi","enahto",,,"békanata","béru","kú:","kúwi","békanata","béru",,,,,,,,,,,"kúle:","míjakaula",,,,,,,"taka",,,," -ínuu"," VVni-ɹi (hr01), ni:ri",,,"né: -ɹu","jawi",,,,,,,,,,,,,,,,,,,,,,,,,,,,,,,,,,,,,,,,,,,,,,,,,,,,,,,,"
",,
"Arawak","Achagua (mm98) Ortho","Person entering data: AP","túwa","sálihina",,,"enahi","enahto",,,"békanata","béru","kú:","kúwi","békanata","béru",,,,,,,,,,,"kúle:","míjakaula",,,,,,,"taka",,,," -ínuu"," VVni-ɹi (hr01), ni:ri",,,"née -ɹu","jawi",,,,,,,,,,,,,,,,,,,,,,,,,,,,,,,,,,,,,,,,,,,,,,,,,,,,,,,,"
",,
"Arawak","Piapoco (dk95) Phono","Klumpp, Deloris Pharris de. 1995. Vocabulario piapoco-español. Bogotá: ILV.","atúa","[-án]iɾi  (dp91)","énásàiɾi","mé:ɾé:ɾi"," bèeɾi (dp91)","énásàatúa","utʃa","bèeɾu","páitʃu","kùu",,,"-ku[í](ɾi)","atúaná",,,"énásàiɾiná","detúalu","detúali","énásàatúaná","énásàiɾiná","detúalu","detúali","énásàatúaná","ìɾi","ídu","ìwi","ìwiù","ìwi","ìwiù","jàawiɾi","íɾu","taquéɾi","taquétúa","tʃálu","wasìeli, nuné:ɾima (mío)"," -ínu, akawé:túa"," ni-ɾi (hɾ01), akawé:ɾi","ísìmale","inìɾu","jé:(ɾu) (dp91)","já:wiɾi",,,,,,,,,,,,,,,,,,,,,,,,,,,,,,,,,,,,,,,,,,,,,,,,,,,,,,,,"
",,
"Arawak","Piapoco (dk95) Ortho","Person entering data: AP","atúa","[-án]iri  (dp91)","énásàiri","méeréeri"," bèeri (dp91)","énásàatúa","ucha","bèeru","páichu","cùu",,,"-ku[í](ri)","atúaná",,,"énásàiriná","detúalu","detúali","énásàatúaná","énásàiriná","detúalu","detúali","énásàatúaná","ìri","ídu","ìwi","ìwiù","ìwi","ìwiù","yàawiri","íru","takéri","takétúa","chálu","wasìeli, nunéerima (mío)"," -ínu, acawéetúa"," ni-ri (hr01), acawéeri","ísìmale","inìru","jée(ru) (dp91)","jáawiri",,,,,,,,,,,,,,,,,,,,,,,,,,,,,,,,,,,,,,,,,,,,,,,,,,,,,,,,"
",,
"Arawak","Yucuna (sy05) Phono","Schauer, Junia, compiler, and others. 2005. Meke kemakánaka puráka7aloji: wapura7akó chu, eyá karíwana chu (Diccionario bilingüe: Yukuna - Español; Español - Yukuna). 1st ed. Bogotá: Editorial Fundación para el Desarollo de los Pueblos Marginados. 328 p","alohi"," -haɾaʔ [pá] (hr01), haɾaʔapahi","oʔoˈwe","meˈɾemihi"," pʰé -ɾí (hr01), pʰeʔehˈɾi, pʰeʔeˈhi, oʔoˈwe 'hermano o primo mayor'","oʔoweló","meɾelómihi","oʔoweló,  pʰeʔehɾuhi, pʰeʔeɾuhi","*oku, owilá, oilá","okuɾu",,,"ukú, hukú","olawilaɾú",,,,,,,"aˈlawaʔahi, haˈlawaʔahi","aláwaʔaɾuhi (ego m)",,,"iʔiɾihí","ítuhi","laɾiʔihi, eʔeɾí janihi (ego f.)","laɾiʔítuhi, laɾuʔuhi (ego f.)","eʔepihahi, eʔepisahi","eʔepihaɾuhi, laɾútuhi (ego f.)","aʔahútahi, tʃutʃú","iɾútahi, tʃutʃú","lakehi","lakélohi","puláʔapeɾuhi, peʔeɾuhi 'esposa de mi hermano' (ego m), ihjáɾuhi 'esposa de mi hermano mayor', juʔuwijá 'esposa de mi hermano menor (ego f.)'","puˈlaʔpehi","jahálohi","hahnahi","lakéhnohi","iʔiɾinuhi","jahnéɾuhi (-janhé-ɾu-ɾ)","janaʔahuhi",,,,,,,,,,,,,,,,,,,,,,,,,,,,,,,,,,,,,,,,,,,,,,,,,,,,,,,,"
",,
"Arawak","Yucuna (sy05) Ortho","Person entering data: AP","aloji","hara'apaji"," o'owé","merémiji","phe'ejrí, phe'ejí, o'owé","o'oweló","merelómiji","o'oweló,  phe'ejruji, phe'eruji","owilá, oilá","okuru",,,"ukú, jukú","olawilarú",,,,,,,"aláwa'aji, jaláwa'aji","aláwa'aruji",,,"i'irijí","ítuji","lari'iji, e'erí yaniji (ego f.)","lari'ítuji, laru'uji (ego f.)","e'epijaji, e'episaji","e'epijaruji,  larútuji (ego f.)","a'ajútaji, chuchú","irútaji, chuchú","lakeji","lakéloji","pulá'aperuji, pe'eruji 'esposa de mi hermano' (ego m), ijyáruji 'esposa de mi hermano mayor', yu'uwiyá 'esposa de mi hermano menor (ego f.)'","pulá'apeji","yajáloji","yajnaji","lakéjnoji","i'irinuji","yajnéruji","yana'ajuji",,,,,,,,,,,,,,,,,,,,,,,,,,,,,,,,,,,,,,,,,,,,,,,,,,,,,,,,"
",,
"Arawak","Tariana (aa01) Phono","Aikhenvald, Alexandra Y. 2001. Dicionário Tariana-Português e Português-Tariana. Boletim do MPEG 17/1. Belém.","há-do","ha-niɾi",,"di-wé-ɾi"," pʰéri  (dp91)",,"di-wé-do","di-pʰe-ɾu","*ki(ri), di-nami 'irmão mais novo do pai'","di-kúi-ɾu, di-kwí-ɾu","ha-do","di-kʰí-ɾi","di-kʰí-ɾi","hadotʰéɾu",,,"di-wé-do 'filho do irmão mais novo do pai'",,,,,,,,"díɾi",,"idoa-ɾi (ego masculino), paidoa-ɾi (ego feminino)",,,,"whéɾi","hido","dáki-ɾi","dáki-ɾu","pʰe-ɾi-sa-do","siɾi 'irmão do marido', daɾina 'irmão da esposa'",,"sa-niɾi","sima-ɾi","ɾinu"," -hi(ru)  (dp91), di-ɲháwe-ɾu",",di-ɲháwe-ɾi","taɾiá",,,,,,,,,,,,,,,,,,,,,,,,,,,,,,,,,,,,,,,,,,,,,,,,,,,,,,,"
",,
"Arawak","Tariana (aa01) Ortho","Person entering data: AP","há-do","ha-niɾi",,"di-wé-ɾi"," phéri  (dp91)",,"di-wé-do","di-phe-ɾu","*ki(ri), di-nami 'irmão mais novo do pai'","di-kúi-ɾu, di-kwí-ɾu","ha-do","di-khí-ɾi","di-khí-ɾi","hadothéɾu",,,"di-wé-do 'filho do irmão mais novo do pai'",,,,,,,,"díɾi",,"idoa-ɾi (ego masculino), paidoa-ɾi (ego feminino)",,,,"whéɾi","hido","dáki-ɾi","dáki-ɾu","phe-ɾi-sa-do","siɾi 'irmão do marido', daɾina 'irmão da esposa'",,"sa-niɾi","sima-ɾi","ɾinu"," -hi(ru)  (dp91), di-ɲháwe-ɾu",",di-ɲháwe-ɾi","taɾiá",,,,,,,,,,,,,,,,,,,,,,,,,,,,,,,,,,,,,,,,,,,,,,,,,,,,,,,"
",,
"Arawak","Baniwa (hr01a) Phono","Ramirez, Henri. 2001a. Dicionário Baniwa-Português. Manaus: Editora da Universidade do Amazonas."," -hádoa"," -hániɻi (hr01)",," -mhéɻeeɻi","  -pheeɻi (hr01)",," -wéedoa"," -pheeɻo"," -haniɻí-pheeɻi, -haniɻiténaa"," -koiɻo",," -khiɻi"," -khiɻi"," -hadoá-pheeɻo, -hadoaténaa"," -koiɻo",," -kítsini"," -kitsídoa"," -tédoa"," -tédoaɻo"," -tédoa"," -tédoaɻo"," -kítsini"," -kitsídoa"," -eenípe, -íɻi"," -íito"," -éeɻi"," -éeɻo"," -íwi"," -maɺhít̪a"," -wheɻi"," -híɻomi"," -dákeeɻi"," -dakéedoa"," -tshaaɻo, -nídoa"," ɻimát̪aiɻi (hr01), -tseɻi"," -íino"," íini- ɻi (hr01)"," -tsímaɻe"," -iɻíino","ɲheɻo"," -ɲháweɻi",,,,,,,,,,,,,,,,,,,,,,,,,,,,,,,,,,,,,,,,,,,,,,,,,,,,,,,,"
",,
"Arawak","Baniwa (hr01a) Ortho","Person entering data: AP"," -hádoa"," -hániɹi (hr01)",," -mhéreeri","  -pheeri (hr01)",," -wéedoa"," -pheero"," -hanirí-pheeri, -haniriténaa"," -koiro",," -khiri"," -khiri"," -hadoá-pheero, -hadoaténaa"," -koiro",," -kítsini"," -kitsídoa"," -tédoa"," -tédoaro"," -tédoa"," -tédoaro"," -kítsini"," -kitsídoa"," -eenípe, -íri"," -íito"," -éeri"," -éero"," -íwi"," -malhítta"," -wheri"," -híromi"," -dákeeri"," -dakéedoa"," -tshaaro, -nídoa","  -limáttaire (hr01), -tseri"," -íino","  -íiniri (hr01)"," -tsímare"," -iríino"," -ñhero"," -ñháweri",,,,,,,,,,,,,,,,,,,,,,,,,,,,,,,,,,,,,,,,,,,,,,,,,,,,,,,,"
",,
"Arawak","Resígaɾo  (ta79) Phono","Allin, Trevor R .1979. Vocabulario resígaro.  Documento de Trabajo, 16.","hanáva","[-han]ígí  (dp91)","múubé, náagí (bɾotheɾ of bɾotheɾ), tsáaté (of a sisteɾ)","épooʔpagí"," -pʰeʔ -gí[tsí] (hɾ01)","čhómí, naádo (sisteɾ of a sisteɾ)́, nánikána (of bɾotheɾ)","épooʔpú","pʰéʔdótsí","heenáagí","pʰaikéʔnaavú",,,"kʰígí",,,,,"héʃó (masculine ego), náadopídʒé (of f??)","náagígí (cousin of m)",,,,,,"iʔʒaá","iító","eʔpítisú, nákéegí",,"eʔpítisú, nákéegí","taveéni (of woman)","tʲa?díío","hiídó, taádʒé","iʔʒaátováʔ",,"nínaavú (of man)","míigí (wife's sisteɾ's husband), nákóotsá (of man),tseeʔgí (of a women)"," -íní,iínó, máudʒé (wife of husband)"," dʒíi-gí (hɾ01)","iʔdʒíigí","iʔgíinó","ʃée(dó)  (dp91)","ʃooʔgí","daápemiínú","miopiivígí ' hunteɾ' ",,,,,,,,,,,,,,,,,,,,,,,,,,,,,,,,,,,,,,,,,,,,,,,,,,,,,,"
",,
"Arawak","Resígaro (ta79) Ortho","Person entering data: AP","hanáva","[-han]ígí  (dp91)","múubé, náagí (brother of brother), tsáaté (of a sister)","époo?pagí"," -phe? -gí[tsí] (hr01)","čhómí, naádo (sister of a sister)́, nánikána (of brother)","époo?pú","phé?dótsí","heenáagí","phaiké?naavú",,,"khígí",,,,,"héšó (masculine ego), náadopíjˇé (of f??)","náagígí (cousin of m)",,,,,,"i?žaá","iító","e?pítisú, nákéegí",,"e?pítisú, nákéegí","taveéni (of woman)","tya?díío","hiídó, taáǰé","i?žaátová?",,"nínaavú (of man)","míigí (wife's sister's husband), nákóotsá (of man),tsee?gí (of a women)"," -íní,iínó, máujˇé (wife of husband)"," ǰíi-gí (hr01)","i?ǰíigí","i?gíinó","šée(dó)  (dp91)","šoo?gí","daápemiínú","miopiivígí ' hunter' ",,,,,,,,,,,,,,,,,,,,,,,,,,,,,,,,,,,,,,,,,,,,,,,,,,,,,,"
",,
"Arawak","Kabiyari (hr01) Phono","Ramirez, Henri. 2001. Línguas Arawak da Amazônia setentrional: comparação e descrição. Manaus: Editora da Universidade","hanúá"," -ha níɾí  (hɾ01)",,"mhéɾé-ɾi"," -phéʔe-ɾi (hɾ01)","phéʔe-ɾu",,,"*aaku (dp91)",,,,,,,,,,,,,,,,"iɾi","íitu","iʔwi",,"iʔwi",,,,"neké-ɾí","neké-nua",,,"íinu"," í ji-ɾi (hɾ01)",,,"tʃhe-ɾú (hɾ01)","jahú-ɾí",,,,,,,,,,,,,,,,,,,,,,,,,,,,,,,,,,,,,,,,,,,,,,,,,,,,,,,,"
",,
"Arawak","Kabiyari (hr01) Ortho","Person entering data: AP","hanúá"," -ha nírí  (hr01)",,"mhéré-ri"," -phéʔe-ri (hr01)","phéʔe-ru",,,"*aaku (dp91)",,,,,,,,,,,,,,,,"iri","íitu","iʔwi",,"iʔwi",,,,"neké-rí","neké-nua",,,"íinu"," í ji-ri (hr01)",,,"tʃhe-rú (hr01)","jahú-rí",,,,,,,,,,,,,,,,,,,,,,,,,,,,,,,,,,,,,,,,,,,,,,,,,,,,,,,,"
",,
"Arawak","Warekena (aa98) Phono","Aikhenvald, Alexandra 1998. Warekena. En: Desmond Derbishire & Geoffrey Pullum (eds.), Handbook of Amazonian Languages, vol. 4: 225-439. Berlín: Mouton de Gruyter.","ʃuɺuami"," -há nili  (hr01), iɺuami","jaɺitua",,,"maweɺite",,,,,,,,,,,"neɺima 'cousin' ",,,,,,,,,,,,,,,"natʃi",,,," limasé li  (hr01)","ʃumiawa"," ní -li (hr01)",,,"jhé-lu (hr01)",,,,,,,,,,,,,,,,,,,,,,,,,,,,,,,,,,,,,,,,,,,,,,,,,,,,,,,,,"
",,
"Arawak","Warekena (aa98) Ortho","Person entering data: AP","ʃuɺuami"," -há nili  (hr01), iɺuami","yaɺitua",,,"maweɺite",,,,,,,,,,,"neɺima 'cousin' ",,,,,,,,,,,,,,,"natʃi",,,," limasé li  (hr01)","ʃumiawa"," ní -li (hr01)",,,"jhé-lu (hr01)",,,,,,,,,,,,,,,,,,,,,,,,,,,,,,,,,,,,,,,,,,,,,,,,,,,,,,,,,"
",,
"Arawak","Yavitero (jm87) Phono","Mosonyi, Jorge Carlos, 1987 El idioma Yavitero, Caracas, Venezuela, 241 pages. ","iľ̥uami","ihi  (dp91)","itsi-naha",,"haɬu [he] (mi)  (dp91)","ľ̥inia-naha",,,"iku","ľ̥uteja",,,"iku","ľ̥uteja",,,"primu (Spanish loan)",,"primu (Spanish loan)",,"primu (Spanish loan)",,"primu (Spanish loan)",,"tain-tani","tanimi","tanihinaľi","tanihinaľi","tanihinaľi","tanihinaľi","tusimi","sijumi",,,"ne[hi][ti](ma) (dp91)","nú[li] (dp91)","hiľ̥u","tani ","janihi","janihi-ľ̥u","ma[si](u)  (dp91)","matusi",,,,,,,,,,,,,,,,,,,,,,,,,,,,,,,,,,,,,,,,,,,,,,,,,,,,,,,,"
",,
"Arawak","Yavitero (jm87) Ortho","Person entering data: AP","iľ̥uami","ihi  (dp91)","ic̷i-naha",,"haɬu [he] (mi)  (dp91)","ľ̥inia-naha",,,"iku","ľ̥uteya",,,"iku","ľ̥uteya",,,"primu ",,"primu ",,"primu ",,"primu ",,"tain-tani","tanimi","tanihinaľi","tanihinaľi","tanihinaľi","tanihinaľi","tusimi","siyumi",,,"ne[hi][ti](ma) (dp91)","nú[li] (dp91)","hiľ̥u","tani ","yanihi","yanihi-ľ̥u","ma[si](u)  (dp91)","matusi",,,,,,,,,,,,,,,,,,,,,,,,,,,,,,,,,,,,,,,,,,,,,,,,,,,,,,,,"
",,
"Arawak","Bare (aa95) Phono","Aikhenvald, Alexandra. 1995a. Baré. Munich: LINCOM Europa.","jakaw","jaka-ɻi","waha",,,,,,,,,,,,,,,,,,,,,,"ahani, dítʃaɻe","isu",,,,,"dúti",,"akane","akana-wa",,,,"hmi",,,,,,"kʰ:kʰajúɻete 'hunter'",,,,,,,,,,,,,,,,,,,,,,,,,,,,,,,,,,,,,,,,,,,,,,,,,,,,,,"
",,
"Arawak","Bare (aa95) Ortho","Person entering data: AP","yakaw","yaka-ɻi","waha",,,,,,,,,,,,,,,,,,,,,,"ahani, dítʃaɻe","isu",,,,,"dúti",,"akane","akana-wa",,,,"hmi",,,,,,"kh:khayúɻete 'hunter'",,,,,,,,,,,,,,,,,,,,,,,,,,,,,,,,,,,,,,,,,,,,,,,,,,,,,,"
",,
"Arawak","Paresi (ab08) Phono","Brandao, Ana Paula","mama","baba","kaˈtore","nuʃimalini, iʃimarene","aðeðe","naˈhahalo","nuʃimaluni","aðaða","ababahare","naˈkero","amamahalo"," ˈkoko"," ˈkoko","amamahalo","naˈkero","ababahare","nuʃimalini (mesmo nome para irmão)","naˈhahalo","nunaˈtjure","nutjawneru","nunaˈtjure","nutjawneru","kaˈtore??","nuʃimaluni","nitjani","nitjani","nukeholidjihare","nukeholidjihalo","nuðajtse","nuðajtsu","atjutju","abebe","nutʃiete","nutʃitu","nutjawneru (e. m.), nunatjulu (ego feminino)","nunatjure (ego masculino e feminino)","neðanitju","neðanene","nutene","nutʃinitju","nimjatsero","nimjatjukue","haliti","ðanekware 'caçador', ðafitjatije 'agricultor'","kaʃiniti, waimare, koðarene, warere, kawili",,,,,,,,,,,,,,,,,,,,,,,,,,,,,,,,,,,,,,,,,,,,,,,,,,,,,"
",,
"Arawak","Paresi (ab08) Ortho","Person entering data: AP","mama","baba","kaˈtore","noximalini, iximarene","azeze","naˈhahalo","noximaloni","azaza","ababahare","naˈkero","amamahalo"," ˈkoko"," ˈkoko","amamahalo","naˈkero","ababahare","noximalini (mesmo nome para irmão)","naˈhahalo","nonaˈtyore","notyaonero","nonaˈtyore","notyaonero","kaˈtore","noximaloni","nityani","nityani","nokeholirihare","nokeholirihalo","nozaitse","nozaitso","atyotyo","abebe","notxiete","notxito","notyawnero (e. m.), nonatyolo (ego feminino)","nonatyore (ego mascolino e feminino)","nezanityo","nezanene","notene","notxinityo","nimatsero","nimatyokoe","haliti","zanekoare 'caçador', zafityatiye 'agricoltor'","kaxiniti, waimare, kozarene, warere, kawili",,,,,,,,,,,,,,,,,,,,,,,,,,,,,,,,,,,,,,,,,,,,,,,,,,,,,"
",,
"Arawak","Wapishana (ms95) Phono","Santos, Manuel Gomes dos . 2006. Uma gramática do Wapixana (Aruak): aspectos da fonologia, da morfologia e da sintaxe. Tese de doutorado. Campinas, SP: UNICAMP",,,,,,"ɖaɖukuː (masculine ego)",,,,,,,,,,,,,,,,,,,,,,,,,,,,,,,,,,,,,"wapitʃan",,,,,,,,,,,,,,,,,,,,,,,,,,,,,,,,,,,,,,,,,,,,,,,,,,,,,,,"
",,
"Arawak","Wapishana (ms95) Ortho ","Person entering data: AP",,,,,,,,,,,,,,,,,,,,,,,,,,,,,,,,,,,,,,,,,,,,,,,,,,,,,,,,,,,,,,,,,,,,,,,,,,,,,,,,,,,,,,,,,,,,,,,,,,"
",,
"Arawak","Wapishana wap IDS orthographic ",," -ˀdaru","  -ˀdarɨ","-inawɨẓa; -aẓɨ"," -ˀdawiʔičʰan"," -tʰɨɨniẓ","-ˀdaˀdakʰuu; -inauẓu"," -ˀdawiʔičʰan"," -masukʰuniˀdi","pʰaapʰai","waʔanɨɨ",,,"tʰaatʰai","maamai",,," -iriˀban"," -iriˀban"," -iriˀban"," -iriˀban"," -iriˀban"," -iriˀban"," -iriˀban"," -iriˀban"," -ˀdani"," -ˀdani-ˀba","čʰaunai"," -ˀdanikʰaʔaẓuu","čʰaunai"," -ˀdanikʰaʔaẓuu","ˀdukʰuẓɨɨ","kʰuʔukʰuu"," -tʰakʰan"," -tʰakʰan",,," -ˀdaiaru"," -ˀdaiarɨ"," -ˀdiniẓɨ"," -ˀdiniẓu"," -imaɨẓu"," -imaˀdakʰuẓ","people: kʰa-wiiẓii-nau",,,,,,,,,,,,,,,,,,,,,,,,,,,,,,,,,,,,,,,,,,,,,,,,,,,,,,,"
",,
"Arawak ","Wapishana wap IDS phonemic",," -ˀdaru"," -ˀdarɨ","-inawɨẓa; -aẓɨ","ˀdawiʔ̌itʃhan"," -tʰɨɨniẓ","ˀdaˀdakʰuu; -inauẓu","ˀdawiʔitʃhan","masukʰuniˀdi","pʰaapʰai","waʔanɨɨ",,,"tʰaatʰai","maamai",,," -iriˀban"," -iriˀban"," -iriˀban"," -iriˀban"," -iriˀban"," -iriˀban"," -iriˀban"," -iriˀban"," -ˀdani"," -ˀdani-ˀba","tʃhaunai"," -ˀdanikʰaʔaẓuu","tʃhaunai"," -ˀdanikʰaʔaẓuu","ˀdukʰuẓɨɨ","kʰuʔukʰuu"," -tʰakʰan"," -tʰakʰan",,," -ˀdajaru"," -ˀdaiarɨ"," -ˀdiniẓɨ"," -ˀdiniẓu"," -imaɨẓu"," -imaˀdakʰuẓ","people: kʰa-wiiẓii-nau",,,,,,,,,,,,,,,,,,,,,,,,,,,,,,,,,,,,,,,,,,,,,,,,,,,,,,,"
",,
"Arawak","Mandawaka (hr01) Phono","Ramirez, Henri. 2001. Línguas Arawak da Amazônia setentrional: comparação e descrição. Manaus: Editora da Universidade",,,,,,,,,,,,,,,,,,,,,,,,,,,,,,,,,,,,,"V́ju",,,,,,,,,,,,,,,,,,,,,,,,,,,,,,,,,,,,,,,,,,,,,,,,,,,,,,,,,,,,,"
",,
"Arawak","Mandawaka (hr01) Ortho","Person entering data: AP",,,,,,,,,,,,,,,,,,,,,,,,,,,,,,,,,,,,,"V́ju",,,,,,,,,,,,,,,,,,,,,,,,,,,,,,,,,,,,,,,,,,,,,,,,,,,,,,,,,,,,,"
",,
"Arawak","Proto-Arawak",,,"[han]itʰi",,,"perɨ[pe]",,,,"kuhko",,,,,,,,,,,,,,,,,,,,,,,,,,"na[tʰu]","ani[lɨ] 'brother-in-law of male'","ɨno"," ɨma (for SA)",,,"ahku[ro] and ima[kɨ][tʰu] for the form in Yavitero",,,,,,,,,,,,,,,,,,,,,,,,,,,,,,,,,,,,,,,,,,,,,,,,,,,,,,,,,"
",,
"Arawak","Proto-Japurá-Colombia",,," -hani-li",,," -pheʔe-li",,,,,,,,,,,,,,,,,,,,,,,,,,,,,,," limatsai-li",," iini-li",,," -(ja)nhe-ru",,,,,,,,,,,,,,,,,,,,,,,,,,,,,,,,,,,,,,,,,,,,,,,,,,,,,,,,,"
",,
"Záparo","Iquito (ildp06); orthography",,"niatíja (originally vocative, reanalyzed as referential term); -áni (archaic form, not commonly used, always possessed)","caqu'+ja (originally vocative, reanalyzed as referential term); -áqu+ (archaic form, not commonly used, always possessed)","atamajáni (male ego); ánani (female ego); arámaaja (vocative term used between brothers); tátaaja (vocative term used by a sister); aánaaja (vocative term used by woman for her brother, archaic)","nihuájiina (younger brother or younger male cousin)","ácujiina (older brother or older male cousin)","atamajáti (female ego); irímaati (male ego); arámaaja (vocative term used between sisters); tatája (vocative term used by a brother)","nihuájiiti (younger sister or younger female cousin)","ácujiiti (used for older sister or older female cousin)","cumáani; patíija (vocative term)","íquina; iquínaaja (vocative)",,,"ácuma; acúmaaja (vocative term)","aníriti; aríriija (vocative)",,,"cuúna (male and female ego); papaája (vocative); aacuníita (vocative for primo or prima); nihuájiina (younger brother or younger male cousin); ácujiina (older brother or older male cousin)","m+niáaja (archaic vocative form); aacuníita (vocative for primo or prima); ácujiiti (used for older sister or older female cousin); nihuájiiti (younger sister or younger female cousin)","cuúna (male and female ego); papaája (vocative); aacuníita (vocative for primo or prima); nihuájiina (younger brother or younger male cousin); ácujiina (older brother or older male cousin)","m+niáaja (archaic vocative form); aacuníita (vocative for primo or prima); ácujiiti (used for older sister or older female cousin); nihuájiiti (younger sister or younger female cousin)","cuúna (male and female ego); papaája (vocative); aacuníita (vocative for primo or prima); nihuájiina (younger brother or younger male cousin); ácujiina (older brother or older male cousin)","m+niáaja (archaic vocative form); aacuníita (vocative for primo or prima); ácujiiti (used for older sister or older female cousin); nihuájiiti (younger sister or younger female cousin)","cuúna (male and female ego); papaája (vocative); aacuníita (vocative for primo or prima); nihuájiina (younger brother or younger male cousin); ácujiina (older brother or older male cousin)","m+niáaja (archaic vocative form); aacuníita (vocative for primo or prima); ácujiiti (used for older sister or older female cousin); nihuájiiti (younger sister or younger female cousin)","niyíni","niyíti","araquíica (male ego, also used for wife's brother/sister's son); aánuura (female ego); najápus+ (sobrino or sobrina, also means orphan)","quihu+'+nari (male and female ego); najápus+ (sobrino or sobrina, also means orphan)","araquíica (male ego, also used for wife's brother/sister's son); aánuura (female ego); najápus+ (sobrino or sobrina, also means orphan)","quihu+'+nari (male and female ego); najápus+ (sobrino or sobrina, also means orphan)","iyasúuja; sisíija (vocative)","sájiri; síriija (vocative)","ájinani","ájinati","núuma (female ego, husband's sister or brother's wife)","acúumi (male ego for brother-in-law, son-in-law, and father-in-law; also female ego for son-in-law)","majáana; huiíja (vocative)","níyaaca","acúumi (male ego for brother-in-law, son-in-law, and father-in-law; also female ego for son-in-law)","áji (suegro, suegra o nuera de una mujer; nuera de un hombre)","áji (suegro, suegra o nuera de una mujer; nuera de un hombre); acúmiiti (suegra de un hombre)","acúumi (male ego for brother-in-law, son-in-law, and father-in-law; also female ego for son-in-law); áji (suegro, suegra o nuera de una mujer; nuera de un hombre)","iquiítu (persona de la étnia iquito); Anatimujúri (those living on the Pintuyacu, MC: Anatimu (río Pintuyacu) + juri (gente).); Namutújuri (those living in the Nanay river region); Cajiyuúri (those living on the Chambira river); Masicuúri (those living on the Mazán river); Incahu+'+raana (subgrupo iquito que vivía en las cabeceras del río Pintuyacu; era miembros de este grupo que bajaron hasta la boca del río Nantu a fundar el asentamiento que, según la historia oral, posteriomente se convertió en la ciudad de Iquitos.); Majanacáani (subgrupo del pueblo iquito; vivían en las cabeceras de los ríos Chambira, Momón, y Mazán.  Antiguamente vivián ese grupo en la quebrada 'Núriiy+yuumu' (Lit: 'Quebrada de Tamishi'), una quebrada que es afluente del bajo río Nanay, cerca a la comunidad de Yuto. Empezaron casarse con Cocamas y Quechuas al inicio del siglo XX, con en resultado que los últimos hablantes del idioma iquito en esa zona se murieron en los 1950s.); Tipaacájuri (gente de tierra gredal, término usado para distinguir los subgrupos del pueblo iquito que vivían en terrenos gredosos (las cuencas de ríos Chambira, Mazán, y Momón), p.ej. los Majanacáani, de los que vivían en las tierras arenosas (ríos Pintuyacu y Nanay).); ámuuhuaaja (Cahuarano, una persona de una étnia estrechamente relacionada a los iquitos; ellos vivían en las cabeceras de los ríos Nanay y Pintuyacu y supuestamente no practicaban la agricultura; en el pasado, ellos fueron capturados y llevados a las comunidades iquitos, hasta los años 50, pero ahora los iquitos creen que se han extinguido.); Aacamáana (una pequeña comunidad iquito que existía en el margen del río Pintuyacu, unos 5 a 10 km arriba del encuentro con el río Chambira; se estableció el asentamiento en aproximadamente 1920 y se abandonó en aproximadamente 1960.); Sanantúuni (San Antonio de Pintuyacu, nombre de la comunidad más grande del pueblo iquito, fundado en 1911 por Ramón Ampuero, un patrón que trabajaba caucho en la zona, usando personas iquitos como esclavos)","paasína (mitayero, una persona que es un cazador o pescador muy exitoso); cuuhuaá amuuyaana (MC: compound, meat hunter/killer); ámuuyaana (hunter; MC: derived from verb 'to hunt')",,,,,,,,,,,,,,,,,,,,,,,,,,,,,,,,,,,,,,,,,,,,,,,,,,,,,,,,
"Jivaro","Ashuar (Orthographic)","Fast, Gerhard; Warkentin de Fast, Ruby and Fast, Daniel. 1996. Diccionario Shiwiar-Ashuar-Castellano. Serie Lingüística Peruana No. 36. Yarinacocha, ILV. ","nukúr (my mother)","apár (my father)","yatsúr (male ego), umáar (female ego)",,,,,,"apár","nukúachi (not specified as paternal or maternal)",,,"jiich (it also means father-in-law) ",,,,"kaná yatsúr (male ego), kaná umáar (female ego)","kaná umáar (male ego), kaná káir (female ego)",,,,,,,"úchi-","náwant-","chínu","nawántur","awér","awér","apách","nukúch","tirángki","tirángki","wajér (male ego), kamír (female ego)","sáir (male ego), wajér (female ego)","nuwári (his wife)","áishri (her husband)","awé","najátur","tsatsári","jíichi
",,,"
",,,,,,,,,,,,,,,,,,,,,,,,,,,,,,,,,,,,,,,,,,,,,,,,,,,,,,,
"Jivaro","Ashuar (phonemic)","Daniel","nukúr","apár","jatsúr, uma:r",,,,,,"apár","nukúatʃi",,,"xi:tʃ",,,,"kaná jatsúr,  kaná umá:r","kaná umá:r, kaná káir",,,,,,,"útʃi-","náwant-","tʃínu","nawántur","awɯr","awɯr","apátʃ","nukútʃ","tiráŋki","tiráŋki","waxɯr, kamír","sáir, wajɯr","nuwári","áishri","awɯ","naxátur","tsatsári","xí:tʃi
",,,"
",,,,,,,,,,,,,,,,,,,,,,,,,,,,,,,,,,,,,,,,,,,,,,,,,,,,,,,
"Jivaro","Huambisa (orthographic)","Jakway, Martha (recop.). 1987 (2nd.ed.). Vocabulario huambisa.Serie Lingüística peruana no. 24 Lima, ILV.","nuku","apa","yachi (masculine ego), umai (feminine ego)",,,"umai (masculine ego), kai (feminine ego)",,,"apa","tsatsa",,,"iich","nuku",,,"yachi (masculine ego), umai (feminine ego)","kai",,"untsu (masculine ego)","sai (masculine ego), untsu (feminine ego)","untsu (masculine ego)",,,"uchi","nawan","awe, uchi","awe, nawa",,,"apach","nukuch","tirag","tirag","waje (masculine ego), yuar (feminine ego)","sai (masculine ego), waje (feminine ego)","nuwe","ashri",,,"tsatsa","wear
",,"
",,,,,,,,,,,,,,,,,,,,,,,,,,,,,,,,,,,,,,,,,,,,,,,,,,,,,,,,
"Jivaro","Huambisa (phonemic)","Daniel","nuku","apa","jatʃi, umai",,,"umai, kai",,,"apa","tsatsa",,,"i:tʃ","nuku",,,"jatʃi, umai",,,"untsu (masculine ego)","sai, untsu","untsu",,,"utʃi","nawan","awɨ, utʃi","awɨ, nawa",,,"apatʃ","nukutʃ","tiraŋg","tiraŋg","waxɨ, juar","sai, waxɨ","nuwɨ","aʃri",,,"tsatsa","wɨar
",,"
",,,,,,,,,,,,,,,,,,,,,,,,,,,,,,,,,,,,,,,,,,,,,,,,,,,,,,,,
"Jivaro","Aguaruna (orthographic)","Wipio, Gerardo (recop.). (1996). Diccionario aguaruna-castellano, castellano-aguaruna.ILV, Lima.","dúku","ápa","yátsut (masculine ego), ubág (feminine ego)",,,"ubag (masculine ego), kái (feminine ego)",,,"apág","dúku",,,"díichi",,,,"ubág (feminine ego)","ubág (masculine ego)",,,"sáig (masculine ego)","antsúg (masculine ego)","antsúg (feminine ego)",,"úchi","náwan","áwe","áwe",,,"apách","dukúch","tíjag","tíjag","yuwág (feminine ego), wajég (masculine ego)","wajég (feminine ego), sái (masculine ego)","núwe","aíshji",,"awég","tsatság","wewág","awajún
",,"
",,,,,,,,,,,,,,,,,,,,,,,,,,,,,,,,,,,,,,,,,,,,,,,,,,,,,,,
"Jivaro","Aguaruna (phonemic)","Daniel","dúku","ápa","játsut, ubáng",,,"ubáng, kái",,,"apáng","dúku",,,"di:tʃi",,,,"ubáng","ubáng",,,"sáing","antsúng","antsúng",,"útʃi-","náwan","áwɨ","áwɨ",,,"apátʃ","dukútʃ","tíxang","tíxang","juwáng, waxɨng","waxɨng, sái","núwɨ","aíʃxi",,"awɨng","tsatsáng","wɨwáng","awaxún
",,"
",,,,,,,,,,,,,,,,,,,,,,,,,,,,,,,,,,,,,,,,,,,,,,,,,,,,,,,
"Quechua","Quechua del Pastaza (Orthographic)","Landerman, Peter. (2008, 2nd. ed.). Vocabulario Quechua del Pastaza. ILV, Yarinacocha.","mama","yaya","wawqui (masculine ego), turi (femenine ego)",,,"pani (masculine ego), ñaña (feminine ego)",,,"papachi, tiyu (Spanish loan)","avila",,,,,,,"primu (Spanish loan)","prima (Spanish loan)",,,,,,,,,"mitu","mitu warmi (mitu=brother´s daughter; warmi=woman)",,,"yaya rucu","mama paya",,,"cachun ","masha","warmi","cusa","masha",,,"rucu","
","
",,,,,,,,,,,,,,,,,,,,,,,,,,,,,,,,,,,,,,,,,,,,,,,,,,,,,,,,
"Quechua","Quechua del Pastaza (Phonemic)","Daniel",,"jaja","wawki, tuɾi",,,"pani, ɲaɲa",,,"papatʃi, tiju","abila",,,,,,,"pɾimu","pɾima",,,,,,,,,"mitu","mitu waɾmi",,,"jaja ɾuku","mama paja",,,"katʃun","maʃa","waɾmi","kusa","maʃa",,,"ɾuku","
","
",,,,,,,,,,,,,,,,,,,,,,,,,,,,,,,,,,,,,,,,,,,,,,,,,,,,,,,,
"Quechua","Inga (orthographic)","Tandioy, Domingo, Stephen Levinsohn and Alonso Maffla (comp). 1997. Diccionario Inga-Español.","mama","taita","wagki (masculine ego), turi (feminine ego)",,,"pani (masculine ego), ñaña (feminine ego)",,,,,,,,,,,,,,,,,,,"wambra",,,,,,"achala, achala taita","achala mama","ñitu (Spanish loan)",,,,"warmi","kusa
",,,,,,,"
",,,,,,,,,,,,,,,,,,,,,,,,,,,,,,,,,,,,,,,,,,,,,,,,,,,,,,,
"Quechua","Inga (phonemic)","Daniel",,,,,,,,,,,,,,,,,,,,,,,,,,,,,,,,,,,,,,,,,,,,,"
",,,,,,,,,,,,,,,,,,,,,,,,,,,,,,,,,,,,,,,,,,,,,,,,,,,,,,,
"Quechua","Napo Lowland Quichua (orthographic)","Orr, Carolyn and Betsy Wrisley (comp.). 1981. Vocabulario quichua del oriente. ILV, Quito.","mama","yaya","huaqui (masculine ego), turi (feminine ego)",,"rucu huaqui","pani (masculine ego), ñaña (feminine ego)",,,"jachi","miquia",,,,,,,,,,,,,,,"churi",,,,,,"rucu yaya","rucu mama",,,,,"huarmi","cari","masha","cachun
",,,,,,,,,,,,,,,,,,,,,,,,,,,,,,,,,,,,,,,,,,,,,,,,,,,,,,,,,,,,
"Quechua","Napo Lowland Quichua (phonemic)","Daniel","mama","jaja","waki",,"ɾuku waki","pani, ɲaɲa",,,"xatʃi","mikia",,,,,,,,,,,,,,,"tʃuɾi",,,,,,"ɾuku jaja","ɾuku mama",,,,,"waɾmi","kaɾi","maʃa","katʃun
",,,,,,,,,,,,,,,,,,,,,,,,,,,,,,,,,,,,,,,,,,,,,,,,,,,,,,,,,,,,
"Isolate","Páez (orthographic) ",,"mama","tata (Quechua loan?)","nyacj (maculine ego), ndyiy (female ego)",,"yacjtjẽ´j (masculine ego)","npe´sh (masculine ego), nyacj (feminine ego)",,"yacjtjẽ´j (feminine ego)","yŭucue","peetsujts",,,"cajca, ncaaca","peeyŭucue",,,"primo (Spanish loan), pucacje nyacj","primo (Spanish loan), pucacje nyacj",,,,,,,"nchi´c","niisa",,,,,"tata wala (tata=father; wala=intensifier)","mama wala (mama=mother; wala=intensifier)","ntsun","ntsun","ntsu´wa (masculine ego), ntyi´nsa (feminine ego)","ntsu´m (masculine ego), ntsu´wa (feminine ego)","nyu","nmi´","nduj","ncuẽmiyŭ","nyu njĩ´j, ntsuuts","nyu neytjẽ´j, cajcatjẽ´j","nasa
",,"
",,,,,,,,,,,,,,,,,,,,,,,,,,,,,,,,,,,,,,,,,,,,,,,,,,,,,,,
"Isolate","Páez (phonetic)","Daniel",,,,,,,,,,,,,,,,,,,,,,,,,,,,,,,,,,,,,,,,,,,,,"
",,,,,,,,,,,,,,,,,,,,,,,,,,,,,,,,,,,,,,,,,,,,,,,,,,,,,,,
"Peba-Yaguan","Yagua (orthohraphic)","Powlison, Paul (recop.). (1995). Diccionario yagua-castellano. Serie Lingüística Peruana no. 35. ILV, Lima.","jnoda","jay","taryi (masculine ego), nini (feminine ego)",,,"jtyamutu (masculine ego), taryatu (feminine ego)",,,"jiñuryi","nontuy",,,,,,,"taryi (masculine ego), nini vichi (feminine ego)",,,,,,,,,"jityamutuvichi (masculine ego), taryatu vichi (feminine ego)","denuvichi","popojuy",,,"papa","jityeyada","jasi","jasatu","jamuñuju","macha","rimityoda","vanu","jadcha","jasinuy","cha","jamu","""nijyami
",,,,,,,,,,,,,,,,,,,,,,,,,,,,,,,,,,,,,,,,,,,,,,,,,,,,,,,,,
"Peba-Yaguan","Yagua (phonemic)","Daniel","xnonda","xãj","tarji, nini",,,"xtjamutu, tarjatu",,,"xiɲurji","nõntũj",,,,,,,"tarji, nini witʃi",,,,,,,,,"xitjamutuwitʃi, tarjatu witʃi","ndenuwitʃi","popoxũj",,,"papa","xı̃tjẽjanda","xası̃","xasatu","xãmũɲũxu","mãtʃa","rimitjonda","wanu","xandtʃã","xası̃nuj","tʃã","xãmu
",,,,,,,,,,,,,,,,,,,,,,,,,,,,,,,,,,,,,,,,,,,,,,,,,,,,,,,,,,
"Peba-yagua","Yagua (orthographic) YAD IDS",,"-toda; hnõda","tatya; hãy","taryĩ; nuni nini","taryĩ wadinu","taryĩ munatyĩ","htyamutu; taryatu","htyamutu waditu; taryatu waditu","htyamutu munatyatu","hãčũ","deseda",,,"nuri","nõntu nõntũy",,,"taryĩwičĩ taryatuwičĩ","taryĩwičĩ taryatuwičĩ","taryĩwičĩ taryatuwičĩ","taryĩwičĩ taryatuwičĩ","taryĩwičĩ taryatuwičĩ","taryĩwičĩ taryatuwičĩ","taryĩwičĩ taryatuwičĩ","taryĩwičĩ taryatuwičĩ","danu; denu","detu",,,,,"hãpa; papa","tãyõ","hasĩ","hasatu",,,"watura","wanu","hadčã; kirye","hasĩntu; hasĩnũy","deseda","hãmu; nuri; hiɲur",,,"-hũrirya",,,,,,,,,,,,,,,,,,,,,,,,,,,,,,,,,,,,,,,,,,,,,,,,,,,,,,,
"Peba-yagua","Yagua (phonemic) YAD IDS",,"-toda; hnõda","tatja; hãj","tarjĩ; nuni nini","tarjĩ wadinu","tarjĩ munatjĩ","htjamutu; tarjatu","htjamutu waditu; tarjatu waditu","htjamutu munatjatu","hãtʃũ","deseda",,,"nuri","nõntu nõntũj",,,"taryĩwitʃĩ tarjatuwitʃĩ","tarjĩwitʃĩ tarjatuwitʃĩ","tarjĩwitʃĩ tarjatuwitʃĩ","taryĩwitʃĩ tarjatuwitʃĩ","taryĩwitʃĩ tarjatuwitʃĩ","taryĩwitʃĩ tarjatuwitʃĩ","taryĩwitʃĩ tarjatuwitʃĩ","taryĩwitʃĩ tarjatuwitʃĩ","danu; denu","detu",,,,,"hãpa; papa","tãjõ","hasĩ","hasatu",,,"watura","wanu","hadtʃã; kirje","hasĩntu; hasĩnũj","deseda","hãmu; nuri; hiɲur",,,"hũrirja",,,,,,,,,,,,,,,,,,,,,,,,,,,,,,,,,,,,,,,,,,,,,,,,,,,,,,,
"Pano","Matses (orthographic)","""Fleck, David. (2003). A grammar of matses. PhD Dissertation, Rice University.
",,,,,,,,,,,,,,,,,,,,,,,,,"mado",,,,,,"buchido","chichi (maternal grandmother), shanu acho (paternal grandmother)",,,,,"chido
",,,,,,,,,,,,,,,,,,,,,,,,,,,,,,,,,,,,,,,,,,,,,,,,,,,,,,,,,,,,,,,
"Pano","Matses (phonemic)","Daniel","tita","papá (Spanish loan?)",,,,"tʂu",,,"kukú",,,,,,,,,,,,,,,,"maɾo","tʃampi","pjaʔ",,,,"butʃiɾo","tʃitʃi","babá",,,,"tʃiɾó","bɨnɨ
",,,,,,,,,,,,,,,,,,,,,,,,,,,,,,,,,,,,,,,,,,,,,,,,,,,,,,,,,,,,,,
"Isolate","Ticuna (orthographic)","Anderson, Doris. 1962. Conversational ticuna. Yarinacocha Press, Yarinacocha. ","mama",,"naenexẽ",,,"naeya",,,"nanepü",,,,"tutü","tía (Spanish loan)",,,,,,,,,,,,,,,,,"uxi","nãxẽ",,,,,"naxma","nate
",,,,,,,,"
",,,,,,,,,,,,,,,,,,,,,,,,,,,,,,,,,,,,,,,,,,,,,,,,,,,,,,
"Isolate","Ticuna (phonemic)","Daniel","mama",,"naeneʔẽ",,,"naejaʔ",,,"nanepɨ",,,,"tutɨ","tia",,,,,,,,,,,,,,,,,"uʔʔi","nãʔẽ",,,,,"naʔmaʔ","nate
",,,,,,,,"
",,,,,,,,,,,,,,,,,,,,,,,,,,,,,,,,,,,,,,,,,,,,,,,,,,,,,,
"Tupi-Guaraní","Cocama","Faust, Norma. 2008 (3ra. ed.). Gramática cocama. Serie Lingüística Peruana no. 6. ILV, Lima.Espinosa, Lucas. 1989. Breve diccionario analítico castellano-tupí del Perú. Sección Cocama.Ediciones C.E.T.A., Iquitos.","mama","papa","ima (masculine ego), quehue, quɨhuɨra (feminine ego)",,"cuña (masculine ego)","paya (feminine ego)",,,,"yaiche",,,,,,,,,,,,,,,"memɨracuña (feminine ego), taɨra (masculine ego)","memɨra (feminine ego), taira (masculine ego)",,,,,"amɨ","nai","rimiariru","rimiariru","miriquɨa (masculine ego)","menɨa (feminine ego)","miricua","mena","ichimari","yuama","yaiche","tutɨra
",,,"
",,,,,,,,,,,,,,,,,,,,,,,,,,,,,,,,,,,,,,,,,,,,,,,,,,,,,,,
"Tupi-Guaraní","Cocama","Daniel","mama","papa","ima, kewe, kɨwɨɾa ",,"kuɲa","paja",,,,"jaiɲe",,,,,,,,,,,,,,,"memɨɾakuɲa, taɨra ","memɨɾa, taiɾa ",,,,,"amɨ","nai","ɾimiaɾiɾu","ɾimiaɾiɾu","miɾikɨa","menɨa","miɾikua","mena","itʃimaɾi","juama","jaitʃe","tutɨɾa
",,,"
",,,,,,,,,,,,,,,,,,,,,,,,,,,,,,,,,,,,,,,,,,,,,,,,,,,,,,,
"Tupi-Guarani","Nheengatu (phono)","John Blaha (Grenand)","maja, mãmãj","parú, pai (from POR), paja","mũ (used only by men)",,,"endira, amũ (used only by women)",,,"tutiɾa","tija (from POR)","tija (from POR)","tutiɾa","tutiɾa","tija (from POR)","tija (from POR)",,"piɾi, pɾímu (from POR)","piɾi, pɾímu (from POR)","piɾi, pɾímu (from POR)","piɾi, pɾímu (from POR)","piɾi, pɾímu (from POR)","piɾi, pɾímu (from POR)","piɾi, pɾímu (from POR)","piɾi, pɾímu (from POR)","mbirapigá (used only by women, more precise than /mbira/, mbira=filho, piga=man) mbira (used only by women, generic word), -aira(not possessed, used by men), taira (3rd plural possessed, used only by men)","mbirakujã (used only by women, more precise than /mbira/. Mbira=filho/a, kuya=mulher), taijera (daughter 3rd person plural possessed?) -aijera(not possessed?) mbira (used by women, generic word)","kuju (used by both men and women), subríju (from POR)","taĩ","kuju (used by both men and women), subríju (from POR)","taĩ","ãmũĩ","aria, amujã (= our grandmother?)","imiariru","imiariru","kujada (from POR)","uajara","imiriku","mena?","aijeramena","nuɾa (from POR)","tiwa, sugra (from POR)","atiwa, sugru (from POR","engatu",,,,,,,,,,,,,,,,,,,,,,,,,,,,,,,,,,,,,,,,,,,,,,,,,,,,,,,,,
"Tupi-Guarani","Nheengatu (ortho)","John Blaha (Grenand)","maya, mãmãy","parú, pai (from POR) paya","mũ (used only by men)",,,"endira, amũ (used only by women)",,,"tutira","tiya (from POR)","tiya (from POR)","tutira","tutira","tiya (from POR)","tiya (from POR)",,"piri, prímu (from POR)","piri, prímu (from POR)","piri, prímu (from POR)","piri, prímu (from POR)","piri, prímu (from POR)","piri, prímu (from POR)","piri, prímu (from POR)","piri, prímu (from POR)","mbirapigá (used only by women, more precise than /mbira/, mbira=filho, piga=man) mbira (used only by women, generic word) aira (used only by men)","mbirakuyã (used only by women, more precise than /mbira/. Mbira=filho/a, kuya=mulher), taiyera (a daughter to marry), mbira (used only by women, generic word)","kuyu (used by both men and women) çubríyu (from POR)","taĩ","kuyu (used by both men and women) çubríyu (from POR)","taĩ","ãmũĩ","aria, amuyã (= our grandmother?)","imiariru","imiariru","kuyada (from POR)","uayara","imiriku","mena?","ayieramena","nura (from POR)","tiwa, çugra (from POR)","atiwa, çugru (from POR)","engatu",,,,,,,,,,,,,,,,,,,,,,,,,,,,,,,,,,,,,,,,,,,,,,,,,,,,,,,,,
"Isolate","Urarina (orthographic)","Olawsky, Knut. 2006 A grammar of Urarina. Mouton de Gruyter. Berlin. ","neba","ufwa",,"ukwala",,"aua","iana",,"ʨaɲe (masculine ego), iʨene (feminine ego)","kãʉ",,,"tanaa (masculine ego), nono (feminine ego)","nemae (masculine ego), fofwa (feminine ego)",,,,,,,,,,,"kalaui",,,,,,"rĩĩha",,"rĩɲahaa",,"daki (feminine ego)","daa (masculine ego)","komasai","lana","ɲakana",,"tano (masculine ego), ","tanaa (masculine ego)","urarina
",,,,,,,,,,,,,,,,,,,,,,,,,,,,,,,,,,,,,,,,,,,,,,,,,,,,,,,,,
"Isolate","Urarina (phonemic)","Daniel",,"ufwa",,"ukwala",,"aua","iana",,"tʃaɲe, itʃene","kãʉ",,,"tana:, nono","nemae, fofwa ",,,,,,,,,,,"kalaui",,,,,,"ɽĩ:ha",,"ɽĩɲaha:",,"daki ","da:","komasai","lana","ɲakana",,"tano","tana:","uɽarina
",,,,,,,,,,,,,,,,,,,,,,,,,,,,,,,,,,,,,,,,,,,,,,,,,,,,,,,,,
"Isolate","Camsa (orthographic)","Monguí, José. 1981. La lengua kame.ntzá. Fonética-Fonología-Textos. Instituto Caro y Cuervo, Bogotá. ",,"taitá (Quechua loan)",,,,,,,"bakó
",,,,,,,,,,,,,,,,,,,,,,,,,,,,,,,,,,,,,,,,,,,,,,,,,,,,,,,,,,,,,,,,,,,,,,,,,,,,,,,,,,,,,,,,,,,
"Isolate","Camsa (phonemic)","Daniel",,,,,,,,,"bako
",,,,,,,,,,,,,,,,,,,,,,,,,,,,,,,,,,,,,,,,,,,,,,,,,,,,,,,,,,,,,,,,,,,,,,,,,,,,,,,,,,,,,,,,,,,
"Nadahup","Yuhup (phonemic)","Martins, Valteir. 2005. Reconstrução fonológica do Protomaku Oriental [Phonological reconstruction of eastern Protomaku]. Ph. D. diss., Vrije Universiteit, Amsterdam. Amsterdam: LOT. AP",,"ʔîp",,,,"hɛ̃̂jʔ",,,,,,,"kˀɔʔ",,,,,,,,,,,,,"tôg",,,,,"ʔǔwah",,,,,"jɔ̂h",,,,,,,,,,,,,,,,,,,,,,,,,,,,,,,,,,,,,,,,,,,,,,,,,,,,,,,,,,,,,,,,
"Nadahup","Dâw (phonemic)","Martins, Valteir. 2005. Reconstrução fonológica do Protomaku Oriental [Phonological reconstruction of eastern Protomaku]. Ph. D. diss., Vrije Universiteit, Amsterdam. Amsterdam: LOT. AP",,"ʔǐp, ʔɛh",,,,"wɤʔãj",,,,,,,"kɔt",,,,,,,,,,,,,"tôg",,,,,,,,,,"jɔ̂","ʔã̂m","tug",,,,,,,,,,,,,,,,,,,,,,,,,,,,,,,,,,,,,,,,,,,,,,,,,,,,,,,,,,,,,,
"Nadahup","Nadêb Rç (phonemic)","Martins, Valteir. 2005. Reconstrução fonológica do Protomaku Oriental [Phonological reconstruction of eastern Protomaku]. Ph. D. diss., Vrije Universiteit, Amsterdam. Amsterdam: LOT. [ɨ is written ɯ in Martins]; Martins, Senn. Nadeb lexicon, ms; Weir, E.M. Helen 1984. A negação e outros tópicos da gramática Nadëb. Dissertação de Mestrado em Lingüística. Campinas: IEL-UNICAMP. AP","ʔɯ̃ːn","ʔɯb, ʔeːʔ","hɯ̃ːj","wokã̰ːn","hɤna̰ː","ʔãɲ","t'ɯ̃ːh",,"kad","ɔŋ",,,"k̚ɔd, k̚ad","kaːt",,,,"jɔːh (prima de mulher)","kãn",,,,,,"t'aːh, taːh","toːk̚","karaʃeː, wiːh, ʃ'aːh","ʃook̚",,"bɔːh","ʔoːw","hoːɲ",,"tatoːk̚","jɔːh (cunhada de mulher)","jo̰ːh","ʔɯ̃ːm, ʔʌ̃m","patuk̚","ʃaːmad, ʃamaːr","takaaɲ","maɯːn","maɯb",,,,,,,,,,,,,,,,,,,,,,,,,,,,,,,,,,,,,,,,,,,,,,,,,,,,,,,,,,
"Nadahup","Nadeb RN (phonemic)","Martins, Valteir. 2005. Reconstrução fonológica do Protomaku Oriental [Phonological reconstruction of eastern Protomaku]. Ph. D. diss., Vrije Universiteit, Amsterdam. Amsterdam: LOT. AP","ʔaʔɯ̃ːn","ʔɯb, ʔeːʔ",,,,"ʔãj",,,,,,,"gɔd",,,,,,,,,,,,,"tuːg",,,,,"ʔɔːw",,,,,"jɔ̰ːh","ʔɯ̃ːm","tapatug",,,,,,,,,,,,,,,,,,,,,,,,,,,,,,,,,,,,,,,,,,,,,,,,,,,,,,,,,,,,,,
"Unclassified","Warao (phono)","John Blaha (Romero-Figeroa)","ɾani","ɾima, dani (pg 44)","ɾahe, ɾaka, dakobo, ɾakobo","ɾaka",,"ɾakoi","ɾakoi sanuka (ɾakoi=sisteɾ, sanuka=small)",,,,,,,,,,,,,,,,,,"uka","auka",,,,,"nobo","natu",,,,,"ma tiɾa (my woman? Ma=pos maɾkeɾ, tiɾa =woman)","a niboɾa (of a man?, niboɾa = man)",,,,,"waɾao",,,,,,,,,,,,,,,,,,,,,,,,,,,,,,,,,,,,,,,,,,,,,,,,,,,,,,,,,
"Unclassified","Warao (ortho)",,"rani","rima, dani (pg 44)","rahe, raka, dakobo, rakobo","raka",,"rakoi","rakoi sanuka (rakoi=sister, sanuka=small)",,,,,,,,,,,,,,,,,,"uka","auka",,,,,"nobo","natu",,,,,"ma tira (my woman? Ma=pos marker, tira =woman)","a nibora (of a man?, nibora = man)",,,,,"warao",,,,,,,,,,,,,,,,,,,,,,,,,,,,,,,,,,,,,,,,,,,,,,,,,,,,,,,,,
"Choco","Emberá (orthographic)","Sara, Solomon. A Tri-Lingual Dictionary of Emberá-Spanish-English","dádyi phápa","zézaa","dyabá",,,"dyába wˈẽra",,,"dyábadróa","chabádyoa",,,"dyábadróa","chabádyoa",,,"dyabá-oárra","dyabá-káu","dyabá-oárra","dyabá-káu","dyabá-oárra","dyabá-káu","dyabá-oárra","dyabá-káu","oárra","káu","gúrra","hẽrámãrã","gúrra","hẽrámãrã","dadaróã","phapadyóra","oárra-wízake, uízáke","káu-wízake, áĩnzake",,,"kopéro","kopéro","wigú","aiŋ̃gú","phãŋkõré","zaõaré",,,,,,,,,,,,,,,,,,,,,,,,,,,,,,,,,,,,,,,,,,,,,,,,,,,,,,,,,,
"Choco","Embeɹá (phonemic)","Saɹa, Solomon. A Tɹi-Lingual Dictionaɹj of Embeɹá-Spanish-English","dádji phápa","zéza:","djabá",,,"djába wˈẽɹa",,,"djábadɹóa","chabádjoa",,,"djábadɹóa","chabádjoa",,,"djabá-oára","djabá-káu","djabá-oára","djabá-káu","djabá-oára","djabá-káu","djabá-oára","djabá-káu","oára","káu","gúra","hẽɹámãɹã","gúra","hẽɹámãɹã","dadaɹóã","phapadjóɹa","oára-wízake, uízáke","káu-wízake, áĩnzake",,,"kopéɹo","kopéɹo","wigú","aiŋ̃gú","phãŋkõɹé","zaõaɹé",,,,,,,,,,,,,,,,,,,,,,,,,,,,,,,,,,,,,,,,,,,,,,,,,,,,,,,,,,
"Isolate","Andoke (Orth)","Landaburu, Jon.  1979. La Langue des Andoke. -- Entered by Kelsey Neely","-tí","-pʌ","-ʌʌ","-ɒi","-haə́ʌsi",,,,,,,,,,,,"-ʌʌ",,"-ʌʌ",,"-ʌʌ",,"-ʌʌ",,"-ʌ́'tʌ",,,,"-sepo","-sepo",,,,,,,"- ə̃","-kɒ",,,,,,,,,,,,,,,,,,,,,,,,,,,,,,,,,,,,,,,,,,,,,,,,,,,,,,,,,,,,,,
"Isolate","Andoke (Phon)","Landaburu, Jon.  1979. La Langue des Andoke. -- Entered by Kelsey Neely","-tí","-pʌ","-ʌʌ","-ɒi","-haə́ʌçi",,,,,,,,,,,,"-ʌʌ",,"-ʌʌ",,"-ʌʌ",,"-ʌʌ",,"-ʌ́ʔtʌ",,,,"-çepo","-çepo",,,,,,,"- ə̃","-kɒ",,,,,,,,,,,,,,,,,,,,,,,,,,,,,,,,,,,,,,,,,,,,,,,,,,,,,,,,,,,,,,
"Guahiban","Guayabero (phono)","Huber, R.; Reed, R. 1992. Comparative vocaulary: selected words in indigenous languages of Colombia. Instituto Linguistico de Verano. AP","ʔen","ʔax",,,,"án(o), anɨ́-yo (vocativo)",,,"aknú",,,,"aknú",,,,,,,,,,,,"aknó","aknó",,,,," -am, amúi","akúe(y)",,,,"ajmó","píh-ow","pámal",,,"akúi (vocativo), améi",,,,,,,,,,,,,,,,,,,,,,,,,,,,,,,,,,,,,,,,,,,,,,,,,,,,,,,,,,,
"Guahiban","Macaguan (ortho)","Buenaventura V., Edgar 1993. Observaciones preliminares acerca del idioma macaguán: apuntes culturales, fonología, apuntes gramaticales, vocabulario macaguán-español. Bogotá: ILV. AP","enána","até(i), áit, áti"," -kuítnʉ","yat",," -kuítnʉ",,,,,,,,,,,,,,,,,,," -knó",," -kʉt",,,,,,"mom",," -kʉ́npen",," -bárkui"," -bárkui",,,,,"jirárnʉ",,,,,,,,,,,,,,,,,,,,,,,,,,,,,,,,,,,,,,,,,,,,,,,,,,,,,,,,,
"Guahiban","Macaguan (phono)","Buenaventura V., Edgar 1993. Observaciones preliminares acerca del idioma macaguán: apuntes culturales, fonología, apuntes gramaticales, vocabulario macaguán-español. Bogotá: ILV. AP","enána","até(i), áit, áti"," -kuítnɨ","jat",," -kuítnɨ",,,,,,,,,,,,,,,,,,," -knó",," -kɨt",,,,,,"mom",," -kɨ́npen",," -báɾkui"," -báɾkui",,,,,"hiɾáɾnɨ",,,,,,,,,,,,,,,,,,,,,,,,,,,,,,,,,,,,,,,,,,,,,,,,,,,,,,,,,
"Isolate","Huaorani","Bettie Gonzales; Summer Institute of Linguistics 1959","badã wããna; Mbarã","wæ̃po","memo","bíwi̧-ñía",,,,,,,,,,,,,,,,,,,,,,,,,,,"wæ̃mæ̃ mæ̃mæ̃","ñǽ̨ñæ̨",,,,,"nãnogæ̃",,,,,,,,,,,,,,,,,,,,,,,,,,,,,,,,,,,,,,,,,,,,,,,,,,,,,,,,,,,,,,,
