,,"English","arrow","blowgun","bow","chicha (manioc beer)","chicha(corn beer)","chicha(other alc. beverage)","dart (blowgun)","fan","fish (with line)","fish (with fish-poison)","hunt","game animal","flat bread, cassava bread","gourd dipper","grater","grid of sticks for smoking meat or placing objects (shelf)","griddle for cooking flatbread","manioc meal","mortar","pestle","spear","starch (tapioca, other)","tapioca drink, mingau","tipiti (manioc squeezer)","tripod for washing manioc","venom for darts","woven strainer/sieve","cooking food wrapped in leaves","bait for fishing","kind of fish trap",,,,,,,,,,,,,,,,,,,,,,,,,,,,,,,,,,,,,,,,,,,,,,,,,,,,,,,,,,,,,,,,,,,,,"honey","grinding stone (top/bottom)","digging stick","spear thrower","throwing stick"
,,"Portuguese","flecha","zarabatana","arco","caxiri, chicha de mandioca","chicha de milho","chicha","lança","abanador","pescar (com linha)","pescar (com )","caçar","caça, animal de caça","beiju","cuia","ralador","jirau","forno para beiju","farinha","pilão","mão de pilão","lança","goma de tapioca","mingau","tipiti","tripé","curare","peneira",,"isca","matapi",,,,,,,,,,,,,,,,,,,,,,,,,,,,,,,,,,,,,,,,,,,,,,,,,,,,,,,,,,,,,,,,,,,,,"mel","metate",,"lanzador, atlatl","?"
,,"Spanish","flecha","cerbatana, pucuna (Peru)","arco","masato","chicha",,"dardo, birote (Peru), bala (Peru)","abanico","anzuelear, pescar con linea","pescar con barbasco","cazar","caza, animal de caza","pan de yuca, casabe/cazabe (Colombia)","cucharón, pate (Peru)","rallador","barbacoa","tiesto (Colombia)","fariña","mortero","mano de mortero, mazo, moledor","lanza","almidón","tapioca?, mandioca","tipiti","trípode","veneno","colador tejido, cedazo (Peru), cernidor (Peru)","patarashca","carnada para pescar, empate (Peru)","trampa de peces, trampa",,,,,,,,,,,,,,,,,,,,,,,,,,,,,,,,,,,,,,,,,,,,,,,,,,,,,,,,,,,,,,,,,,,,,"miel","metate",,"lançador, atlatl","?"
,,"Relevance to subsistence","hunting, warfare",,,,,,"hunting and warfare",,,,,,"agriculture, but also can be made from certain wild seeds/fruits",,"esp. for grating manioc, but can be used for other things as well",,"agriculture?","agriculture",,,"hunting, fishing",,"agriculture?","agriculture: specifically for squeezing poison out of manioc","agriculture","hunting, currently is falling out of use in Vaupés region, associated primarily with h-g groups (but this may be recent?)","agriculture? commonly used for sifting dry manioc flour",,"can refer to worms; more generic",,,,,,,,,,,,,,,,,,,,,,,,,,,,,,,,,,,,,,,,,,,,,,,,,,,,,,,,,,,,,,,,,,,,,,"only gathered in wild throughout Amazonia?",,,,
,,"Comments",,"currently limited to certain groups (favoring h-g orientation, e.g. Nadahup) within RN region","arco",,,"in Venezuela 'chicha' is completely different than chicha andina or chicha bruja (which are both alcoholic drinks according to word reference). Venezuelan Chicha is a drink made with whole, condensed, and evaporated milk, sugar, rice, vanilla, and cinnamon.",,"esp. for fanning a cooking fire",,,,"Interesting correlation to 'fish' in Tukanoan languages","usually manioc",,,,,,,,,,,,,,,"Relevant terms might be for food bundle itself, or verb related to process of cooking",,,,,,,,,,,,,,,,,,,,,,,,,,,,,,,,,,,,,,,,,,,,,,,,,,,,,,,,,,,,,,,,,,,,,,,,,,,
"Language family","Language","Source and person entering data",,,,,,,,,,,,,,,,,,,,,,,,,,,,,,,,,,,,,,,,,,,,,,,,,,,,,,,,,,,,,,,,,,,,,,,,,,,,,,,,,,,,,,,,,,,,,,,,,,,,,,,
"Bora-Witoto","Bora (T98)",,"tubóóco; wáñuú-","tóllií + clas, e.g. tólliíjyu – a blowgun","tubóówa; tubo (bow & arrows)","baajúriba (masato, MC: yuca + clas)","ado páúhjɨ újɨtu méénúmeíñe (lit. beverage + sphere + corn+clas? + made.from)",,,"bojtsójɨ",,,,,,"nɨhcóu",,"wáɨjɨ","úlleba",,,,"hójtsɨva",,,,,,,,,"pákyeé (type of fish trap in the shape of a funnel)",,,,,,,,,,,,,,,,,,,,,,,,,,,,,,,,,,,,,,,,,,,,,,,,,,,,,,,,,,,,,,,,,,,,,,,,,
"Bora-Witoto","Bora boa (asch)","Aschmann, R. P. 1993.  Proto Witotoan, SIL and University of Texas at Arlington Publications in Linguistics, 114. Dallas: SIL and University of Texas at Arlington.  (entered by Leslie Smith)","aamḯ-kʷa, kʷánʸïḯ-kʷa, tʰïpóó-kʰo","tʰóčií-xʸï, čixčʰḯ-xï","thïpóó-kʷa",,,"páaxḯripá, méémepa {of pijuayo}",,,,,,,,"toótʰo, tóótʰo-ï",,,,,,,"aamḯ-pa, kʰáβááxkʰo",,,,,,,,"worm: ïḯpa, áxpʰakʰʸo, ámitʰʸópa, ïxtsʰïʔo, tʰïʔnḯï",,,,,,,,,,,,,,,,,,,,,,,,,,,,,,,,,,,,,,,,,,,,,,,,,,,,,,,,,,,,,,,,,,,,,,,,,,
"Bora-Witoto","Bora boa (asch)","Aschmann, R. P. 1993.  Proto Witotoan, SIL and University of Texas at Arlington Publications in Linguistics, 114. Dallas: SIL and University of Texas at Arlington.  (entered by Leslie Smith)","aamɯ́-kʷa, kʷánʲɯɯ́-kʷa, tʰɯpóó-kʰo","tʰótʃií-xʲɯ, tʃixtʃʰɯ́-xɯ","thɯpóó-kʷa",,,"páaxɯ́ripá, méémepa {of pijuayo}",,,,,,,,"toótʰo, tóótʰo-ɯ",,,,,,,"aamɯ́-pa, kʰáβááxkʰo",,,,,,,,"worm: ɯɯ́pa, áxpʰakʰʲo, ámitʰʲópa, ɯxtsʰɯʔo, tʰɯʔnɯ́ɯ",,,,,,,,,,,,,,,,,,,,,,,,,,,,,,,,,,,,,,,,,,,,,,,,,,,,,,,,,,,,,,,,,,,,,,,,,,
"Bora-Witoto","Muinane bmr (asch)","Aschmann, R. P. 1993.  Proto Witotoan, SIL and University of Texas at Arlington Publications in Linguistics, 114. Dallas: SIL and University of Texas at Arlington.  (entered by Leslie Smith)","tɨɨbú-ga {arrow-long}, ɸégaɨ, gañɨ́ɨ́-ga {harpoon}","gisɨ́-xɨ {blow-tube}","tɨɨbú-ga",,,"móomoba {of chontaduro}",,,,,,,,"dúutuʔu",,,,,,,"áámɨ-ga {spear-long}",,,,,,,,"worm: xɨ́ʔɨba, čúʔúi",,,,,,,,,,,,,,,,,,,,,,,,,,,,,,,,,,,,,,,,,,,,,,,,,,,,,,,,,,,,,,,,,,,,,,,,,,
"Bora-Witoto","Muinane bmr (asch)","Aschmann, R. P. 1993.  Proto Witotoan, SIL and University of Texas at Arlington Publications in Linguistics, 114. Dallas: SIL and University of Texas at Arlington.  (entered by Leslie Smith)","tɨɨbú-ga {arrow-long}, ɸégaɨ, gañɨ́ɨ́-ga {harpoon}","gisɨ́-xɨ {blow-tube}","tɨɨbú-ga",,,"móomoba {of chontaduro}",,,,,,,,"dúutuʔu",,,,,,,"áámɨ-ga {spear-long}",,,,,,,,"worm: xɨ́ʔɨba, tʃúʔúi",,,,,,,,,,,,,,,,,,,,,,,,,,,,,,,,,,,,,,,,,,,,,,,,,,,,,,,,,,,,,,,,,,,,,,,,,,
"Bora-Witoto","Ocaina oca (asch)","Aschmann, R. P. 1993.  Proto Witotoan, SIL and University of Texas at Arlington Publications in Linguistics, 114. Dallas: SIL and University of Texas at Arlington.; Leach, Ilo M. 1969. Vocabulario ocaina. ILV-SLP 4. http://www.sil.org/americas/peru/html/pubs/show_work.asp?id=559 (entered by Leslie Smith)","oïdʸátsaʔso, oïdʸáátʸa","ɸahííʔxatʸa {blow-?}","tsipóxatʸa {borr. From Bora?}",,,"hamííhorï {of pihuayo}",,,,,,,,,,,,,,,"oïdʸáátʸa",,,,,,,,"agïïma, ï̃ï̃ko, hïdzaako",,,,,,,,,,,,,,,,,,,,,,,,,,,,,,,,,,,,,,,,,,,,,,,,,,,,,,,,,,,,,,,,,,,,,,,,,,
"Bora-Witoto","Ocaina oca (asch)","Aschmann, R. P. 1993.  Proto Witotoan, SIL and University of Texas at Arlington Publications in Linguistics, 114. Dallas: SIL and University of Texas at Arlington.; Leach, Ilo M. 1969. Vocabulario ocaina. ILV-SLP 4. http://www.sil.org/americas/peru/html/pubs/show_work.asp?id=559 (entered by Leslie Smith)","oɯdʸátsaʔso, oɯdʸáátʸa","ɸahííʔxatʲa {blow-?}","tsipóxatʲa {borr. From Bora?}",,,"hamííhorɯ {of pihuayo}",,,,,,,,,,,,,,,"oɯdʲáátʲa",,,,,,,,"agɯɯma, ɯ̃ɯ̃ko, hɯdzaako",,,,,,,,,,,,,,,,,,,,,,,,,,,,,,,,,,,,,,,,,,,,,,,,,,,,,,,,,,,,,,,,,,,,,,,,,,
"Bora-Witoto","Ocaina (oca) orthographic (Leach)","Leach, Ilo M. 1969. Vocabulario ocaina. ILV-SLP 4. http://www.sil.org/americas/peru/html/pubs/show_work.asp?id=559 (entered by Leslie Smith)",,,,"bajojóóru, ahtihyóju","xoɸííyahï",,"cóvoohxo","venhvedyáávojo","feehxo","aadsi","juunno, juuhta",,"juuxá, nucóó",,"togávuca {made of bark}, togaaxó {made of metal}","dsióódsivo, xoyíídsivo",,"bióóhxa",,,,"booyááxo {yuca}","jonhtáájin, oxóóm̈a","xohááhfu",,"uhtooga","janhtidsáán̈u, anm̈íxan̈u",,,"johxóótsoro",,,,,,,,,,,,,,,,,,,,,,,,,,,,,,,,,,,,,,,,,,,,,,,,,,,,,,,,,,,,,,,,,,,,,,,,,
"Bora-Witoto","Ocain (oca) phonemic (Leach","Leach, Ilo M. 1969. Vocabulario ocaina. ILV-SLP 4. http://www.sil.org/americas/peru/html/pubs/show_work.asp?id=559 (entered by Leslie Smith)",,,,"bahohóóru, ahtihjóhu","xoɸííyahɯ",,"kóvoohxo","venhvedʲáávoho","feehxo","aadsi","huunno, huuhta",,"huuxá, nucóó",,"togávuka {made of bark}, togaaxó {made of metal}","dsióódsivo, xojíídsivo",,"bióóhxa",,,,"boojááxo {yuca}","honhtááhin, oxóóm̵a","xohááhfu",,"uhtooga","hanhtidsáán̵u, anm̵íxan̵u",,,"hohxóótsoro",,,,,,,,,,,,,,,,,,,,,,,,,,,,,,,,,,,,,,,,,,,,,,,,,,,,,,,,,,,,,,,,,,,,,,,,,
"Bora-Witoto","Nɨpode Huitoto hux (asch)","Aschmann, R. P. 1993.  Proto Witotoan, SIL and University of Texas at Arlington Publications in Linguistics, 114. Dallas: SIL and University of Texas at Arlington.  (entered by Leslie Smith)","tïkúi-ra-da, kanída","obí-ǰakaï","tïkúi-ña",,,"haïgá-bï",,,,,,,,,,,,,,,"dukḯ-ra-ǰoi-kï",,,,,,,,"igḯroï, áïkï",,,,,,,,,,,,,,,,,,,,,,,,,,,,,,,,,,,,,,,,,,,,,,,,,,,,,,,,,,,,,,,,,,,,,,,,,,
"Bora-Witoto","Nɨpode Huitoto hux (asch)","Aschmann, R. P. 1993.  Proto Witotoan, SIL and University of Texas at Arlington Publications in Linguistics, 114. Dallas: SIL and University of Texas at Arlington.  (entered by Leslie Smith)","tɯkúi-ra-da, kanída","obí-dʒakaɯ","tɯkúi-ña",,,"haɯgá-bɯ",,,,,,,,,,,,,,,"dukɯ́-ra-dʒoi-kɯ",,,,,,,,"igɯ́roɯ, áɯkɯ",,,,,,,,,,,,,,,,,,,,,,,,,,,,,,,,,,,,,,,,,,,,,,,,,,,,,,,,,,,,,,,,,,,,,,,,,,
"Bora-Witoto","Mɨnɨca Huitoto hto (asch)","Aschmann, R. P. 1993.  Proto Witotoan, SIL and University of Texas at Arlington Publications in Linguistics, 114. Dallas: SIL and University of Texas at Arlington.  (entered by Leslie Smith)","dukḯ-ra-θï","obí-ǰakaï","θïkui-raï",,,"haïgá-bï",,,,,,,,,,,,,,,"dukḯ-ra-θï, dukḯ-ra-da",,,,,,,,"(a)igḯroï, áïkï",,,,,,,,,,,,,,,,,,,,,,,,,,,,,,,,,,,,,,,,,,,,,,,,,,,,,,,,,,,,,,,,,,,,,,,,,,
"Bora-Witoto","Mɨnɨca Huitoto hto (asch)","Aschmann, R. P. 1993.  Proto Witotoan, SIL and University of Texas at Arlington Publications in Linguistics, 114. Dallas: SIL and University of Texas at Arlington.  (entered by Leslie Smith)","dukɯ́-ra-θɯ","obí-dʒakaɯ","θɯkui-raɯ",,,"haɯgá-bɯ",,,,,,,,,,,,,,,"dukɯ́-ra-θɯ, dukɯ́-ra-da",,,,,,,,"(a)igɯ́roɯ, áɯkɯ",,,,,,,,,,,,,,,,,,,,,,,,,,,,,,,,,,,,,,,,,,,,,,,,,,,,,,,,,,,,,,,,,,,,,,,,,,
"Bora-Witoto","Murui Huitoto huu (asch)","Aschmann, R. P. 1993.  Proto Witotoan, SIL and University of Texas at Arlington Publications in Linguistics, 114. Dallas: SIL and University of Texas at Arlington.  (entered by Leslie Smith)","dukï-ra-θï","obi-ǰakaï","θïkui-ra",,,"haïga-bï",,,,,,,,,,,,,,,"dukï-ra-θï",,,,,,,,"aïgïro, aïkï",,,,,,,,,,,,,,,,,,,,,,,,,,,,,,,,,,,,,,,,,,,,,,,,,,,,,,,,,,,,,,,,,,,,,,,,,,
"Bora-Witoto","Murui Huitoto huu (asch)","Aschmann, R. P. 1993.  Proto Witotoan, SIL and University of Texas at Arlington Publications in Linguistics, 114. Dallas: SIL and University of Texas at Arlington.  (entered by Leslie Smith)","dukɯ-ra-θɯ","obi-dʒakaɯ","θɯkui-ra",,,"haɯga-bɯ",,,,,,,,,,,,,,,"dukɯ-ra-θɯ",,,,,,,,"aɯgɯro, aɯkɯ",,,,,,,,,,,,,,,,,,,,,,,,,,,,,,,,,,,,,,,,,,,,,,,,,,,,,,,,,,,,,,,,,,,,,,,,,,
"Unclassified","Puinave","Mario Girón Higuita. 2008. Una gramática del wã⁄nsöjöt (Puinave).LOT, Utrecht.
","mop","jun",,,"pai",,,,,,,,"ʔãn","sa",,,,"masuká",,,"iukon",,"anpɤnkak (an-=casabe; pɤn-=resultative; -kak=to cook",,,,,,,"uop
",,,,,,,,,,,,,,,,,,,,,,,,,,,,,,,,,,,,,,,,,,,,,,,,,,,,,,,,,,,,,,,,,,,,,,,,,
"Unclassified","Puinave","Daniel
","mop
","iun
",,,"pai",,,,,,,,"ʔãn","sa",,,,"masuká",,,"iukon",,"anpɤnkak",,,,,,,"""uop
",,,,,,,,,,,,,,,,,,,,,,,,,,,,,,,,,,,,,,,,,,,,,,,,,,,,,,,,,,,,,,,,,,,,,,,,,
"Unclassified","Puinave pui (IDS)",,"bop","generic gun: tãt","hə́k",,,"fermented drink: pai",,"pam",,,"-bo-dɨk",,,,,,,,"tou","tou-yu","yukon",,,,,,"-sin","-kak","-hɨn","wabak; mĩm",,,,,,,,,,,,,,,,,,,,,,,,,,,,,,,,,,,,,,,,,,,,,,,,,,,,,,,,,,,,,,,,,,,,,,,,,
"Unclassified","Puinave pui (IDS)",,"bop","generic gun: tãt","hə́k",,,"fermented drink: pai",,"pam",,,"-bo-dɨk",,,,,,,,"tou","tou-ju","jukon",,,,,,"-sin","-kak","-hɨn","wabak; mĩm",,,,,,,,,,,,,,,,,,,,,,,,,,,,,,,,,,,,,,,,,,,,,,,,,,,,,,,,,,,,,,,,,,,,,,,,,
"Tucanoan","Cubeo (cub) (NM) phonemic",,"bɛɣɔ, bɛɣɔbɔka, bɛɣɔðɔ, tɛ̃́mujɔ","pṹɔɲʉ","tɛ̃́mutalabʉ",,,"bɔkɛinɔ, ũkuijɛ baɣu, ũkuinɔ (generic terms), katʃivakɔlɔ dɔlɔkɔlɔ, iɣivalapu, mɛnɛvalapu, mʉɔkɔlɔ, ɲamukɔlɔ, pãmikɔaivaijɛ, ṹlɛkɔlɔ, vaiválikɔlɔ, vɛakɔlɔ, japikɔlɔ, jalakikɔlɔ","pṹɔðɔ","ɲukaba","mɔakʉ (general 'to fish')",,"ãima bɔajʉ́: ãimakʉ",,"ãulɔ",,"pɛdikũ",,,,"tɔtaibʉ",,"palibɔ, tãumu.",,"kʉika, ɣũalika (mandioca amarilla), bɔlika (mandioca blanca), matɔ (masa de mandiocan)",,"ɲamakaðava","ɣĩma","pɛdiba",,,"bialɔ́idɔ, kaibá, kɔbɔbʉ, dɔlidɔ, ɣivaiba, ɣɔkɛdɔ, ɲʉɔibɔ, juliábʉ, jujaidɔ (all various traps), ɛ̃midɔ(trampa para peces muy pequeños)","bulɛjʉ, daðɛjʉ, daɣʉvajʉ, ɣɛɣɔjʉ",,"ɣɔbɔ(lɛ) ĩñʉ",,"
",,,,,,,,,,,,,,,,,,,,,,,,,,,,,,,,,,,,,,,,,,,,,,,,,,,,,,,,,,,,,,,,,,,,
"Tucanoan","Cubeo (cub) (NM) orthographic",,"bejo, bejoboca, bejoðo, tẽ́muyo","pṹoñʉ","tẽ́mutarabʉ",,,"boqueino, ũcuiye baju, ũcuino (generic terms), cachivacoro dorocoro, ijivarapu, menevarapu, mʉocoro, ñamucoro, pãmicoaivaiye, ṹrecoro, vaiváricoro, veacoro, yapicoro, yaraquicoro","pṹoðo","ñucaba","moacʉ (general 'to fish')",,"ãima boayʉ́: ãimacʉ",,"ãuro",,"pedicũ",,,,"totaibʉ",,"paribo, tãumu.",,"cʉica, jũarica (mandioca amarilla), borica (mandioca blanca), mato (masa de mandiocan)",,"ñamacaðava","jĩma","pediba",,,"biaróido, caibá, cobobʉ, dorido, jivaiba, joquedo, ñʉoibo, yuriábʉ, yuyaido (all various traps), ẽmido (trampa para peces muy pequeños)","bureyʉ, daðeyʉ, dajʉvayʉ, jejoyʉ",,"jobo(re) ĩñʉ",,"
",,,,,,,,,,,,,,,,,,,,,,,,,,,,,,,,,,,,,,,,,,,,,,,,,,,,,,,,,,,,,,,,,,,,
"Tucanoan","Carapana","Metzger, Ronald G., compiler. 2000. Marĩ yaye mena Carapana, yaia yaye mena Español macãrĩcã tuti = Carapana-Español, diccionario de 1000 palabras. Bogotá: Editorial Alberta Lleras Camargo. v, 157 p.","yeruʉ","bupua","wẽrĩcã beto, yeru beto","eteje",,,,"wẽnirõ","wai werique (fishing rod)","wai puarique",,"waibʉcʉ (edible animal)","naorõ, naurõ (tortoa de mandioca)","waaro","jõcõrõrĩ",,"ataro","poca",,,"besuʉ","weta","oco baarique",,"ñama",,"jʉgarica (deep), jʉgoa (shallow)",,,"casaa",,,,,,,,,,,,,,,,,,,,,,,,,,,,,,,,,,,,,,,,,,,,,,,,,,,,,,,,,,,,,,,,,,,,,,,,,
"Tucanoan","Carapana","Amanda Novak","jɛɾuʉ","bupua","wẽrĩkã betɔ, jɛɾu bɛtɔ","ɛtɛjɛ",,,,"wɛ̃niɾɔ̃","wai wɛrikɛ","wai puaɾikɛ",,"waibɨkɨ ","nãoɾɔ̃, nãuɾɔ̃ ","waaɾɔ","xɔ̃k̃ɔɾ̃ɔɾĩ",,"ataɾɔ","pɔka",,,"bɛsuɨ","wɛta","ɔkɔ baarikɛ",,"ɲãmã",,"xɨgaɾika, xɨgɔa",,,"kasaa",,,,,,,,,,,,,,,,,,,,,,,,,,,,,,,,,,,,,,,,,,,,,,,,,,,,,,,,,,,,,,,,,,,,,,,,,
"Tucanoan","Guanano gvc  (stenz revised)",,"bʉe","puka","bʉe~dete","phaIu",,,"waka",,"generic fish v:jo'ga ","generic fish v: jo'ga","bʉe (hunt with arrows)",,,,,,,"po'ka",,,,,,,,,"wipe","do'a",,,,,,,,,,,,,,,,,,,,,,,,,,,,,,,,,,,,,,,,,,,,,,,,,,,,,,,,,,,,,,,,,,,,,,,,,,,
"Tucanoan","Guanano gvc (stenz revised) ",,"bʉe","puka","bʉe~dete","pʰaIu",,,"waka",,"generic fish v:joʔga ","generic fish v: joʔga","bʉe (hunt with arrows)",,,,,,,"poʔka",,,,,,,,,"wipe","doʔa",,,,,,,,,,,,,,,,,,,,,,,,,,,,,,,,,,,,,,,,,,,,,,,,,,,,,,,,,,,,,,,,,,,,,,,,,,,
"Tucanoan","Macuna","Smothermon, Jeffrey R. and Josephine H. Smothermon, compilers. 1993. Masa ye, gawa ye rãca ãmara tuti (Macuna - español diccionario de 850 palabras). Bogotá: Editorial Alberto Lleras Camargo. 206 p.",,"bujaga","jatura jãi, jaturijĩ",,,,"jeaje, waca","wẽniro","wai jore",,,"waibʉcʉ (edible animal)","bedero, naju, ʉ̃jʉri",,"sõgõro",,"gataro","naju gatere",,,"rocaragʉ, sareragʉ","bede","cãmu",,"ñama","rĩma","bijeraga (for manioc), sʉaraga",,,"tuga","mimi",,"yai (general term)","pisana (gen. cat)",,"wajega","ujuga","pawa, sai",,,"ñasa",,"sẽme","guia","maja",,"bi","oa","tĩmi",,"bʉjogabo, bʉricatu","weco","gãjagã",,,"wada sẽme","yase",,"yaje (heron)","nunuro, rũnuro, ʉsica","quereca","yua (general lizard)","ãña","ãña sirgʉ (crótalo), gajoabo (taya equis)",,"ñisocã, ũisocã (red squirrel)","wecʉ","adamabocomicʉ","guga, gusiria","rase","yuca","utia",,"cõne",,,,,"barewamʉ, rãjua, wãsiamʉ","jogoro","muni","jarawa, jarewa","gãjigã","buja","bode","wadoa",,,"cotiwaj̃a",,"bʉjʉ",,"gãjisĩa, gãjisʉa","tarobʉcʉa (grande)",,,,,,,,,
"Tucanoan","Macuna","Amanda Novak",,"buxaga","xatuɾa xãi, xatulixĩ",,,,"xɛaxɛ, waka","wɛ̃nilo","wai xolɛ",,,"waibɨkɨ (edible animal)","bɛdɛlo, naxu, ɨ̃xɨli",,"sõgõno",,"gatalo","naxu gatɛɾɛ",,,"lokaɾagɨ, saɾɛɾagɨ","bɛdɛ","kãmu",,"ñama","lĩma","bixɛɾaga (foɾ manioc), sɨaɾaga",,,"tuga","mimi",,"yai (general term)","pisana (gen. cat)",,"waxɛga","uxuga","pawa, sai",,,"ɲasa",,"sɛ̃mɛ","guia","maxa",,"bi","oa","tĩmi",,"bɨxogabo, bɨlikatu","wɛko","gãxagã",,,"wada sɛ̃mɛ","yasɛ",,"yaxɛ (hɛron)","nunulo, lũnulo, ɨsika","kɛɾɛka","yua (general lizard)","ãɲa","ãɲa siɾgɨ (cɾótalo), gaxoabo (taya equis)",,"ɲisokã, ũisokã (red squirrel)","wɛkɨ","adamabokomikɨ","guga, gusilia","lasɛ","yuka","utia",,"kõnɛ",,,,,"baɾɛwamɨ, lãxua, wãsiamɨ","xogoɾo","muni","xaɾawa, xaɾɛwa","gãxigã","buxa","bodɛ","wadoa",,,"kotiwax̃a",,"bɨxɨ",,"gãxisĩa, gãxisɨa","talobɨkɨa (gɾande)",,,,,,,,,
"Tucanoan","Piratapuyo","Huber, R.; Reed, R. 1992. Comparative vocaulary: selected words in indigenous languages of Colombia. Instituto Linguistico de Verano.","bɨ'e-dɨ","u'puga","bɨ'e-ri thẽ","pe'ru pai'ru",,,,,,,,,,,,,,"poʔ'ka",,,"jõsẽdi pʰi",,,,,,,,,,,,,,,,,,,,,,,,,,,,,,,,,,,,,,,,,,,,,,,,,,,,,,,,,,,,,,,,,,,,,,,,,,,,,,,,,,
"Tucanoan ","Siriano","Brandrup, Beverly Ann 1980. Fonología del siriano. En: Vocabulario siriano-español. Lomalinda: ILV/MG.","gãɾɨ̃́gɨ̃́",,"sĩĩɾítuɾo","pejáɾú",,,,,"wehé-ɾi",,,,,,"sũũgũɾú",,,"poogá",,,,"weɾá",,,"ɲamá (= deer)",,,,,"tɨɾí",,,,,,,,,,,,,,,,,,,,,,,,,,,,,,,,,,,,,,,,,,,,,,,,,,,,,,,,,,,,,,,,,,,,,,,,,
"Tucanoan ","Siriano","AP","gãrʉ̃́gʉ̃́",,"sĩĩríturo","peyárú",,,,,"wejé-ri",,,,,,"sũũgũrú",,,"poogá",,,,"werá",,,"ñamá (= deer)",,,,,"tʉrí",,,,,,,,,,,,,,,,,,,,,,,,,,,,,,,,,,,,,,,,,,,,,,,,,,,,,,,,,,,,,,,,,,,,,,,,,
"Tucanoan ","Tanimuca tnc","Gaviria, Sofia Victoria – Luis José Azcárate 1979. Fonología y lexicología de la lengua tanimuka. Bogotá: Universidad de los Andes, Facultad de Artes y Ciencias, Departamento de Antropología","be'hoa, 'pua ka'ka","pu'pu o'ka","tẽ'bũ pã'ĩã",,,"kãrã o'koa 'chicha de caña'",,,,,"hã'ã ri'ka",,,,,,,"ã'ũ bu'rua",,,,"we'ta",,,"dyã'bã 'ka",,"biʔkeri pe'pea",,,,,,,,,,,,,,,,,,,,,,,,,,,,,,,,,,,,,,,,,,,,,,,,,,,,,,,,,,,,,,,,,,,,,,,,,,,,
"Tucanoan ","Tanimuca tnc","AP","be'hoa, 'pua ka'ka","pu'pu o'ka","tẽ'bũ pã'ĩã",,,"kãrã o'koa 'chicha de caña'",,,,,"hã'ã ri'ka",,,,,,,"ã'ũ bu'rua",,,,"we'ta",,,"dyã'bã 'ka",,"biʔkeri pe'pea",,,,,,,,,,,,,,,,,,,,,,,,,,,,,,,,,,,,,,,,,,,,,,,,,,,,,,,,,,,,,,,,,,,,,,,,,,,,
"Tucanoan","Tucano hr97","West, Birdie 1980. Gramática popular del tucano. Bogotá: MG.; Ramirez, Henri. 1996b. A fala tukano dos Ye'pâ-masa. Tomo 2: Dicionário. CEPLA Working Papers in Amerindian Linguistics. Guajará-Mirim: UNIR.","bɨe-khɨ́, ãrɨ̃́ (h&r)","bupu-wɨ́ (h&r)","biɨê'ka tẽhe","peêru",,,"jõsekɨhɨˊ",,"wehé","po'o","desû, nɨrɨˊ",,"ãhû","wahá",,"kasâwa",,"po'ká","dikekɨhɨˊ","pamôga dikekɨhɨˊ",,,,"wãtî-kẽ'ewa",,"nimá",,,"ãhú",,"tãrá",,"otê",,,,,,,,,,,,,,,,,,,,,,,,,,,,,,,,,,,,,,,,,,,,,,,,,,,,,,,,,,,,,,,,,,"
",,,,
"Tucanoan","Tucano","AP","bɨe-khɨ́, ãrɨ̃́ (h&r)","bupu-wɨ́ (h&r)","biɨê'ka tẽhe","peêru",,,"yõsekɨhɨˊ",,"wehé","po'o","desû, nɨrɨˊ",,"ãhû","wahá",,"kasâwa",,"po'ká","dikekɨhɨˊ","pamôga dikekɨhɨˊ",,,,"wãtî-kẽ'ewa",,"nimá",,,"ãhú",,"tãrá",,"otê",,,,,,,,,,,,,,,,,,,,,,,,,,,,,,,,,,,,,,,,,,,,,,,,,,,,,,,,,,,,,,,,,,"
",,,,
"Tucanoan ","Tuyuka tue IDS orthographic",,"kã'dɨ̃-gɨ̃",,"bɨ'e-ri-pĩ","generic fermented drink: peyu'ru","generic fermented drink: peyu'ru","generic fermented drink: peyu'ru",,"yũkã-pe'ro",,,"'waikɨ-ra sĩã",,,,,,,"generic meal: po'ka","doka-'ri-ga","doka-'ri-gɨ","sa'kaya",,,,,,"yɨɨ'se","do'a","wa'i wee-'re","a'ruka",,,,,,,,,,,,,,,,,,,,,,,,,,,,,,,,,,,,,,,,,,,,,,,,,,,,,,,,,,,,,,,,,,,,,,,,,
"Tucanoan","Tuyuka tue IDS phonemic",,"kãʔdɨ̃-gɨ̃",,"bɨʔe-ri-pĩ","generic fermented drink: pejuʔru","generic fermented drink: pejuʔru","generic fermented drink: pejuʔru",,"jũkã-peʔro",,,"ʔwaikɨ-ra sĩã",,,,,,,"generic meal: poʔka","doka-ʔri-ga","doka-ʔri-gɨ","saʔkaja",,,,,,"jɨɨʔse","doʔa","waʔi wee-ʔre","aʔruka",,,,,,,,,,,,,,,,,,,,,,,,,,,,,,,,,,,,,,,,,,,,,,,,,,,,,,,,,,,,,,,,,,,,,,,,,
"Tucanoan","Tuyuca","Tamayo L., César 1988. Mi primer diccionario: español-tuyuca, tuyuca-español (primera edición), ed. por J. Barnes. Bogotá: ILV.",,"bu'pú-wɨ",,"peju'ru",,,,,,,,,,,,,,"po'ká",,,"sade-'rí-pĩ","weta",,,,,,,,"kasa",,,,,,,,,,,,,,,,,,,,,,,,,,,,,,,,,,,,,,,,,,,,,,,,,,,,,,,,,,,,,,,,,,,,,,,,,
"Tucanoan","Tuyuca","AP",,"bu'pú-wɨ",,"peju'ru",,,,,,,,,,,,,,"po'ká",,,"sade-'rí-pĩ","weta",,,,,,,,"casa",,,,,,,,,,,,,,,,,,,,,,,,,,,,,,,,,,,,,,,,,,,,,,,,,,,,,,,,,,,,,,,,,,,,,,,,,
"Tucanoan","Yuruti","Huber, R.; Reed, R. 1992. Comparative vocaulary: selected words in indigenous languages of Colombia. Instituto Linguistico de Verano.","kãdɨ̃-gɨ","búpua","te'pútu","sĩ'dĩ́rige",,,,,,,,,,,,,,"póka",,,"ã'sĩ́põã-besu-pĩ",,,,,,,,,,,,,,,,,,,,,,,,,,,,,,,,,,,,,,,,,,,,,,,,,,,,,,,,,,,,,,,,,,,,,,,,,,,,,,,,,,
"Tucanoan","Orejon","""Velie, Daniel and Velie Virginia. (2008) (second edition). Vocabulario orejon. Serie Lingüística Peruana No. 16. Yarinacocha, ILV.
","uiñaca ja","ju ja","toe aqu ja","jaso ono ja (jaso=yuca; ono=bebida)","ono ja",,,,"noguiyi (1st person , singular)","eoeyi (1st person, singular)","baí, jasoyi (1st person singular)",,,"jɨsotete ja",,"bai yadio ja (bai=paca; yadio=emponado)",,"ao ise ja",,"tou bati ja (tou=kind of fish; bati=spirit)",,,"judu ja","ao eobɨ ja (ao=foot; eobɨ=??)",,"bia ja, eo ja","jijebɨ ja","bai dease su ja",,,"bai tañu tudi ja (bai=paca; tudi=closed space)",,,,,,,,,,,,,,,,,,,,,,,,,,,,,,,,,,,,,,,,,,,,,,,,,,,,,,,,,,,,,,,,,,,,,,,,
"Tucanoan","Orejon","Daniel","uiɲaka xã","xu xã","tõẽ aku xã","xaso ono xa","ono xã",,,,"nogiji","eoeji","bai, xasoji",,,"xɨsotete xã",,"bai jadio xã",,"ãõ ı̃se xã",,"tou bati xã",,,"xuru xã","ãõ eobɨ̃ xã",,"bia xã, eo xã","xixebɨ xã","bai dease sũ xã",,"bai taɲu tudi xã
","
",,,,,,,,,,,,,,,,,,,,,,,,,,,,,,,,,,,,,,,,,,,,,,,,,,,,,,,,,,,,,,,,,,,,,,,,
"Tucanoan","Koreguaje","""Cook, Dorothy and Gralow, Frances. 2001. Diccionario bilingüe: Koreguaje - Español, Español - Koreguaje. Bogotá: Editorial Alberto Lleras Camargo. 
","saocho","jʉoñʉ","saocucupʉ","ã'so cono (cono=chicha; ã'so=manioc)","vea cono (cono=maiz; ve=corn)","cono","jʉocho","pãuva'ti","no'imʉ","eemʉ","va'i jñaa saimʉ",,"ãu",,"tara va'ti",,"so'kova","jarina (loan from Spanish or Portuguese)",,,"cʉnarʉ","jo'jo",,,,"chima, eo","jʉ'eri'cupʉ",,,"je'vavʉ
",,,,,,,,,,,,,,,,,,,,,,,,,,,,,,,,,,,,,,,,,,,,,,,,,,,,,,,,,,,,,,,,,,,,,,,,,
"Tucanoan","Koreguaje","Daniel","saodʒo","xƱoɲƱ","saokukupƱ","ãʔso kono","bea kono","kono","xƱodʒo","pãubaʔti","noʔimƱ","eemƱ","baʔi ɲ̥aa saimƱ",,"ãu",,"thara baʔti",,"soʔkhoba","xarina",,,"kƱnarƱ","xoʔxo",,,,"dʒima, eo","xƱʔeriʔkupʉƱ",,,"xeʔbabƱ
",,,,,,,,,,,,,,,,,,,,,,,,,,,,,,,,,,,,,,,,,,,,,,,,,,,,,,,,,,,,,,,,,,,,,,,,,
"Tucanoan","Siona","Huber, Randall and Reed, Robert. 1992. Vocabulario comparativo. Palabras selectas de lenguas de Colombia. ILV, Santafé de Bogotá.
",,,,,,,,,,,,,,,,,,,,,,,,,,,,,,,"""
",,,,,,,,,,,,,,,,,,,,,,,,,,,,,,,,,,,,,,,,,,,,,,,,,,,,,,,,,,,,,,,,,,,,,,,,
"Tucanoan","Siona","Daniel","tʃa´o-jo",,"´tʃao pẽ-bɨ","hoʔ´tʃa gõ´ñõ","hoʔ´tʃa gõ´ñõ",,,,,,,,,,,,,,,,"´wi pe´de",,,,,,,,,,,,,,,,,,,,,,,,,,,,,,,,,,,,,,,,,,,,,,,,,,,,,,,,,,,,,,,,,,,,,,,,,,,,,,,,,,
"Tucanoan","Desano","Addison Martinez","buiriwaca","bujuru","buiribero",,,"péru","bujuwaca",,,,"waimʉrã",,"ãrũñe",,"sũgũru",,"gararu","poga",,,"ñosẽrimiji","wera","quĩ",,"ñama","nima","sirúri",,,"tʉri",,,,,,,,,,,,,,,,,,,,,,,,,,,,,,,,,,,,,,,,,,,,,,,,,,,,,,,,,,,,,,,,,,,,,,,,,
"Tucanoan","Desano","Addison Martinez","buiriwaca","buhuru","buiribero",,,"péru","buhuwaca",,,,"waimɯrã",,"ãrũñe",,"sũgũru",,"gararu","poga",,,"ñosẽrimihi","wera","kĩ",,"ñama","nima","sirúri",,,"tɯri",,,,,,,,,,,,,,,,,,,,,,,,,,,,,,,,,,,,,,,,,,,,,,,,,,,,,,,,,,,,,,,,,,,,,,,,,
"Tucanoan","Barasano","Addison Martinez",,"buhua",,,,,,,,,,,,,,,,,,,,,,,,,,,,,,,,,,,,,,,,,,,,,,,,,,,,,,,,,,,,,,,,,,,,,,,,,,,,,,,,,,,,,,,,,,,,,,,,,,,,,
"Isolate","Cofan","Borman, M. B. (comp). 1976. Vocabulario Cofan: Cofán - Castellano, Castellano -Cofán. Serie de Vocabularios Indígenas Mariano Silva y Aceves. No. 19.ILV, Quito.
","seje´cco","ufacco´cco","battittianccu","cunape´cha (chewed chicha)","tsetse´pa",,,"finfincco","mappi´choeñe",,"panzaye",,"casave",,,,,,,,"sata, dasan´cho (steel spear)","tumba´ccu",,,,"seje´pa","oficco",,,"""quendecco (not specified only for fish)
",,,,,,,,,,,,,,,,,,,,,,,,,,,,,,,,,,,,,,,,,,,,,,,,,,,,,,,,,,,,,,,,,,,,,,,,,
"Isolate","Cofan","Daniel
","
",,,,,,,,,,,,,,,,,,,,,,,,,,,,,,,,,,,,,,,,,,,,,,,,,,,,,,,,,,,,,,,,,,,,,,,,,,,,,,,,,,,,,,,,,,,,,,,,,,,,,,
"Isolate","Candoshi","Tuggy, John. 2008. Vocabulario candoshi de Loreto (2da. Ed). Serie Lingüística Peruana no. 2. ILV, Lima.","tipállĩzi","shóganáazi",,"kapóssĩ",,,"baapa","gootshi","kachĩimaama","bótamaama","náchogamaama",,,,,,,"kazinaz",,,"kchĩrpógo",,,,,"tspasa",,,,"""
",,,,,,,,,,,,,,,,,,,,,,,,,,,,,,,,,,,,,,,,,,,,,,,,,,,,,,,,,,,,,,,,,,,,,,,,,
"Isolate","Candoshi","Daniel","tipántʃĩʂi","ʃónkanáaʂi",,"kapóssĩ",,,"mpaapa","nkootʃi","katʃĩimaama","mpótamaama","nátʃonkamaama",,,,,,,"kaʂinaʂ",,,"ktʃĩɾpónko",,,,,"tspasa",,,,"""
",,,,,,,,,,,,,,,,,,,,,,,,,,,,,,,,,,,,,,,,,,,,,,,,,,,,,,,,,,,,,,,,,,,,,,,,,
"Isolate","Taushiro","Taushiro","Alicea Ortiz, Neftalí. 1975. Vocabulario taushiro. Datos etnolinguisticos no. 22. ILV, Lima.",,"ane´ta",,,,,,,,"cu´cua",,,,,,"a´queivan",,"ahian nu´je",,,"anivi",,,,,"o´chone","tiño, jena´que","ano´ha",,"""ava´to
",,,,,,,,,,,,,,,,,,,,,,,,,,,,,,,,,,,,,,,,,,,,,,,,,,,,,,,,,,,,,,,,,,,,,,,,
"Isolate","Taushiro","Daniel","
",,"anɨʔta
",,,,,,,,"kuʔkua",,,,,,"aʔkɨiwan",,"ahian nuʔxɨ",,,"aniwi",,,,,"oʔʃonɨ","tiño, xɨnaʔkɨ","anoʔha",,"""awaʔto
",,,,,,,,,,,,,,,,,,,,,,,,,,,,,,,,,,,,,,,,,,,,,,,,,,,,,,,,,,,,,,,,,,,,,,,,
"Yanomam","Ninam shb (IDS) ","IDS; Gómez, Gale Goodwin 1990. The Shiriana dialect of Yanam (Northern Brazil). Ph.D. diss., Columbia University; entered by Megan Gibler","šikawe",,"šaknahi",,,"
",,"šahema",,,"hete; peli; šoa",,,"hesi; mãlakaaš",,,,"naškohi (generic meal/flour)","tokoli paka","tiša wei",,,,,,,,,"ia wei",,,,,,,,,,,,,,,,,,,,,,,,,,,,,,,,,,,,,,,,,,,,,,,,,,,,,,,,,,,,,,,,,,,,,,,,,,
"Yanomam","Ninam shb (IDS) ","IDS; Gómez, Gale Goodwin 1990. The Shiriana dialect of Yanam (Northern Brazil). Ph.D. diss., Columbia University; entered by Megan Gibler","ʃ̌ikawe",,"ʃ̌aknahi",,,,,"ʃ̌ahema",,,"hete; peli; ʃoa",,,"hesi; mãlakaaʃ̌",,,,"naʃ̌kohi (generic meal/flour)","tokoli paka","tiʃa wei",,,,,,,,,"ia wei",,,,,,,,,,,,,,,,,,,,,,,,,,,,,,,,,,,,,,,,,,,,,,,,,,,,,,,,,,,,,,,,,,,,,,,,,,
"Yanomam","Ninam (shb) (IDS) ","IDS; Gómez, Gale Goodwin 1990. The Shiriana dialect of Yanam (Northern Brazil). Ph.D. diss., Columbia University; Migliazza, Ernest C. 1972. Yanomama grammar and intelligibility; entered by Kelsey Neely","šikawe, šakao (EM72)",,"šaknahi, šakaonahi (EM72)",,,,,"šahema, tšahɨha (EM72)","rəka",,"hete; peli; šoa, ram hɨ (EM72)","tšaro (EM72)","našihi (EM72)","hesi; mãlakaaš","hɨrɨka (EM72)",,,"naškohi (generic meal/flour)","tokoli paka","tiša wei","šohemas, šokop (EM72)",,,,,,,"rɨpɨ (EM72 ""to cook in pot""), nii (EM72 general ""food"")","ia wei",,,,,,,,,,,,,,,,,,,,,,,,,,,,,,,,,,,,,,,,,,,,,,,,,,,,,,,,,,,,,,,,,,,,,,,,,,
"Yanomam","Ninam (shb) (IDS) ","IDS; Gómez, Gale Goodwin 1990. The Shiriana dialect of Yanam (Northern Brazil). Ph.D. diss., Columbia University; Migliazza, Ernest C. 1972. Yanomama grammar and intelligibility; entered by Kelsey Neely","ʃ̌ikawe, ʃakao",,"ʃ̌aknahi, ʃakaonahi",,,,,"ʃ̌ahema, tʃahɨha","ɾəka",,"hete; peli; ʃoa, ɾam hɨ","tʃaɾo","naʃihi","hesi; mãlakaaʃ̌","hɨɾɨka",,,"naʃ̌kohi (generic meal/flour)","tokoli paka","tiʃa wei","ʃohemas, ʃokop",,,,,,,"ɾɨpɨ, ni:","ia wei",,,,,,,,,,,,,,,,,,,,,,,,,,,,,,,,,,,,,,,,,,,,,,,,,,,,,,,,,,,,,,,,,,,,,,,,,,
"Yanomam","Yanomam (guu)(EM72)","Migliazza, Ernest C. 1972. Yanomama grammar and intelligibility; Milliken, William, and Bruce Albert. 1999. Yanomami A Forest People. Royal Botanic Gardens, Kew. ; entered by Kelsey Neely","šaraka",,"šarak nafi",,,,,"yafufa, yauwa","rəkə (EM72)",,"rame fu (EM72)","yaro (EM72)","naši (EM72)",,"hɨrɨka (EM72)",,,,,,"faro, šokopi (EM72); rahaka (WM99)",,,"koyotomasi (WM99)",,,,"hari (EM72 ""to cook in pot""), nii (EM72 general ""food"")",,,,,,,,,,,,,,,,,,,,,,,,,,,,,,,,,,,,,,,,,,,,,,,,,,,,,,,,,,,,,,,,,,,,,,,,,,,
"Yanomam","Yanomam (guu) (EM72)","Migliazza, Ernest C. 1972. Yanomama grammar and intelligibility; Milliken, William, and Bruce Albert. 1999. Yanomami A Forest People. Royal Botanic Gardens, Kew. ; entered by Kelsey Neely","ʃaɾaka",,"ʃaɾak nafi",,,,,"jafufa, jauwa","ɾəkə",,"ɾame fu (EM72)","jaɾo","naʃi",,"hɨɾɨka",,,,,,"faɾo, ʃokopi; ɾahaka",,,"kojotomasi",,,,"haɾi, ni:",,,,,,,,,,,,,,,,,,,,,,,,,,,,,,,,,,,,,,,,,,,,,,,,,,,,,,,,,,,,,,,,,,,,,,,,,,,
"Yanomam","Yanomami (wca) (MM07)","Mattéi-Müller, Marie-Claude 2007a. Lengua y cultura Yanomamï. Diccionario ilustrado Yanomamï-Español, Español-Yanomamï. Caracas: Epsilon Libros.; Migliazza, Ernest C. 1972. Yanomama grammar and intelligibility; Ramirez, Henri. 1994. Le Parler Yanomamɨ des Xamatauteri. publisher unknown.; entered by Kelsey Neely","shereka","arõkõhiriwë","hatõ nahi, tisho hi, nahi (EM72)",,,"yarakuri (unspec. Ingredients; borrowed from ye'kwana)","rahaka","shuhema, yahuha (EM72)","yuri rëkaɨ, rəka (EM72)","yuri shëaɨ","ramɨ huu (individual, daily trip), henimou (collective, longer trip)","yaro (EM72)","nashi hikɨ","hoashi hesi","hɨrɨkamotima, hɨrɨka (EM72)",,,,"hii hi ka","poo (for grinding halucinogens)","šokopi (EM72)",,,"kotoma",,"wayu, mamokorima (HR94)","kamamoma","hariya (EM72 ""to cook in pot""), nii (EM72 general ""food"")","yuri yãhi","sharapi, nomohõri",,,,,,,,,,,,,,,,,,,,,,,,,,,,,,,,,,,,,,,,,,,,,,,,,,,,,,,,,,,,,,,,,,,,,,,,,
"Yanomam","Yanomami (wca) (MM07)","Mattéi-Müller, Marie-Claude 2007a. Lengua y cultura Yanomamï. Diccionario ilustrado Yanomamï-Español, Español-Yanomamï. Caracas: Epsilon Libros.; Migliazza, Ernest C. 1972. Yanomama grammar and intelligibility; Ramirez, Henri. 1994. Le Parler Yanomamɨ des Xamatauteri. publisher unknown.; entered by Kelsey Neely","ʃeɾeka","aɾõkõhiɾiwə","hatõ nahi, tiʃo hi (ceremonial)",,,"jaɾakuɾi","ɾahaka","ʃuhema, jahuha","juɾi ɾəkaɨ, ɾəka","juɾi ʃəaɨ","ɾamɨ hu:, henimou","jaɾo","naʃi hikɨ","hoaʃi hesi (""monkey - head"")","hɨɾɨkamotima",,,,"hi: hi ka (for grinding bones of the dead)","po:","ʃokopi",,,"kotoma",,"waju, mamokoɾima","kamamoma","haɾija, ni:","juɾi jãhi","ʃaɾapi, nomohõɾi",,,,,,,,,,,,,,,,,,,,,,,,,,,,,,,,,,,,,,,,,,,,,,,,,,,,,,,,,,,,,,,,,,,,,,,,,
"Yanomam","Sanumá (xsu) (KT74)","Taylor, Kenneth I. 1972. Sanuma (Yanoama) food prohibitions: the multiple classification of society and fauna. Ph.D. diss. Madison: University of Wisconsin.; Migliazza, Ernest C. 1972. Yanomama grammar and intelligibility; entered by Kelsey Neely ","silaga, arali nam (barbed arrow head made of arali tree), šilaka (EM72)",,"silaka nahi (EM72)",,,,,"tsauha (EM72)","tsokɨ (EM72)",,"nama hu (EM72)","tsalo (EM72)","ĩšaai (EM72)",,"hɨlɨka (EM72)",,,,,,"laga (large lance point), laga alugusiai (smaller lance point), samha, sokopi (EM72)",,,,,,,"tupa, hali (both EM72, ""to cook in pot""), niipɨ (EM72, general ""food"")",,,,,,,,,,,,,,,,,,,,,,,,,,,,,,,,,,,,,,,,,,,,,,,,,,,,,,,,,,,,,,,,,,,,,,,,,,,
"Yanomam","Sanumá (xsu) (KT74)","Taylor, Kenneth I. 1972. Sanuma (Yanoama) food prohibitions: the multiple classification of society and fauna. Ph.D. diss. Madison: University of Wisconsin.; Migliazza, Ernest C. 1972. Yanomama grammar and intelligibility; entered by Kelsey Neely ","silaga, aɹali nam, ʃilaka",,"silaka nahi (EM72)",,,,,"tsauha (EM72)","tsokɨ (EM72)",,"nama hu (EM72)","tsalo (EM72)","ĩʃa:i",,"hɨlɨka",,,,,,"laka (large lance point), laka alugusiai (smaller lance point), samha, sokopi (EM72)",,,,,,,"tupa, hali, ni:pɨ",,,,,,,,,,,,,,,,,,,,,,,,,,,,,,,,,,,,,,,,,,,,,,,,,,,,,,,,,,,,,,,,,,,,,,,,,,,
"Carib","Akawaio ake Orthographic","Edwards 1980 MAR","pöröu","kuuraik","uuraba","pawaru","eetariibang (intoxicating beverages)","eetariibang (intoxicating beverages)","kuungwa","oorii-oorii","moorokma",,"ondïmang (E1977)","zuukmiinnannödok (glossed as 'game')","eegii (dried), aguuzee (soft), eegiigaraudanɨsak (toasted)",,"suumarii","abok eesek (glossed as 'three logs on which pot is placed for cooking')",,"proowa (flour) (E1977)","ak",,"suubararii","chiibiiba",,,"anok eesek (glossed as 'three logs on which pot is placed for cooking')","uurarii",,,"mosogoroi (E1977)","mooroik",,,,,,,,,,,,,,,,,,,,,,,,,,,,,,,,,,,,,,,,,,,,,,,,,,,,,,,,,,,,,,,,,,,,,,,,,
"Carib","Akawaio ake Phonemic","Edwards 1980 MAR","pöröʊ","kuraɪk","uraba","pawarʊ","etaribaŋ","etaribaŋ","kuŋwa","ori-ori","morɔʔma",,"ɔndïmaŋ (E1977)","zuʔminnannödɔk","egi,  aguze, egigaraʊdanɨsak",,"sumari","abɔk esɛk",,"prowa (E1977)","ak",,"subarari","tʃibiba",,,"abɔk esɛk","urari",,,"mɔsɔgɔrɔɪ (E1977)","morɔɪk",,,,,,,,,,,,,,,,,,,,,,,,,,,,,,,,,,,,,,,,,,,,,,,,,,,,,,,,,,,,,,,,,,,,,,,,,
"Carib","Carijona cbd Orthographic","Durbin and Seijas, 1973, MAR",,,,"bokiri'",,,,,,,,,,,,,,,,,,,,,,,,,,"fishhook: kebe'I",,,,,,,,,,,,,,,,,,,,,,,,,,,,,,,,,,,,,,,,,,,,,,,,,,,,,,,,,,,,,,,,,,,,,,,,,
"Carib","pbh Eñepa
 IDS orthographic","Mattei-Muller 1994, MAR","kaʔka poin mən; ka'kapoñ (mën) (MM)","wata, wa'ta, wo'ta (MM)","kaʔka","kïchiipï, kïchi'ka (MM)","o' (MM)","kïchiipï (MM)","waemoʔ, Var. waemotʔ, waemoi (MM)","papeik; pape' Var. papei' (MM)","wïnëte (MM)","kana -tin, -tïmï- (MM)","ataraama-","watraamanë (MM)","-yun, yunto, pan (bread) (MM) ",,"utomijto' (MM)",,,"[pan] maanə-toʔ(generic meal)","ako","ako yan","ərainčihtyə","eñam (MM)",,,"a'kapa, Var. a'kapae (MM)","mankawae, Var. mankowao (MM)","-asuuka-","-əʔməh-ka-n","kana yok","kana yanto",,,,,,,,,,,,,,,,,,,,,,,,,,,,,,,,,,,,,,,,,,,,,,,,,,,,,,,,,,,,,,,,,,,,,,,,,
"Carib","pbh Eñepa IDS phonemic","Mattei-Muller 1994, MAR","kaʔka poin mən; kaʔkapoɲ (mën) (MM)","wata, waʔta, woʔta (MM)","kaʔka","kïtʃiipï, kïtʃiʔka (MM)","oʔ (MM)","kïtʃiipï  (MM)","waemo', Var. waemot', waemoi (MM)","papeik; papeʔ Var. papeiʔ (MM)","wïnëte (MM)","kana -tin, -tïmï- (MM)","ataraama-","watraamanë (MM)","-jun, junto, pan (bread) (MM) ",,"utomihtoʔ (MM)",,,"[pan] maanə-toʔ(generic meal)","ako","ako jan","əraintʃihtjə","eɲam (MM)",,,"aʔkapa, Var. aʔkapae (MM)","mankawae, Var. mankowao (MM)","-asuuka-","-əʔməh-ka-n","kana jok","kana janto",,,,,,,,,,,,,,,,,,,,,,,,,,,,,,,,,,,,,,,,,,,,,,,,,,,,,,,,,,,,,,,,,,,,,,,,,
"Carib","Makiritari (MCH) Orthography",,"šimāda (IDS); shima:da (KH)","kuda:ta (KH)","šimāda ehɨ̄dɨ (IDS); shima:da ehu:du (KH)",,,,"ku:nwa (KH)","wadi-wadi (IDS); wadiwadi (KH)",,"a:da:di (KH)","emanɲuhɨdɨ (IDS); össe (KH() (also means 'hunting party'), tönö:mö aminñökatoho (KH) (means 'hunting gear')",,,,,,"hüta:di (KH) (means 'griddle, skillet')","yo:'küdü (KH) (means 'his manioc meal or mush'), akai'chadü (KH) (means 'to make manioc flour (mañoco) by rubbing)",,,"sukuhi (IDS) (Also yaičadɨ); yaichadü (KH) (also means 'lance')",,"kɨdēde (IDS)","tünküi (KH), amu:tu (KH) (means 'reeds for making a manioc-squeezer')",,,,,,"ha'hi (KH) (means 'fish net'); ssodo'ha (KH)",,,,,,,,,,,,,,,,,,,,,,,,,,,,,,,,,,,,,,,,,,,,,,,,,,,,,,,,,,,,,,,,,,,,,,,,,
"Carib","Makiritari (MCH) IPA",,"ʃima:da","kuda:ta","ʃima:da ehɨ:dɨ (IDS); ʃima:da ehu:du (KH)",,,,"ku:nwa (KH)","wadi-wadi (IDS); wadiwadi (KH)",,"a:da:di (KH)","emanɲuhɨdɨ (IDS); əsse (KH), tənə:mə aminɲəkatoho (KH)",,,,,,"hɨta:di (KH)","yo:ʔkɨdɨ (KH), akaiʔtʃadɨ (KH)",,,"sukuhi (IDS); jaitʃadɨ (KH)",,"kɨde:de","tɨnkɨi (KH), amu:tu (KH)",,,,,,"haʔhi (KH); ssodoʔha (KH)",,,,,,,,,,,,,,,,,,,,,,,,,,,,,,,,,,,,,,,,,,,,,,,,,,,,,,,,,,,,,,,,,,,,,,,,,
"Carib","Makushi (mbc) orthographic","Carson, Neusa 1979. Key 1997. Melody A Ross","rupé",,,,,,,"wuríwóʔ",,,,,"ikkéí",,"súmarí",,,,"séni",,,"ímú",,,,,,,,"tarápa (fishing net), simú (fish trap)",,,,,,,,,,,,,,,,,,,,,,,,,,,,,,,,,,,,,,,,,,,,,,,,,,,,,,,,,,,,,,,,,,,,,,,,,
"Carib","Makushi (mbc) phonemic","Carson, Neusa 1979. Key 1997. Melody A Ross","rupé",,,,,,,"wuríwóʔ",,,,,"ikkéí",,"súmarí",,,,"séni",,,"ímú",,,,,,,,"tarápa (fishing net), simú (fish trap)",,,,,,,,,,,,,,,,,,,,,,,,,,,,,,,,,,,,,,,,,,,,,,,,,,,,,,,,,,,,,,,,,,,,,,,,,
"Carib","Pemon (AOC) Orthography (All entries from CA1981)","Armellada, Cesáreo 1981. Karina Baeza; Edwards 1980. Melody A Ross. Edwards 1977. Melody A Ross","pɨröu (E1980)","sanwoto (especie de vegetal que sirve para hacer cerbatanas); kuuraik (E1980)","rapa; uurapa (E1980)","kachirí (bebida fermentada, hecha a base de puré de yuca amarga, maíz, bananos, casabe, guarapo de caña, etc. El nombre ""kachirí"" se reserva para la bebida de yuca mezclada o no con batata)","ektariipang (intoxicating beverages) (E1980)","ektariipang (intoxicating beverages) (E1980)","kuungwa (E1980)","asema; worii-worii (E1980)","moorok eema (E1980)",,"wonun; wontïmang peknö (E1977)","wengkaruunnötok (glossed as 'game') (E1980)","eekeei (dried), akuusee (soft), eekeeikarautanösak (toasted) (E1980)",,"suumarii (E1980)","apok yeksek (glossed as 'three logs on which pot is placed for cooking') (E1980)",,"kïseerekna (flour) (E1977)","akoo (E1980)",,"supari; supararii (E1980)","imu; chiipiipa (E1980)",,,"apok yeksek (glossed as 'three logs on which pot is placed for cooking') (E1980)","kumarwa","panka, ainonkatok (both mean 'strainer')",,"mosokoroi (E1977)","mooroik (E1980)",,,,,,,,,,,,,,,,,,,,,,,,,,,,,,,,,,,,,,,,,,,,,,,,,,,,,,,,,,,,,,,,,,,,,,,,,
"Carib","Pemon (AOC) IPA (All entries from CA1981)","Armellada, Cesáreo 1981. Karina Baeza; Edwards 1980. Melody A Ross. Edwards 1977. Melody A Ross","pɨröʊ (E1980)","sanwoto; kuraɪk (E1980)","rapa; urapa (E1980)","katʃiɾi","ɛʔtaripaŋ (E1980)","ɛʔtaripaŋ (E1980)","kuŋwa (E1980)","asema; wɔri-wɔri (E1980)","morɔk ema (E1980)",,"wonun; wɔntïmaŋ pɛknö (E1977)","weŋkarunnötɔk (E9180)","ekeɪ, akuse, ekeɪkaraʊtanösak (E1980)",,"sumari (E1980)","apɔk yɛʔsɛk",,"kɨserɛʔna (E1977)","ako (E1980)",,"supari; sʊparari (E1980)","imu; tʃipipa (E1980)",,,"apɔk yɛʔsɛk (E1980)","kumaɾwa","panka, ainonkatok",,"mɔsɔkɔrɔɪ (E1977)","morɔɪk (E1980)",,,,,,,,,,,,,,,,,,,,,,,,,,,,,,,,,,,,,,,,,,,,,,,,,,,,,,,,,,,,,,,,,,,,,,,,,
"Carib","Waimiri Atroari","Bruno, 2004. Melody A Ross","pyruwa",,"warypa",,,,,"wure","xiba","xiba","wyty ipo- (meat look for)",,"meie",,,,"axinjaty","sanja",,"aka",,,,,,,"marehe",,,,,,,,,,,,,,,,,,,,,,,,,,,,,,,,,,,,,,,,,,,,,,,,,,,,,,,,,,,,,,,,,,,,,,,,,,,,
"Carib","Waimiri Atroari","Bruno, 2004. Melody A Ross","pɨruwa",,"warɨpa",,,,,"wure","ʃiba","ʃiba","wɨtɨ ipo- (meat look for)",,"meie",,,,"aʃiɲatɨ","saɲa",,"aka",,,,,,,"marehe",,,,,,,,,,,,,,,,,,,,,,,,,,,,,,,,,,,,,,,,,,,,,,,,,,,,,,,,,,,,,,,,,,,,,,,,,,,,
"Cariban","Yabarana","Méndez Arocha, A. 1959. Un vocabulario yabarana con apuntes fonémicos. Antropológica 7: 63-84. AP",,"raita","a'kahara","óki, 'okə",,,,"pepeti",,,"kaimo'tase",,,,,,,,,,"karan'tita","kaimani",,,,,,,,,,,,,,,,,,,,,,,,,,,,,,,,,,,,,,,,,,,,,,,,,,,,,,,,,,,,,,,,,,,,,,,,,,,,,,,,,
"Cariban","Yukpa","Vegamian, Félix María de 1978. Diccionario ilustrado yupa-español, español-yupa, con onomástica y apuntaciones gramaticales. Guarenas/Caracas: Formateca. AP","mikuirsi",,"bákara","oárinta","kusara",,,,,,"mabatókane",,,,,"arapa",,,,,"mayara jiyákepö (mayara 'long stick'+jiyákepö 'ready'",,,,,,,,,,,,,,,,,,,,,,,,,,,,,,,,,,,,,,,,,,,,,,,,,,,,,,,,,,,,,,,,,,,,,,,,,,,,,,,,,,
"Cariban","Yukpa","Robayo, 2000 in González de Pérez, M. S. and M. L. Rodríguez de Montes (eds.). 2000. Lenguas indígenas de Colombia: una visión descriptiva. M. S. Bogotá: Instituto Caro y Cuervo. AP",,,,,,,,,,,"peʂaese",,,,,,,,,,,,,,,,,,,,,,,,,,,,,,,,,,,,,,,,,,,,,,,,,,,,,,,,,,,,,,,,,,,,,,,,,,,,,,,,,,,,,,,,,,,,
"Arawak","Achagua (mm98)","Meléndez Lozano, Miguel Ángel. 1998a. La lengua achagua, estudio gramatical. Lenguas Aborígenes de Colombia, Descripciones, 11. Santafé de Bogotá: CCELA, UNIANDES. AP","θitúwa (hr01), púja (h&r)",," -tʃáwi[dau] (hr01), tʃáwidaaʃi (h&r) ",,,,,," -tésu",,,,,,"á:ta",,,,"á:na",,,,,,,,"tʃakátui",,,,,,,,,,,,,,,,,,,,,,,,,,,,,,,,,,,,,,,,,,,,,,,,,,,,,,,,,,,,,,,,,,,,,,,"
",,,,,
"Arawak","Achagua (mm98)","Person entering data: AP","θitúwa (hr01), púja (h&r)",," -tʃáwi[dau] (hr01), tʃáwidaaʃi (h&r) ",,,,,," -tésu",,,,,,"á:ta",,,,"á:na",,,,,,,,"tʃakátui",,,,,,,,,,,,,,,,,,,,,,,,,,,,,,,,,,,,,,,,,,,,,,,,,,,,,,,,,,,,,,,,,,,,,,,"
",,,,,
"Aɾawak","Piapoco (dk95)","Klumpp, Deloris Pharris de. 1995. Vocabulario piapoco-español. Bogotá: ILV.","θitúa (hɾ01), demá[pu] (dp91), tʃukùlu","siɾipíwa","demápu",,,,,,"tʃukùluta",,"í:deka",,,,,,,"matʃúka","ajáiba 'pilón'",,"ùlibàna","káini jàasu dúakái",,,,"kuláli",,,,,,,,,,,,,,,,,,,,,,,,,,,,,,,,,,,,,,,,,,,,,,,,,,,,,,,,,,,,,,,,,,,,,,,,"
",,,,,
"Arawak","Piapoco (dk95)","Person entering data: AP","θitúa (hr01), demá[pu] (dp91), chucùlu","siripíwa","demápu",,,,,,"chucùluta",,"íideca",,,,,,,"machúca","ayáiba 'pilón'",,"ùlibàna","cáini yàasu dúacái (cáini 'mandioca', yàasu 'of the', dúacái 'starch')",,,,"culáli",,,,,,,,,,,,,,,,,,,,,,,,,,,,,,,,,,,,,,,,,,,,,,,,,,,,,,,,,,,,,,,,,,,,,,,,"
",,,,,
"Arawak","Yucuna (sy05)","Schauer, Junia, compiler, and others. 2005. Meke kemakánaka puráka7aloji: wapura7akó chu, eyá karíwana chu (Diccionario bilingüe: Yukuna - Español; Español - Yukuna). 1st ed. Bogotá: Editorial Fundación para el Desarollo de los Pueblos Marginados. 328 p","ihihila","wapaʔaná","wiɾaʔapaɾa","kawí 'bebida fermentada'",,"mawiɾu halá amúɾaʔatakanami (de piña)","kapitʃiɾí","mahmaʔahohi","anaʔakahe",,,,"puputʃí 'torta hecha del almidón de yuca)","kujeɾa kahɾuni","taʔahónahi (de yuca)",,,"uʔuwí","tuhlákaʔaɾuna",,"wehɾukú","ituʔuɾú",,,"kawajá","haʔapá","hiɾú",,"jenahi","tʃaʔawí, wétʃaʔahi",,,,"haʔapákahe",,,,,,,,,,,,,,,,,,,,,,,,,,,,,,,,,,,,,,,,,,,,,,,,,,,,,,,,,,,,,,,,"
",,,,,
"Arawak","Yucuna (sy05)","Person entering data: AP","ijijila","wapa'aná","wira'apara","kawí 'bebida fermentada'",,"mawiru jalá amúra'atakanami (mawiru 'pineapple', jalá'liquid', amúra'atakanami 'to ferment')","kapichirí","majma'ajoji","ana'akaje",,,,"pupuchí 'torta hecha del almidón de yuca)","kuyera kajruni","ta'ajónaji (de yuca)",,,"u'uwí","tujláka'aruna",,"wejrukú","itu'urú",,,"kawayá","ja'apá","jirú",,"yenaji","cha'awí, wécha'aji",,,,"ja'apákaje",,,,,,,,,,,,,,,,,,,,,,,,,,,,,,,,,,,,,,,,,,,,,,,,,,,,,,,,,,,,,,,,"
",,,,,
"Arawak","Tariana (aa01)","Aikhenvald, Alexandra Y. 2001. Dicionário Tariana-Português e Português-Tariana. Boletim do MPEG 17/1. Belém.","siduána","mawípi","(jawi) [tia]pu (dp91), jawitʰépu (aa01)","pajáɾu taɾadá-peɾi",,"húːne japé 'caxiri feito com batata inglesa' áwhi japé 'caxiri de cará' saɲápe 'caxiri de cana'",,"kadúitʃi","dʰilítu",,"di-wíni 'caça'",,"peːtʰé, paitʰé","tíja","ãda 'ralo'","kajáma","puáli 'forno'","kupʰe na-tuda-nípe 'farinha de peixe'","jéːda 'pequeno pilão para preparo do epadú'",,,"kainíki 'tapioca'","ɲumúku, jumúku","hiɾína","néɾi i-wádo","pupáwa","jupítʃí",,"niɲá-na","upítʃí",,,,"emháni",,,,,,,,,,,,,,,,,,,,,,,,,,,,,,,,,,,,,,,,,,,,,,,,,,,,,,,,,,,,,,,,"
",,,,,
"Arawak","Tariana (aa01)","Person entering data: AP","siduána","mawípi","(yawi) [tia]pu (dp91), yawithépu (aa01)","payáɾu taɾadá-peɾi (pa-yá-ɾu 'caxiri', taɾadá 'be alive')",,"húːne yapé 'caxiri feito com batata inglesa' áwhi yapé 'caxiri de cará' saɲápe 'caxiri de cana' (ya 'caxiri' , húːne 'batata doce' , áwhi 'cará')",,"kadúiči","dhilítu",,"di-wíni 'caça'",,"peːthé, paithé","tíya","ãda 'ralo'","kayáma","puáli 'forno'","kuphe na-tuda-nípe 'farinha de peixe' (kuphe 'peixe')","yéːda 'pequeno pilão para preparo do epadú'",,,"kainíki 'tapioca'","ɲumúku, yumúku","hiɾína","néɾi i-wádo (néri '?', wádo '?')","pupáwa","yupíčí",,"niɲá-na","upíčí",,,,"emháni",,,,,,,,,,,,,,,,,,,,,,,,,,,,,,,,,,,,,,,,,,,,,,,,,,,,,,,,,,,,,,,,"
",,,,,
"Arawak","Baniwa (hr01a)","Ramirez, Henri. 2001a. Dicionário Baniwa-Português. Manaus: Editora da Universidade do Amazonas.","kaːpáwi, t̪ídoa","mawípi","dzawithíapo","pádzawaɻo",,"káat̪iwa, jaɺákhi 'caxiri made from cane'",,," -iitsaɺéta",," -winíta 'caçar, pescar'",,"peéthe, -ooɺéthe","kóoja, át̪a, towáda","áada","jóoɻa",,"matsóka","aanáda"," -tothíoko","moɺóko","mhéet̪i","koɻíakaa, kamókaa 'mingau'","t̪iɻoɺípi","mháitsi","mawakóɺia","dopítsi, oɻopéma",," -ɲhánaa",,,,," -áanhi",,,,,,,,,,,,,,,,,,,,,,,,,,,,,,,,,,,,,,,,,,,,,,,,,,,,,,,,,,,,,,,,"
",,,,,
"Arawak","Baniwa (hr01a)","Person entering data: AP","kaapáwi, ttídoa","mawípi","dzawithíapo","pádzawaro",,"káattiwa, yalákhi 'caxiri made from cane'",,," -iitsaléta",," -winíta 'caçar, pescar'",,"peéthe, -ooléthe","kóoya, átta, towáda","áada","yóora",,"matsóka","aanáda"," -tothíoko","molóko","mhéetti","koríakaa, kamókaa 'mingau'","ttirolípi","mháitsi","mawakólia","dopítsi, oropéma",," -ñhánaa",,,,," -áanhi",,,,,,,,,,,,,,,,,,,,,,,,,,,,,,,,,,,,,,,,,,,,,,,,,,,,,,,,,,,,,,,,"
",,,,,
"Arawak","Resígaɾo (ta79)","Allin, Trevor R .1979. Vocabulario resígaro.  Documento de Trabajo, 16.","noótsígú","vápaánú, váʔpaánahú"," -jawi[tʰíapu] (hɾ01)","kadʒíigíbú",,"méémeʔó",,,"eeʔpʰi-kʰú","oʔdoú",,,,,,"teíʔiku",,,,"tʰoʔkʰoótsií","noótsígú","peégí",,"pasoviíté",,,"tsʰídóogí",,,"opíitsí(kó)",,,,"híʔvu",,,,,,,,,,,,,,,,,,,,,,,,,,,,,,,,,,,,,,,,,,,,,,,,,,,,,,,,,,,,,,,,"
",,,,,
"Arawak","Resígaro (ta79)","Person entering data: AP","noótsígú","vá?paánú, vá?paánahú"," -jawi[thíapu] (hr01)","kaǰíigíbú",,"mééme?ó",,,"ee?phi-khú","o?doú",,,,,,"teí?iku",,,,"tho?khoótsií","noótsígú","peégí",,"pasoviíté",,,"tshídóogí",,,"opíitsí(kó)",,,,"hí?vu",,,,,,,,,,,,,,,,,,,,,,,,,,,,,,,,,,,,,,,,,,,,,,,,,,,,,,,,,,,,,,,,"
",,,,,
"Arawak","Kabiyari (hr01)","Ramirez, Henri. 2001. Línguas Arawak da Amazônia setentrional: comparação e descrição. Manaus: Editora da Universidade","t̪inúá","wápaʔna",,,,,,,,,,,"kúnhu","kaʔɾú","áana",,"puɾi (foɾno)",,,,,,,,,"apáɾi","t̪íɾuɾi",,,,"ménaa (ɾoça)",,"páná",,,,,,,,,,,,,,,,,,,,,,,,,,,,,,,,,,,,,,,,,,,,,,,,,,,,,,,,,,,,,,,,,"
",,,,,
"Arawak","Kabiyari (hr01)","Person entering data: AP","t̪inúá","wápaʔna",,,,,,,,,,,"kúnhu","kaʔrú","áana",,"puri (forno)",,,,,,,,,"apári","t̪íruri",,,,"ménaa (roça)",,"páná",,,,,,,,,,,,,,,,,,,,,,,,,,,,,,,,,,,,,,,,,,,,,,,,,,,,,,,,,,,,,,,,,"
",,,,,
"Arawak","Warekena (aa98)","Aikhenvald, Alexandra 1998. Warekena. En: Desmond Derbishire & Geoffrey Pullum (eds.), Handbook of Amazonian Languages, vol. 4: 225-439. Berlín: Mouton de Gruyter.","isíbua",," -dawi[tu-lé] (hr01)",,,,,,,,"jamaɺa",,"ka:ka",,,,,"matsuka",,,,"ʃiweʃi",,,,,,,"mana",,,,,,,,,,,,,,,,,,,,,,,,,,,,,,,,,,,,,,,,,,,,,,,,,,,,,,,,,,,,,,,,,,,,,"
",,,,,
"Arawak","Warekena (aa98)","Person entering data: AP","isíbua",," -dawi[tu-lé] (hr01)",,,,,,,,"yamaɺa",,"ka:ka",,,,,"matsuka",,,,"ʃiweʃi",,,,,,,"mana",,,,,,,,,,,,,,,,,,,,,,,,,,,,,,,,,,,,,,,,,,,,,,,,,,,,,,,,,,,,,,,,,,,,,"
",,,,,
"Arawak","Yavitero (jm87)","Mosonyi, Jorge Carlos, 1987 El idioma Yavitero, Caracas, Venezuela, 241 pages. ","ʃumetsa, tsawita","watáha","[ta]po",,,,,"mahu'ita",,,"winahata",,,,,,,,,"wi'jaľ̥i","lansa (Spanish loan)","ľ̥iwéľ̥i",,,,"mawáuli",,,"imanaha","ka'kuľi",,,,"heha",,,,,,,,,,,,,,,,,,,,,,,,,,,,,,,,,,,,,,,,,,,,,,,,,,,,,,,,,,,,,,,,"
",,,,,
"Arawak","Yavitero (jm87)","Person entering data: AP","ʃumetsa, c̷awita","watája","[ta]po",,,,,"mahu'ita",,,"winahata",,,,,,,,,"wi'yaľ̥i","lansa (Spanish loan)",,,,,"mawáuli",,,"imanaha","ka'kuľi",,,,"heha",,,,,,,,,,,,,,,,,,,,,,,,,,,,,,,,,,,,,,,,,,,,,,,,,,,,,,,,,,,,,,,,"
",,,,,
"Arawak","Bare (aa95)","Aikhenvald, Alexandra. 1995a. Baré. Munich: LINCOM Europa.","dabid'aha",,,,,,,,"tʃawada",,"hesawa","hesawa",,,,,,,,,,,,,,,,,,,,,,,,,,,,,,,,,,,,,,,,,,,,,,,,,,,,,,,,,,,,,,,,,,,,,,,,,,,,,,,,,,,,,,"
",,,,,
"Arawak","Bare (aa95)","Person entering data: AP","dabid'aha",,,,,,,,"tʃawada",,"hesawa","hesawa",,,,,,,,,,,,,,,,,,,,,,,,,,,,,,,,,,,,,,,,,,,,,,,,,,,,,,,,,,,,,,,,,,,,,,,,,,,,,,,,,,,,,,"
",,,,,
"Arawak","Paresi (ab08)","Brandao, Ana Paula","kuˈre"," --"," ˈhitu",,"koðeto nolone","oloniti","tuˈnuhi","koˈwae","maidjatati","ʃimjatjati","θanekwati",,"θomokwa","hitʃitsa","tʃimjare","maˈtjai",,"tjoˈlohe"," ˈnotʃi (nuˈtʃi 'neto')"," ˈnatse",,"keˈnajki","kataðere","terehukakalati",,"iˈriwa (kaʃiniti), ˈhuwiti","aˈtjwa",,"hidjulati","ˈkoho",,,,,,,,,,,,,,,,,,,,,,,,,,,,,,,,,,,,,,,,,,,,,,,,,,,,,,,,,,,,,,,,,,,,"
",,,,,
"Arawak","Paresi (ab08)","Person entering data: AP","kore"," --"," ˈhito",,"kozeto nolone","oloniti","toˈnohi","koˈwae","mairatati","ximatyati","zanekwati",,"zomokwa","hitxitsa","tximare","maˈtyai",,"tyoˈlohe"," ˈnotxi (noˈtxi 'neto')"," ˈnatse",,"keˈnaiki","katazere","terehokakalati",,"iˈriwa (kaxiniti), ˈhowiti","aˈtyoa",,"hirolati","ˈkoho",,,,,,,,,,,,,,,,,,,,,,,,,,,,,,,,,,,,,,,,,,,,,,,,,,,,,,,,,,,,,,,,,,,,"
",,,,,
"Arawak","Wapishana (ms95)","Santos, Manuel Gomes dos . 2006. Uma gramática do Wapixana (Aruak): aspectos da fonologia, da morfologia e da sintaxe. Tese de doutorado. Campinas, SP: UNICAMP",,,"sumaɽa","paɽakaɽi",,,,,,,,,"baɖa","bun",,,,,,,,,,"niʐu",,"uɽaɽi",,,,," ʐakap (roça)",,,,,,,,,,,,,,,,,,,,,,,,,,,,,,,,,,,,,,,,,,,,,,,,,,,,,,,,,,,,,,,,,,,"
",,,,,
"Arawak","Wapishana (ms95) Ortho ","Person entering data: AP",,,,,,,,,,,,,,,,,,,,,,,,,,,,,,,,,,,,,,,,,,,,,,,,,,,,,,,,,,,,,,,,,,,,,,,,,,,,,,,,,,,,,,,,,,,,,,,,,,"
",,,,,
"Arawak","Wapishana wap IDS orthographic ",,"ˀbairii",,"sumara",,,"fermented drink: riwɨnii",,"awariˀbai",,,"tʰiwaapʰa-n; waatʰapʰa-n",,,,,,,,"generic meal: pʰuruuma","akʰu","daɨriˀbai","čʰipʰirari",,,,,,"ẓuruwa-n","warakʰa-n","maˀbai","darukʰu",,,,,,,,,,,,,,,,,,,,,,,,,,,,,,,,,,,,,,,,,,,,,,,,,,,,,,,,,,,,,,,,,,,"
",,,,,
"Arawak ","Wapishana wap IDS phonemic",,"ˀbairii",,"sumara",,,"fermented drink: riwɨnii",,"awariˀbai",,,"tʰiwaapʰa-n; waatʰapʰa-n",,,,,,,,"generic meal: pʰuruuma","akʰu","daɨriˀbai","tʃʰipʰirari",,,,,,"ẓuruwa-n","warakʰa-n","maˀbai","darukʰu",,,,,,,,,,,,,,,,,,,,,,,,,,,,,,,,,,,,,,,,,,,,,,,,,,,,,,,,,,,,,,,,,,,"
",,,,,
"Arawak","Mandawaka (hr01)","Ramirez, Henri. 2001. Línguas Arawak da Amazônia setentrional: comparação e descrição. Manaus: Editora da Universidade",,"wiɾúhune",,"jaláki",,,,,,,,,,,,,"há:li","matʃúka",,,,,,,,"mawákuli","duhí:zi",,,,,,,,,,,,,,,,,,,,,,,,,,,,,,,,,,,,,,,,,,,,,,,,,,,,,,,,,,,,,,,,,,,,,,,"
",,,,,
"Arawak","Mandawaka (hr01)","Person entering data: AP",,"wirúhune",,"jaláki",,,,,,,,,,,,,"há:li","matʃúka",,,,,,,,"mawákuli","duhí:zi",,,,,,,,,,,,,,,,,,,,,,,,,,,,,,,,,,,,,,,,,,,,,,,,,,,,,,,,,,,,,,,,,,,,,,,"
",,,,,
"Arawak ","Proto-Arawak",,"itsindua",," -jawi-tha"," -jawi-tha",,,,,,,,,,,,,,,,,,,,,,,,,,,,,,,,,,,,,,,,,,,,,,,,,,,,,,,,,,,,,,,,,,,,,,,,,,,,,,,,,,,,,,,,,,,,,,"
",,,,,
"Arawak","Proto-Japurá-Colombia",,,,,,,,,,,,,,,,,,,,,,,,,,,,,,,,,,,,,,,,,,,,,,,,,,,,,,,,,,,,,,,,,,,,,,,,,,,,,,,,,,,,,,,,,,,,,,,,,,,"
",,,,,
"Záparo","Iquito (ildp06); orthography",,"jírisi (flecha; entre los iquitos es un tipo de lanza hecho de isana, parecida al harpón, pero con punta más pequeño; no se utiliza con arco); saápi táaja (raya chupa, flecha para pescar hecha de un clavo, con lenguetes parecido a la espina de una raya. MC: compound, Lit: 'lanceta de raya')","nimúuna","rim+'+taja ","itíniija","síhuaaca","amarisiáaca (from pihuayo; MC: amariyaája - pihuayo; aaca - water); siír+ (corn and yuca mixed together)","nahuán++na [Iquitos made these from the leaf stem of the Maximiliana venatorum palm species.]","apíraati; acáay+ íhuaasi (un abanico de forma redonda, hecha de hoja de chambira. MC: Compound, Lit: 'cola de vaca marina'); sámuu íhuaasi (tipo de abanico que se teje la hoja de shapaja, y que tiena la forma de la cola de paiche. MC: Compound, Lit: 'cola de paiche')","siyuuni (general term); iruuni (pescar en la noche con anzuelo para especies como el zúngaro o huasco, que son especies nocturnas); majanihu+taani (anzuelear con barandilla, botando el anzuelo muchas veces al agua sin parar la canoa; se diferencia de /majataani/ por dejar el anzuelo en el agua muy poco tiempo; se diferencia de /siyuuni/ por no parar en un solo sitio para pescar); majataani (anzuelear por botar el anzuelo varias veces al agua mientras mueve la canoa; mayormente se agarran palometas; se diferencia de /majanihu+taani/ por dejar el anzuelo más tiempo en el agua; se diferencia de /siyuuni/ por no parar en un solo sitio para pescar)","amanijuuni (mañachear, hacer mañacheo, pescar con barbasco; poner una cantidad pequeña de barbasco en una quebrada chica con el fin de recoger especies pequeñas de peces); siruuni (pescar con barbasco, machucando la raíz de este planta paramatar o hacer insensible los peces para poder agarrarlos)","amuuni (kill); am+yaaquiini (montear, caminar en el monte con el fin de cazar o buscar algo útil)",,,"ipaáca (container made from a gourd, has a small opening in the top); samácu/samacuánaaja (container made from Crescentia cujete plant; samácu is also used for plant itself); purícu (envase hecho de la hoja de bijao; usado por los antiguos iquitos como un envase cotidiano para comida, bebida, y la preparación de plantas medicinales; también era usado durante la época de caucho para recolectar resina)","jinítaari","masícuuca",,"huaríina (From Spanish fariña)",,"suhuánaja; ajírataaja; ajátaari (moledor tradicional usado para moler la masa de masato en una batán; hecho de un bloque de madera cuadrada con dos agarradores en las puntas superiores); amuútaaja (tipo de mazo que se usa para triturar comida o barbasco)","juhuáana (lanza hecha de la madera de la palmera pihuayo, antiguamente usado para cazar y en las peleas); jírisi (flecha; entre los iquitos es un tipo de lanza hecho de isana, parecida al harpón, pero con punta más pequeño; no se utiliza con arco); arapuú (arpón, tipo de lanza que se utiliza para pescar peces grandes, From Sp. harpón)",,,"tipiití (used for making fariña, MC: borrowing from Tupi-Guaraní tipití)",,"ihu+'+r+sana (veneno, sea el veneno natural de un víbora o un veneno fabricado por gente); ramúcuaa (ampiri, especie de árbol con raíces aéreas venenosas, de las cuales se extrae la corteza. Esta se cocina junto con animales venenosos como isula, alacrán, para fabricar veneno para pucuna)","im'++ri (general term, also un cernidor grande y plano hecho de 2 cuatro palitos amarrados en 1 un cuadro tejido de fibras de sinamilla amarado con tamishi); másiiti (cernidor, tejido de sinamillo; el tamáno y su rala del tejido se hacen según el uso, p.ej. masato, maiz molido, apacharama); narapuúri (cedazo tejido de la corteza pelada de sinamillo que se fabricó antiguamente para cernir masato; su nombre proviene del hecho de que el tejido parece como la pinta del pez /narápu/)","ijiíca (general term, para una comida preparada por envolverlo en una hoja; puede ser cocinada /capiíja/, ahumada /turiíja/, asada /cuniíja/); cunitaáca (patarashca de barbacoa, un tipo de patarashca, /ijiíca/, una comida envuelta en hoja, que se cocina por ponerla encima de una barbacoa, /masícuuca/, donde las llamas de la candela lo cocina); mucuáni (patarashca mayaco, patarashca de pescado podrido)","íruuja (empate, una presa que se usa para pescar con anzuelo; este término se refiere tanto al empate de carne o insecto como al empate hecha de masilla de yuca)","tasíqu+ (tapaje, tipo de trampa para peces; se hace con /tasiína/ en la forma de una canasta con una boca de forma de un tubo cuyo diametro disminuye; su forma permite que los peces entren pero no salgan; se pone esta trampa en caños o pequeñas quebradas cuando el agua crece or merma y los peces entran o salen de las tahuampas)",,,,,,,,,,,,,,,,,,,,,,,,,,,,,,,,,,,,,,,,,,,,,,,,,,,,,,,,,,,,,,,,,,,,,,,,,
"Jivaro","Ashuar","Fast, Gerhard; Warkentin de Fast, Ruby and Fast, Daniel. 1996. Diccionario Shiwiar-Ashuar-Castellano. Serie Lingüística Peruana No. 36. Yarinacocha, ILV. ","wáchi, nángki","uum","tíshimuk, balista (Spanish loan)","jamánch, jiamánch, yamánch",,,"tséntsak","wáin, wáingku","juntáatin, wakemtin",,"uumjai, karujai","kúntin",,"tsápa","kesáti, kesátai","píirak","jakách","warín",,"nakétai","nángki","mama sáiri, mama tsáiri",,,,"tséas","tsatsátai","yungkunáamu, yungkúrak","métek, wajásmau
",,,,,,,,,,,,,,,,,,,,,,,,,,,,,,,,,,,,,,,,,,,,,,,,,,,,,,,,,,,,,,,,,,,,,,,,,,
"Jivaro","Ashuar","Daniel","waʧi, naŋki","u:m","tiʃimuk, balista","xamanʧ, xiamanʧ, jamanʧ",,,"tsɯntsak","wain, waiŋku","xunta:tin, wakɯmtim",,"ũ:mjaĩ, kãruxãĩ","kuntin",,"tsapa","kɯsati, kɯsatai","pi:rak","xakaʧ","warin",,"nakɯtai","naŋki","mama sáiri, mama tsáiri",,,,"tsɯas","tsatsatai","yuŋkuna:mu, yuŋkurak","mɯtɯk, waxasmau
",,,,,,,,,,,,,,,,,,,,,,,,,,,,,,,,,,,,,,,,,,,,,,,,,,,,,,,,,,,,,,,,,,,,,,,,,,
"Jivaro","Huambisa","Jakway, Martha (recop.). 1987 (2nd.ed.). Vocabulario huambisa.Serie Lingüística peruana no. 24 Lima, ILV.",,"uum",,"nijamanch",,,"tsentsak","awajik",,,"kuntinan eakatsa (kuntinan=game; eakatsa=look for)","kuntinan","pag (Spanish loan)",,,"piik",,,,,"nagki","mama puari (mama=manioc)",,,,"tikun",,"yugkurak","
",,,,,,,,,,,,,,,,,,,,,,,,,,,,,,,,,,,,,,,,,,,,,,,,,,,,,,,,,,,,,,,,,,,,,,,,,,
"Jivaro","Huambisa","Daniel",,"u:m",,"nixamantʃ",,,"tsɨntsak","awaxik",,,"kuntinan ɨakatsa ","kuntinan","paŋg",,,"pi:k",,,,,"naŋgki","mama puari ",,,,"tikun",,"yuŋgkurak","
",,,,,,,,,,,,,,,,,,,,,,,,,,,,,,,,,,,,,,,,,,,,,,,,,,,,,,,,,,,,,,,,,,,,,,,,,,
"Jivaro","Aguaruna","Wipio, Gerardo (recop.). (1996). Diccionario aguaruna-castellano, castellano-aguaruna.ILV, Lima.","shikiít","úum",,"nijamánch",,,,"awág(ku)","agséamat, ajuntút",,"máut, egamát",,,"shikitái",,,,,,,"nágki, túpu",,,,,"tikún, tsegás","tsatsamtái","yugkunámu",,"
",,,,,,,,,,,,,,,,,,,,,,,,,,,,,,,,,,,,,,,,,,,,,,,,,,,,,,,,,,,,,,,,,,,,,,,,,
"Jivaro","Aguaruna","Daniel","ʃiki:t","ú:m",,"nixamántʃ",,,,"awáng(ku)","angsɨamat, axuntút",,"máut, ɨgamát",,,"ʃikitái",,,,,,,"nángki, túpu",,,,,"tikún, tsɨgás","tsatsamtái","jungkunámu",,"
",,,,,,,,,,,,,,,,,,,,,,,,,,,,,,,,,,,,,,,,,,,,,,,,,,,,,,,,,,,,,,,,,,,,,,,,,
"Quechua","Quechua del Pastaza","Landerman, Peter. (2008, 2nd. ed.). Vocabulario Quechua del Pastaza. ILV, Yarinacocha.","wachi","pucuna",,"aswa","chicha",,"viruti",,,,,,,,"ishpíngu","pata",,,,,"lansa (Spanish loan)","almidún (Spanish loan)",,,,"ambi",,"maytu",,"tuclla
",,,,,,,,,,,,,,,,,,,,,,,,,,,,,,,,,,,,,,,,,,,,,,,,,,,,,,,,,,,,,,,,,,,,,,,,,
"Quechua","Quechua del Pastaza","Daniel","watʃi","pukuna",,"aswa","tʃitʃa",,"biɾuti",,,,,,,,"iʃpingu","pata",,,,,"lansa","almidun",,,,"ambi",,"majtu",,"tukʎa
",,,,,,,,,,,,,,,,,,,,,,,,,,,,,,,,,,,,,,,,,,,,,,,,,,,,,,,,,,,,,,,,,,,,,,,,,
"Quechua","Inga","Tandioy, Domingo, Stephen Levinsohn and Alonso Maffla (comp). 1997. Diccionario Inga-Español.","plicha (Spanish loan)","budukira",,,"aswa",,,,"ansuilai (Spanish loan)",,"tarukiai (to hunt deer)",,,,,,"kallana",,,,,,,,,,"susunga",,,"""tuglla
",,,,,,,,,,,,,,,,,,,,,,,,,,,,,,,,,,,,,,,,,,,,,,,,,,,,,,,,,,,,,,,,,,,,,,,,,
"Quechua","Inga","Daniel
",,,,,,,,,,,,,,,,,,,,,,,,,,,,,,,,,,,,,,,,,,,,,,,,,,,,,,,,,,,,,,,,,,,,,,,,,,,,,,,,,,,,,,,,,,,,,,,,,,,,,,,
"Quechua","Napo Lowland Quichua","Orr, Carolyn and Betsy Wrisley (comp.). 1981. Vocabulario quichua del oriente. ILV, Quito.","biruti","pucuna","lapun",,"asua",,,"huairachina","anziluna","jambigrina",,,,,,,,,,"cutana","tucsina",,,,,"jambi",,,,"huami
",,,,,,,,,,,,,,,,,,,,,,,,,,,,,,,,,,,,,,,,,,,,,,,,,,,,,,,,,,,,,,,,,,,,,,,,,
"Quechua","Napo Lowland Quichua","Daniel","biruti","pukuma","lapun",,"asua",,,"waiɾatʃina","andziluna","xambigɾina",,,,,,,,,,"kutana","tuksina",,,,,"xambi",,,,"wami
",,,,,,,,,,,,,,,,,,,,,,,,,,,,,,,,,,,,,,,,,,,,,,,,,,,,,,,,,,,,,,,,,,,,,,,,,
"Isolate","Páez ",,,"fytŭupatj","taty",,"beca",,,"cweejya´jni","wendy uwe- (wendy=line; uwe=to catch)",,"vijcy-",,,"ejwa",,"ãtŭ","chi´la",,,"masu (Spanish loan)","we´tj",,,,,,"a´tsjanisa",,,"""yajcy, acj
",,,,,,,,,,,,,,,,,,,,,,,,,,,,,,,,,,,,,,,,,,,,,,,,,,,,,,,,,,,,,,,,,,,,,,,,,
"Isolate","Páez","Daniel",,"
",,,,,,,,,,,,,,,,,,,,,,,,,,,,,,,,,,,,,,,,,,,,,,,,,,,,,,,,,,,,,,,,,,,,,,,,,,,,,,,,,,,,,,,,,,,,,,,,,,,,,
"Peba-Yaguan","Yagua","Powlison, Paul (recop.). (1995). Diccionario yagua-castellano. Serie Lingüística Peruana no. 35. ILV, Lima.","jachitya","dudasiy","canu","buya",,,"ramunu","papetyu","piryuy",,"jmicha","nuvo","paji","musatucay","jiminujo","muta",,"variñu (loan?)","sanajo","tanta","jacha","richatu",,,,"dicha","juvaryatu","janubay","piryutya","""tamutya
",,,,,,,,,,,,,,,,,,,,,,,,,,,,,,,,,,,,,,,,,,,,,,,,,,,,,,,,,,,,,,,,,,,,,,,,,
"Peba-Yaguan","Yagua","Daniel","xatʃitja","ndundasij","kãnũ","bujã",,,"ramunu","pãpẽtyu","pirjũj",,"xmitʃa","nuwo","paxi","musatukãj","xı̃minuxo","muta",,"wariɲu","sanãxo","tantã","xatʃa","ritʃatu",,,,"nditʃa","xũwarjatu","xanubaj","pirjũtja","""tamũtja
",,,,,,,,,,,,,,,,,,,,,,,,,,,,,,,,,,,,,,,,,,,,,,,,,,,,,,,,,,,,,,,,,,,,,,,,,
"Peba-yagua","Yagua YAD IDS",,"hačityã; ruwe; ruwero","generic gun: dudasi; dunu","kãnũ",,"generic beer: buyã","fermented drink: kasihyã; hũdahã",,"pãpẽtyu",,,"dapuy; du",,"generic bread: pã",,,,,"generic meal: huru","sanãho","sanãse","hĩčityityã; -ro",,,,,,"ramitya","miti; mutiwye","puryũtyã; piryũtyã (?)","generic trap: tãnũ",,,,,,,,,,,,,,,,,,,,,,,,,,,,,,,,,,,,,,,,,,,,,,,,,,,,,,,,,,,,,,,,,,,,,,,,,
"Peba-yagua","Yagua YAD IDS",,"hatʃitjã; ruwe; ruwero","generic gun: dudasi; dunu","kãnũ",,"generic beer: bujã","fermented drink: kasihjã; hũdahã",,"pãpẽtju",,,"dapuj; du",,"generic bread: pã",,,,,"generic meal: huru","sanãho","sanãse","hĩtʃitjitjã; -ro",,,,,,"ramitja","miti; mutiwje","purjũtjã; pirjũtjã (?)","generic trap: tãnũ",,,,,,,,,,,,,,,,,,,,,,,,,,,,,,,,,,,,,,,,,,,,,,,,,,,,,,,,,,,,,,,,,,,,,,,,,
"Pano","Matses","""Fleck, David. (2003). A grammar of matses. PhD Dissertation, Rice University.
","pia",,"canti","sicaid",,,,,,,,,,,,,,,,,"tëdi
",,,,,,,,,,,,,,,,,,,,,,,,,,,,,,,,,,,,,,,,,,,,,,,,,,,,,,,,,,,,,,,,,,,,,,,,,,,,,,,,,,
"Pano","Matses","Daniel","pja",,"kanti","sikaid",,,,,,,"kapú",,,,,,,"matʃi",,,"tɨɾi
",,,,,,,,,,,,,,,,,,,,,,,,,,,,,,,,,,,,,,,,,,,,,,,,,,,,,,,,,,,,,,,,,,,,,,,,,,,,,,,,,,
"Ticuna","Ticuna","Anderson, Doris. 1962. Conversational ticuna. Yarinacocha Press, Yarinacocha. ",,"ĩxẽ","würa","chaxũ ",,,,,,,,,,,,,,,,,,,,"tipiti
",,,,,,,,,,,,,,,,,,,,,,,,,,,,,,,,,,,,,,,,,,,,,,,,,,,,,,,,,,,,,,,,,,,,,,,,,,,,,,,
"Ticuna","Ticuna","Daniel",,"ĩʔẽ","wɨɾa","tʃaʔɨ̃",,,,,,,,,,,,,,,,,,,,"tipiti
",,,,,,,,,,,,,,,,,,,,,,,,,,,,,,,,,,,,,,,,,,,,,,,,,,,,,,,,,,,,,,,,,,,,,,,,,,,,,,,
"Tupi-Guaraní","Cocama","Faust, Norma. 2008 (3ra. ed.). Gramática cocama. Serie Lingüística Peruana no. 6. ILV, Lima.Espinosa, Lucas. 1989. Breve diccionario analítico castellano-tupí del Perú. Sección Cocama.Ediciones C.E.T.A., Iquitos.","uwa","puna","kanuti","caitsuma","awati tía",,"wachi","wauta","tsɨqui",,,,,,,"pari",,"ui","takaru tupa",,"ɨhuɨratsu",,,,,"wɨrari (loan?)","yumukuatata
",,,,,,,,,,,,,,,,,,,,,,,,,,,,,,,,,,,,,,,,,,,,,,,,,,,,,,,,,,,,,,,,,,,,,,,,,,,,
"Tupi-Guaraní","Cocama","Daniel","uwa","puna","kanuti","kaitsuma","awati tía",,"watʃi","wauta","tsɨki",,,,,,,"paɾi",,"ui","takaɾu tupa",,"ɨwɨɾatsu",,,,,"wɨɾaɾi ","jumukuatata
",,,,,,,,,,,,,,,,,,,,,,,,,,,,,,,,,,,,,,,,,,,,,,,,,,,,,,,,,,,,,,,,,,,,,,,,,,,,
"Tupi-Guarani","Nheengatu","John Blaha (Grenand)","takaná, uiwa",,"mirapara","kaisuma (fermented manioc), tikira, kaʃiri",,,,,"piná ʃama (pina=anzol, ʃama = corda)","pinatika (pina=hook, tika=shake,tremble)","kasari (loan from portuguese, Nheengatu doesn't have a generic term for ""hunt,"" but rather many terms for different types of hunting)",,"meju (morpheme meaning beiju, used to describe different types of manioc dough prepared in different ways? Possible borrowing between POR and Nheengatu)",,"kaitetu",,,"uĩ, karuera, farofa (loan from POR)","induá","sukári, susuka (possible? verb)",,"tipiaka",,"tipiti (de tipi=fundo)","suasu","wirari","uɾupema (used for sifting manioc flour) uɾupema sesá pui, bati (used to strain liquids) kumatá (used for washing manioc meal)",,,"matapi, kakuri, paitika, pisá (fish net)",,,,,,,,,,,,,,,,,,,,,,,,,,,,,,,,,,,,,,,,,,,,,,,,,,,,,,,,,,,,,,,,,,,,,,,,,
"Tupi-Guarani","Nheengatu","John Blaha (Grenand)","takaná, uiwa",,"mirapara","kaiçuma (fermented manioc), tikira, kaxiri",,,,,"piná xama (pina=anzol, xama=corda)","pinatika (pina=hook, tika=shake,tremble)","kaçari (loan from POR)",,"meyu (see description above)",,"kaitetu",,,"uĩ, karuera, farofa (loan from POR)","induá","çukári, çuçuka (possible verb)",,"tipiaka",,"tipiti (de tipi=fundo)","çuaçu","wirari","urupema, urupema ceçá pui, bati (used to strain liquids) kumatá (used for washing manioc meal)",,,"matapi, kakuri, paitika, piçá (fish net)",,,,,,,,,,,,,,,,,,,,,,,,,,,,,,,,,,,,,,,,,,,,,,,,,,,,,,,,,,,,,,,,,,,,,,,,,
"Isolate","Urarina","Olawsky, Knut. 2006 A grammar of Urarina. Mouton de Gruyter. Berlin. ",,"hiʨana","batohwi","barʉe",,,,,"kuhwʉ",,"nesari",,,,,,,,,,"larui",,,,,,,,,"trampa (Spanish loan)
",,,,,,,,,,,,,,,,,,,,,,,,,,,,,,,,,,,,,,,,,,,,,,,,,,,,,,,,,,,,,,,,,,,,,,,,,
"Isolate","Urarina","Daniel",,"hitʃana","batohwi","baɽʉe",,,,,"kuhwʉ",,"nesaɽi",,,,,,,,,,"laɽui",,,,,,,,,"tɽampa 
",,,,,,,,,,,,,,,,,,,,,,,,,,,,,,,,,,,,,,,,,,,,,,,,,,,,,,,,,,,,,,,,,,,,,,,,,
"Isolate","Camsa","Monguí, José. 1981. La lengua kame.ntzá. Fonética-Fonología-Textos. Instituto Caro y Cuervo, Bogotá. ",,,,,"bukói","
",,,,,,,,,,,,,,,,,,,,,,,,,,,,,,,,,,,,,,,,,,,,,,,,,,,,,,,,,,,,,,,,,,,,,,,,,,,,,,,,,,,,,,,,,,,,,,,,,
"Isolate","Camsa","Daniel",,,,,"bukoi","
",,,,,,,,,,,,,,,,,,,,,,,,,,,,,,,,,,,,,,,,,,,,,,,,,,,,,,,,,,,,,,,,,,,,,,,,,,,,,,,,,,,,,,,,,,,,,,,,,
"Nadahup","Yuhup","Martins, Valteir. 2005. Reconstrução fonológica do Protomaku Oriental [Phonological reconstruction of eastern Protomaku]. Ph. D. diss., Vrije Universiteit, Amsterdam. Amsterdam: LOT. AP",,"bˀǎk","kˀigwah",,,,,,,,,,"bˀǎʔ","bˀɔʔ","hɯ̃̌p","wǎb",,,,,,"dũ̂h",,,,,,,,,,,,,,,,,,,,,,,,,,,,,,,,,,,,,,,,,,,,,,,,,,,,,,,,,,,,,,,,,,,,,,,,,,,,,,,,,
"Nadahup","Dâw","Martins, Valteir. 2005. Reconstrução fonológica do Protomaku Oriental [Phonological reconstruction of eastern Protomaku]. Ph. D. diss., Vrije Universiteit, Amsterdam. Amsterdam: LOT. AP",,"ca]bˀǎk","kĩɲ","lâk̚",,,,,,,,,"bǎʔ","bɔʔ","hɯ̃̌p","wab",,"ʃúk̚",,,,"nũ̌h",,,,,,,,,,,,,,,,,,,,,,,,,,,,,,,,,,,,,,,,,,,,,,,,,,,,,,,,,,,,,,,,,,,,,,,,,,,,,,,,,
"Nadahup","Nadêb Rç","Martins, Valteir. 2005. Reconstrução fonológica do Protomaku Oriental [Phonological reconstruction of eastern Protomaku]. Ph. D. diss., Vrije Universiteit, Amsterdam. Amsterdam: LOT. [ɨ is written ɯ in Martins]; Martins, Senn. Nadeb lexicon, ms; Weir, E.M. Helen 1984. A negação e outros tópicos da gramática Nadëb. Dissertação de Mestrado em Lingüística. Campinas: IEL-UNICAMP. AP","k̚atoj","ʃo̰ːw","kaɾabaʔ","jaɾakɤʔ̚",,,,,"ta-kɯːk","i-tɤːn",,,"kanapiːh","ʔɤk",,,"japøn, haʃeːr (para torrar farinha)","mãʃoːk̚",,,,"ʃɛ̃j]nuːh, ʔe]nuh",,"haɾum",,"pɯ̰ːm","nãpid̥̚","wɔːj",,"jõːw",,,,,,,,,,,,,,,,,,,,,,,,,,,,,,,,,,,,,,,,,,,,,,,,,,,,,,,,,,,,,,,,,,,,,,,,,
"Nadahup","Nadeb RN","Martins, Valteir. 2005. Reconstrução fonológica do Protomaku Oriental [Phonological reconstruction of eastern Protomaku]. Ph. D. diss., Vrije Universiteit, Amsterdam. Amsterdam: LOT. AP",,"ʃo̰ːw","kaɾabaʔ","ɾɤkɤʔ̚",,,,,,,,,,"ʔɤk","hɯ̃b",,,"mĩʃuːk̚",,,,"nuːh",,,,,"nãpiːd̥̚",,,,,,,,,,,,,,,,,,,,,,,,,,,,,,,,,,,,,,,,,,,,,,,,,,,,,,,,,,,,,,,,,,,,,,,,,,,,
"Unclassified","Warao","John Blaha (Romero-Figeroa)","hatabu",,"hatabuɾu (bow and aɾɾows?)",,,,,,"uku aisiko yaba (yaba=fish, uku=angling line, aisiko=fish)",,"kub (to hunt) haɾako (hunting)",,,,"ewehi",,,,,,"hat (veɾb?)",,,,,"ibihi",,,,,,,,,,,,,,,,,,,,,,,,,,,,,,,,,,,,,,,,,,,,,,,,,,,,,,,,,,,,,,,,,,,,,,,,,,,,,
"Unclassified","Warao",,"hatabu",,"hataburu (bow and arrows?)",,,,,,"uku aisiko yaba (yaba=fish, uku=angling line, aisiko=fish)",,"kub (to hunt) harako (hunting)",,,,"ewehi",,,,,,"hat (verb?)",,,,,"ibihi",,,,,,,,,,,,,,,,,,,,,,,,,,,,,,,,,,,,,,,,,,,,,,,,,,,,,,,,,,,,,,,,,,,,,,,,,,,,,
"Choco","Emberá","Sara, Solomon. A Tri-Lingual Dictionary of Emberá-Spanish-English","chaa",,"enˈẽndrʉma",,"chíchaa",,,"hãrãũéi",,,"nee-beái","meãõˈãi",,"kucharˈõn","ibhˈarra",,,,,,"miássu",,,,,"dyibebéno","sãmbʉrrˈɨka",,,"trˈãmpha",,,,,,,,,,,,,,,,,,,,,,,,,,,,,,,,,,,,,,,,,,,,,,,,,,,,,,,,,,,,,,,,,,,,,,,,,
"Choco","Embeɹá","Saɹa, Solomon. A Tɹi-Lingual Dictionaɹj of Embeɹá-Spanish-English","cha:",,"enˈẽndɹʍma",,"chícha:",,,"hãɹãũéi",,,"ne:-beái","meãõˈãi",,"kuchaɹˈõn","ibhˈara",,,,,,"miássu",,,,,"djibebéno","sãmbʍrˈɨka",,,"tɹˈãmpha",,,,,,,,,,,,,,,,,,,,,,,,,,,,,,,,,,,,,,,,,,,,,,,,,,,,,,,,,,,,,,,,,,,,,,,,,
"Isolate","Andoke","Landaburu, Jon.  1979. La Langue des Andoke. -- Entered by Kelsey Neely",,"uipúkə̃",,,,,,,,"toe-",,,,,,,,,,,,"ñeemi",,,,,,,,,,,,,,,,,,,,,,,,,,,,,,,,,,,,,,,,,,,,,,,,,,,,,,,,,,,,,,,,,,,,,,,,,,,,,,,,,
"Isolate","Andoke","Landaburu, Jon.  1979. La Langue des Andoke. -- Entered by Kelsey Neely",,"uipúkə̃",,,,,,,,"toe-",,,,,,,,,,,,"ɲeemi",,,,,,,,,,,,,,,,,,,,,,,,,,,,,,,,,,,,,,,,,,,,,,,,,,,,,,,,,,,,,,,,,,,,,,,,,,,,,,,,,
"Guahiban","Guayabero","Huber, R.; Reed, R. 1992. Comparative vocaulary: selected words in indigenous languages of Colombia. Instituto Linguistico de Verano. AP","búja","ɸumói-t","ɸadói-t","sáxa",,,,,,,,,,,,,,"báenal",,,"baóin",,,,,,,,,,,,,,,,,,,,,,,,,,,,,,,,,,,,,,,,,,,,,,,,,,,,,,,,,,,,,,,,,,,,,,,,,,,,,,,,,,
"Guahiban","Macaguan","Buenaventura V., Edgar 1993. Observaciones preliminares acerca del idioma macaguán: apuntes culturales, fonología, apuntes gramaticales, vocabulario macaguán-español. Bogotá: ILV. AP","kupálien, orék","chirpú","pitsá-ne","mawán",,,,"wachít",,,"wétap, wétbi-","mábʉrat",,,"arpát","kaníbʉrat",,"matsúka","wʉp",,,"petmetá",,,,,"chirʉ́in, chirʉ́n",,,,,,,,,,,,,,,,,,,,,,,,,,,,,,,,,,,,,,,,,,,,,,,,,,,,,,,,,,,,,,,,,,,,,,,,,,,,
"Guahiban","Macaguan","Buenaventura V., Edgar 1993. Observaciones preliminares acerca del idioma macaguán: apuntes culturales, fonología, apuntes gramaticales, vocabulario macaguán-español. Bogotá: ILV. AP","kupálien, oɾék","tʃiɾpú","pitsá-ne","mawán",,,,"watʃít",,,"wétap, wétbi-","mábɨɾat",,,"aɾpát","kaníbɨɾat",,"matsúka","wɨp",,,"petmetá",,,,,"tʃiɾɨ́in, tʃiɾɨ́n",,,,,,,,,,,,,,,,,,,,,,,,,,,,,,,,,,,,,,,,,,,,,,,,,,,,,,,,,,,,,,,,,,,,,,,,,,,,
"Isolate","Huaorani","Bettie Gonzales, Summer Institute of Linguistics 1959",,,,,,,,,,,"õõ-kæ-te (hunting with a blow gun)",,,,,,,"kǽl (manioc dough) ",,,"tapa  tæ̃nõ (v.) ???",,,,,"ǫ́ǫ́mæ̨ (blowgun dart poison)",,,,,,,,,,,,,,,,,,,,,,,,,,,,,,,,,,,,,,,,,,,,,,,,,,,,,,,,,,,,,,,,,,,,,,,,,,,,,
